Season,Season_End,Date,Away_Team,Away_PTS,Home_Team,Home_PTS,Home_Win,Home_W_PCT,Home_SRS,Home_ORtg,Home_DRtg,Home_NRtg,Home_Pace,Away_W_PCT,Away_SRS,Away_ORtg,Away_DRtg,Away_NRtg,Away_Pace,W_PCT_Diff,SRS_Diff,ORtg_Diff,DRtg_Diff,NRtg_Diff,Pace_Diff
1985-86,1986,1986-04-17,Chicago Bulls,104,Boston Celtics,123,1,0.8170731707317073,9.06,111.8,102.6,9.2,101.2,0.36585365853658536,-3.12,108.6,112.4,-3.8,99.7,0.4512195121951219,12.18,3.200000000000003,-9.800000000000011,13.0,1.5
1985-86,1986,1986-04-17,Detroit Pistons,122,Atlanta Hawks,140,1,0.6097560975609756,2.59,107.9,105.6,2.3,100.0,0.5609756097560976,1.44,109.0,107.9,1.1,104.2,0.04878048780487798,1.15,-1.0999999999999943,-2.3000000000000114,1.1999999999999997,-4.200000000000003
1985-86,1986,1986-04-17,San Antonio Spurs,88,Los Angeles Lakers,135,1,0.7560975609756098,6.84,113.3,105.8,7.5,102.7,0.4268292682926829,-2.06,106.5,108.2,-1.7,103.8,0.32926829268292684,8.9,6.799999999999997,-2.4000000000000057,9.2,-1.0999999999999943
1985-86,1986,1986-04-17,Sacramento Kings,87,Houston Rockets,107,1,0.6219512195121951,2.1,110.1,107.6,2.5,103.5,0.45121951219512196,-3.19,106.2,109.2,-3.0,102.0,0.17073170731707316,5.29,3.8999999999999915,-1.6000000000000085,5.5,1.5
1985-86,1986,1986-04-18,Utah Jazz,93,Dallas Mavericks,101,1,0.5365853658536586,0.7,112.1,111.0,1.1,102.2,0.5121951219512195,-0.67,104.2,104.6,-0.4,103.3,0.024390243902439046,1.37,7.8999999999999915,6.400000000000006,1.5,-1.0999999999999943
1985-86,1986,1986-04-18,Portland Trail Blazers,126,Denver Nuggets,133,1,0.573170731707317,0.89,107.1,105.9,1.2,106.7,0.4878048780487805,0.61,109.2,108.2,1.0,104.5,0.08536585365853655,0.28,-2.1000000000000085,-2.299999999999997,0.19999999999999996,2.200000000000003
1985-86,1986,1986-04-18,New Jersey Nets,107,Milwaukee Bucks,119,1,0.6951219512195121,8.69,111.4,102.7,8.7,102.1,0.47560975609756095,-1.39,105.0,106.9,-1.9,103.3,0.2195121951219512,10.08,6.400000000000006,-4.200000000000003,10.6,-1.2000000000000028
1985-86,1986,1986-04-18,Washington Bullets,95,Philadelphia 76ers,94,0,0.6585365853658537,2.46,108.6,106.3,2.3,100.5,0.47560975609756095,-1.28,103.0,104.8,-1.8,99.1,0.18292682926829273,3.74,5.599999999999994,1.5,4.1,1.4000000000000057
1985-86,1986,1986-04-19,Detroit Pistons,125,Atlanta Hawks,137,1,0.6097560975609756,2.59,107.9,105.6,2.3,100.0,0.5609756097560976,1.44,109.0,107.9,1.1,104.2,0.04878048780487798,1.15,-1.0999999999999943,-2.3000000000000114,1.1999999999999997,-4.200000000000003
1985-86,1986,1986-04-19,Sacramento Kings,103,Houston Rockets,111,1,0.6219512195121951,2.1,110.1,107.6,2.5,103.5,0.45121951219512196,-3.19,106.2,109.2,-3.0,102.0,0.17073170731707316,5.29,3.8999999999999915,-1.6000000000000085,5.5,1.5
1985-86,1986,1986-04-19,San Antonio Spurs,94,Los Angeles Lakers,122,1,0.7560975609756098,6.84,113.3,105.8,7.5,102.7,0.4268292682926829,-2.06,106.5,108.2,-1.7,103.8,0.32926829268292684,8.9,6.799999999999997,-2.4000000000000057,9.2,-1.0999999999999943
1985-86,1986,1986-04-20,Utah Jazz,106,Dallas Mavericks,113,1,0.5365853658536586,0.7,112.1,111.0,1.1,102.2,0.5121951219512195,-0.67,104.2,104.6,-0.4,103.3,0.024390243902439046,1.37,7.8999999999999915,6.400000000000006,1.5,-1.0999999999999943
1985-86,1986,1986-04-20,Washington Bullets,97,Philadelphia 76ers,102,1,0.6585365853658537,2.46,108.6,106.3,2.3,100.5,0.47560975609756095,-1.28,103.0,104.8,-1.8,99.1,0.18292682926829273,3.74,5.599999999999994,1.5,4.1,1.4000000000000057
1985-86,1986,1986-04-20,New Jersey Nets,97,Milwaukee Bucks,111,1,0.6951219512195121,8.69,111.4,102.7,8.7,102.1,0.47560975609756095,-1.39,105.0,106.9,-1.9,103.3,0.2195121951219512,10.08,6.400000000000006,-4.200000000000003,10.6,-1.2000000000000028
1985-86,1986,1986-04-20,Portland Trail Blazers,108,Denver Nuggets,106,0,0.573170731707317,0.89,107.1,105.9,1.2,106.7,0.4878048780487805,0.61,109.2,108.2,1.0,104.5,0.08536585365853655,0.28,-2.1000000000000085,-2.299999999999997,0.19999999999999996,2.200000000000003
1985-86,1986,1986-04-20,Chicago Bulls,131,Boston Celtics,135,1,0.8170731707317073,9.06,111.8,102.6,9.2,101.2,0.36585365853658536,-3.12,108.6,112.4,-3.8,99.7,0.4512195121951219,12.18,3.200000000000003,-9.800000000000011,13.0,1.5
1985-86,1986,1986-04-22,Boston Celtics,122,Chicago Bulls,104,0,0.36585365853658536,-3.12,108.6,112.4,-3.8,99.7,0.8170731707317073,9.06,111.8,102.6,9.2,101.2,-0.4512195121951219,-12.18,-3.200000000000003,9.800000000000011,-13.0,-1.5
1985-86,1986,1986-04-22,Atlanta Hawks,97,Detroit Pistons,106,1,0.5609756097560976,1.44,109.0,107.9,1.1,104.2,0.6097560975609756,2.59,107.9,105.6,2.3,100.0,-0.04878048780487798,-1.15,1.0999999999999943,2.3000000000000114,-1.1999999999999997,4.200000000000003
1985-86,1986,1986-04-22,Denver Nuggets,115,Portland Trail Blazers,104,0,0.4878048780487805,0.61,109.2,108.2,1.0,104.5,0.573170731707317,0.89,107.1,105.9,1.2,106.7,-0.08536585365853655,-0.28,2.1000000000000085,2.299999999999997,-0.19999999999999996,-2.200000000000003
1985-86,1986,1986-04-22,Houston Rockets,113,Sacramento Kings,98,0,0.45121951219512196,-3.19,106.2,109.2,-3.0,102.0,0.6219512195121951,2.1,110.1,107.6,2.5,103.5,-0.17073170731707316,-5.29,-3.8999999999999915,1.6000000000000085,-5.5,-1.5
1985-86,1986,1986-04-22,Philadelphia 76ers,91,Washington Bullets,86,0,0.47560975609756095,-1.28,103.0,104.8,-1.8,99.1,0.6585365853658537,2.46,108.6,106.3,2.3,100.5,-0.18292682926829273,-3.74,-5.599999999999994,-1.5,-4.1,-1.4000000000000057
1985-86,1986,1986-04-22,Milwaukee Bucks,118,New Jersey Nets,113,0,0.47560975609756095,-1.39,105.0,106.9,-1.9,103.3,0.6951219512195121,8.69,111.4,102.7,8.7,102.1,-0.2195121951219512,-10.08,-6.400000000000006,4.200000000000003,-10.6,1.2000000000000028
1985-86,1986,1986-04-23,Los Angeles Lakers,114,San Antonio Spurs,94,0,0.4268292682926829,-2.06,106.5,108.2,-1.7,103.8,0.7560975609756098,6.84,113.3,105.8,7.5,102.7,-0.32926829268292684,-8.9,-6.799999999999997,2.4000000000000057,-9.2,1.0999999999999943
1985-86,1986,1986-04-23,Dallas Mavericks,98,Utah Jazz,100,1,0.5121951219512195,-0.67,104.2,104.6,-0.4,103.3,0.5365853658536586,0.7,112.1,111.0,1.1,102.2,-0.024390243902439046,-1.37,-7.8999999999999915,-6.400000000000006,-1.5,1.0999999999999943
1985-86,1986,1986-04-24,Denver Nuggets,116,Portland Trail Blazers,112,0,0.4878048780487805,0.61,109.2,108.2,1.0,104.5,0.573170731707317,0.89,107.1,105.9,1.2,106.7,-0.08536585365853655,-0.28,2.1000000000000085,2.299999999999997,-0.19999999999999996,-2.200000000000003
1985-86,1986,1986-04-24,Philadelphia 76ers,111,Washington Bullets,116,1,0.47560975609756095,-1.28,103.0,104.8,-1.8,99.1,0.6585365853658537,2.46,108.6,106.3,2.3,100.5,-0.18292682926829273,-3.74,-5.599999999999994,-1.5,-4.1,-1.4000000000000057
1985-86,1986,1986-04-25,Atlanta Hawks,114,Detroit Pistons,113,0,0.5609756097560976,1.44,109.0,107.9,1.1,104.2,0.6097560975609756,2.59,107.9,105.6,2.3,100.0,-0.04878048780487798,-1.15,1.0999999999999943,2.3000000000000114,-1.1999999999999997,4.200000000000003
1985-86,1986,1986-04-25,Dallas Mavericks,117,Utah Jazz,113,0,0.5121951219512195,-0.67,104.2,104.6,-0.4,103.3,0.5365853658536586,0.7,112.1,111.0,1.1,102.2,-0.024390243902439046,-1.37,-7.8999999999999915,-6.400000000000006,-1.5,1.0999999999999943
1985-86,1986,1986-04-26,Denver Nuggets,119,Houston Rockets,126,1,0.6219512195121951,2.1,110.1,107.6,2.5,103.5,0.573170731707317,0.89,107.1,105.9,1.2,106.7,0.04878048780487809,1.21,3.0,1.6999999999999886,1.3,-3.200000000000003
1985-86,1986,1986-04-27,Atlanta Hawks,91,Boston Celtics,103,1,0.8170731707317073,9.06,111.8,102.6,9.2,101.2,0.6097560975609756,2.59,107.9,105.6,2.3,100.0,0.20731707317073167,6.470000000000001,3.8999999999999915,-3.0,6.8999999999999995,1.2000000000000028
1985-86,1986,1986-04-27,Dallas Mavericks,116,Los Angeles Lakers,130,1,0.7560975609756098,6.84,113.3,105.8,7.5,102.7,0.5365853658536586,0.7,112.1,111.0,1.1,102.2,0.2195121951219512,6.14,1.2000000000000028,-5.200000000000003,6.4,0.5
1985-86,1986,1986-04-27,Washington Bullets,109,Philadelphia 76ers,134,1,0.6585365853658537,2.46,108.6,106.3,2.3,100.5,0.47560975609756095,-1.28,103.0,104.8,-1.8,99.1,0.18292682926829273,3.74,5.599999999999994,1.5,4.1,1.4000000000000057
1985-86,1986,1986-04-29,Philadelphia 76ers,118,Milwaukee Bucks,112,0,0.6951219512195121,8.69,111.4,102.7,8.7,102.1,0.6585365853658537,2.46,108.6,106.3,2.3,100.5,0.03658536585365846,6.2299999999999995,2.8000000000000114,-3.5999999999999943,6.3999999999999995,1.5999999999999943
1985-86,1986,1986-04-29,Atlanta Hawks,108,Boston Celtics,119,1,0.8170731707317073,9.06,111.8,102.6,9.2,101.2,0.6097560975609756,2.59,107.9,105.6,2.3,100.0,0.20731707317073167,6.470000000000001,3.8999999999999915,-3.0,6.8999999999999995,1.2000000000000028
1985-86,1986,1986-04-29,Denver Nuggets,101,Houston Rockets,119,1,0.6219512195121951,2.1,110.1,107.6,2.5,103.5,0.573170731707317,0.89,107.1,105.9,1.2,106.7,0.04878048780487809,1.21,3.0,1.6999999999999886,1.3,-3.200000000000003
1985-86,1986,1986-04-30,Dallas Mavericks,113,Los Angeles Lakers,117,1,0.7560975609756098,6.84,113.3,105.8,7.5,102.7,0.5365853658536586,0.7,112.1,111.0,1.1,102.2,0.2195121951219512,6.14,1.2000000000000028,-5.200000000000003,6.4,0.5
1985-86,1986,1986-05-01,Philadelphia 76ers,107,Milwaukee Bucks,119,1,0.6951219512195121,8.69,111.4,102.7,8.7,102.1,0.6585365853658537,2.46,108.6,106.3,2.3,100.5,0.03658536585365846,6.2299999999999995,2.8000000000000114,-3.5999999999999943,6.3999999999999995,1.5999999999999943
1985-86,1986,1986-05-02,Boston Celtics,111,Atlanta Hawks,107,0,0.6097560975609756,2.59,107.9,105.6,2.3,100.0,0.8170731707317073,9.06,111.8,102.6,9.2,101.2,-0.20731707317073167,-6.470000000000001,-3.8999999999999915,3.0,-6.8999999999999995,-1.2000000000000028
1985-86,1986,1986-05-02,Los Angeles Lakers,108,Dallas Mavericks,110,1,0.5365853658536586,0.7,112.1,111.0,1.1,102.2,0.7560975609756098,6.84,113.3,105.8,7.5,102.7,-0.2195121951219512,-6.14,-1.2000000000000028,5.200000000000003,-6.4,-0.5
1985-86,1986,1986-05-02,Houston Rockets,115,Denver Nuggets,116,1,0.573170731707317,0.89,107.1,105.9,1.2,106.7,0.6219512195121951,2.1,110.1,107.6,2.5,103.5,-0.04878048780487809,-1.21,-3.0,-1.6999999999999886,-1.3,3.200000000000003
1985-86,1986,1986-05-03,Milwaukee Bucks,103,Philadelphia 76ers,107,1,0.6585365853658537,2.46,108.6,106.3,2.3,100.5,0.6951219512195121,8.69,111.4,102.7,8.7,102.1,-0.03658536585365846,-6.2299999999999995,-2.8000000000000114,3.5999999999999943,-6.3999999999999995,-1.5999999999999943
1985-86,1986,1986-05-04,Boston Celtics,94,Atlanta Hawks,106,1,0.6097560975609756,2.59,107.9,105.6,2.3,100.0,0.8170731707317073,9.06,111.8,102.6,9.2,101.2,-0.20731707317073167,-6.470000000000001,-3.8999999999999915,3.0,-6.8999999999999995,-1.2000000000000028
1985-86,1986,1986-05-04,Los Angeles Lakers,118,Dallas Mavericks,120,1,0.5365853658536586,0.7,112.1,111.0,1.1,102.2,0.7560975609756098,6.84,113.3,105.8,7.5,102.7,-0.2195121951219512,-6.14,-1.2000000000000028,5.200000000000003,-6.4,-0.5
1985-86,1986,1986-05-04,Houston Rockets,111,Denver Nuggets,114,1,0.573170731707317,0.89,107.1,105.9,1.2,106.7,0.6219512195121951,2.1,110.1,107.6,2.5,103.5,-0.04878048780487809,-1.21,-3.0,-1.6999999999999886,-1.3,3.200000000000003
1985-86,1986,1986-05-05,Milwaukee Bucks,109,Philadelphia 76ers,104,0,0.6585365853658537,2.46,108.6,106.3,2.3,100.5,0.6951219512195121,8.69,111.4,102.7,8.7,102.1,-0.03658536585365846,-6.2299999999999995,-2.8000000000000114,3.5999999999999943,-6.3999999999999995,-1.5999999999999943
1985-86,1986,1986-05-06,Atlanta Hawks,99,Boston Celtics,132,1,0.8170731707317073,9.06,111.8,102.6,9.2,101.2,0.6097560975609756,2.59,107.9,105.6,2.3,100.0,0.20731707317073167,6.470000000000001,3.8999999999999915,-3.0,6.8999999999999995,1.2000000000000028
1985-86,1986,1986-05-06,Denver Nuggets,103,Houston Rockets,131,1,0.6219512195121951,2.1,110.1,107.6,2.5,103.5,0.573170731707317,0.89,107.1,105.9,1.2,106.7,0.04878048780487809,1.21,3.0,1.6999999999999886,1.3,-3.200000000000003
1985-86,1986,1986-05-06,Dallas Mavericks,113,Los Angeles Lakers,116,1,0.7560975609756098,6.84,113.3,105.8,7.5,102.7,0.5365853658536586,0.7,112.1,111.0,1.1,102.2,0.2195121951219512,6.14,1.2000000000000028,-5.200000000000003,6.4,0.5
1985-86,1986,1986-05-07,Philadelphia 76ers,108,Milwaukee Bucks,113,1,0.6951219512195121,8.69,111.4,102.7,8.7,102.1,0.6585365853658537,2.46,108.6,106.3,2.3,100.5,0.03658536585365846,6.2299999999999995,2.8000000000000114,-3.5999999999999943,6.3999999999999995,1.5999999999999943
1985-86,1986,1986-05-08,Houston Rockets,126,Denver Nuggets,122,0,0.573170731707317,0.89,107.1,105.9,1.2,106.7,0.6219512195121951,2.1,110.1,107.6,2.5,103.5,-0.04878048780487809,-1.21,-3.0,-1.6999999999999886,-1.3,3.200000000000003
1985-86,1986,1986-05-08,Los Angeles Lakers,120,Dallas Mavericks,107,0,0.5365853658536586,0.7,112.1,111.0,1.1,102.2,0.7560975609756098,6.84,113.3,105.8,7.5,102.7,-0.2195121951219512,-6.14,-1.2000000000000028,5.200000000000003,-6.4,-0.5
1985-86,1986,1986-05-09,Milwaukee Bucks,108,Philadelphia 76ers,126,1,0.6585365853658537,2.46,108.6,106.3,2.3,100.5,0.6951219512195121,8.69,111.4,102.7,8.7,102.1,-0.03658536585365846,-6.2299999999999995,-2.8000000000000114,3.5999999999999943,-6.3999999999999995,-1.5999999999999943
1985-86,1986,1986-05-10,Houston Rockets,107,Los Angeles Lakers,119,1,0.7560975609756098,6.84,113.3,105.8,7.5,102.7,0.6219512195121951,2.1,110.1,107.6,2.5,103.5,0.13414634146341464,4.74,3.200000000000003,-1.7999999999999972,5.0,-0.7999999999999972
1985-86,1986,1986-05-11,Philadelphia 76ers,112,Milwaukee Bucks,113,1,0.6951219512195121,8.69,111.4,102.7,8.7,102.1,0.6585365853658537,2.46,108.6,106.3,2.3,100.5,0.03658536585365846,6.2299999999999995,2.8000000000000114,-3.5999999999999943,6.3999999999999995,1.5999999999999943
1985-86,1986,1986-05-13,Milwaukee Bucks,96,Boston Celtics,128,1,0.8170731707317073,9.06,111.8,102.6,9.2,101.2,0.6951219512195121,8.69,111.4,102.7,8.7,102.1,0.12195121951219512,0.370000000000001,0.3999999999999915,-0.10000000000000853,0.5,-0.8999999999999915
1985-86,1986,1986-05-13,Houston Rockets,112,Los Angeles Lakers,102,0,0.7560975609756098,6.84,113.3,105.8,7.5,102.7,0.6219512195121951,2.1,110.1,107.6,2.5,103.5,0.13414634146341464,4.74,3.200000000000003,-1.7999999999999972,5.0,-0.7999999999999972
1985-86,1986,1986-05-15,Milwaukee Bucks,111,Boston Celtics,122,1,0.8170731707317073,9.06,111.8,102.6,9.2,101.2,0.6951219512195121,8.69,111.4,102.7,8.7,102.1,0.12195121951219512,0.370000000000001,0.3999999999999915,-0.10000000000000853,0.5,-0.8999999999999915
1985-86,1986,1986-05-16,Los Angeles Lakers,109,Houston Rockets,117,1,0.6219512195121951,2.1,110.1,107.6,2.5,103.5,0.7560975609756098,6.84,113.3,105.8,7.5,102.7,-0.13414634146341464,-4.74,-3.200000000000003,1.7999999999999972,-5.0,0.7999999999999972
1985-86,1986,1986-05-17,Boston Celtics,111,Milwaukee Bucks,107,0,0.6951219512195121,8.69,111.4,102.7,8.7,102.1,0.8170731707317073,9.06,111.8,102.6,9.2,101.2,-0.12195121951219512,-0.370000000000001,-0.3999999999999915,0.10000000000000853,-0.5,0.8999999999999915
1985-86,1986,1986-05-18,Los Angeles Lakers,95,Houston Rockets,105,1,0.6219512195121951,2.1,110.1,107.6,2.5,103.5,0.7560975609756098,6.84,113.3,105.8,7.5,102.7,-0.13414634146341464,-4.74,-3.200000000000003,1.7999999999999972,-5.0,0.7999999999999972
1985-86,1986,1986-05-18,Boston Celtics,111,Milwaukee Bucks,98,0,0.6951219512195121,8.69,111.4,102.7,8.7,102.1,0.8170731707317073,9.06,111.8,102.6,9.2,101.2,-0.12195121951219512,-0.370000000000001,-0.3999999999999915,0.10000000000000853,-0.5,0.8999999999999915
1985-86,1986,1986-05-21,Houston Rockets,114,Los Angeles Lakers,112,0,0.7560975609756098,6.84,113.3,105.8,7.5,102.7,0.6219512195121951,2.1,110.1,107.6,2.5,103.5,0.13414634146341464,4.74,3.200000000000003,-1.7999999999999972,5.0,-0.7999999999999972
1985-86,1986,1986-05-26,Houston Rockets,100,Boston Celtics,112,1,0.8170731707317073,9.06,111.8,102.6,9.2,101.2,0.6219512195121951,2.1,110.1,107.6,2.5,103.5,0.19512195121951215,6.960000000000001,1.7000000000000028,-5.0,6.699999999999999,-2.299999999999997
1985-86,1986,1986-05-29,Houston Rockets,95,Boston Celtics,117,1,0.8170731707317073,9.06,111.8,102.6,9.2,101.2,0.6219512195121951,2.1,110.1,107.6,2.5,103.5,0.19512195121951215,6.960000000000001,1.7000000000000028,-5.0,6.699999999999999,-2.299999999999997
1985-86,1986,1986-06-01,Boston Celtics,104,Houston Rockets,106,1,0.6219512195121951,2.1,110.1,107.6,2.5,103.5,0.8170731707317073,9.06,111.8,102.6,9.2,101.2,-0.19512195121951215,-6.960000000000001,-1.7000000000000028,5.0,-6.699999999999999,2.299999999999997
1985-86,1986,1986-06-03,Boston Celtics,106,Houston Rockets,103,0,0.6219512195121951,2.1,110.1,107.6,2.5,103.5,0.8170731707317073,9.06,111.8,102.6,9.2,101.2,-0.19512195121951215,-6.960000000000001,-1.7000000000000028,5.0,-6.699999999999999,2.299999999999997
1985-86,1986,1986-06-05,Boston Celtics,96,Houston Rockets,111,1,0.6219512195121951,2.1,110.1,107.6,2.5,103.5,0.8170731707317073,9.06,111.8,102.6,9.2,101.2,-0.19512195121951215,-6.960000000000001,-1.7000000000000028,5.0,-6.699999999999999,2.299999999999997
1985-86,1986,1986-06-08,Houston Rockets,97,Boston Celtics,114,1,0.8170731707317073,9.06,111.8,102.6,9.2,101.2,0.6219512195121951,2.1,110.1,107.6,2.5,103.5,0.19512195121951215,6.960000000000001,1.7000000000000028,-5.0,6.699999999999999,-2.299999999999997
1986-87,1987,1987-04-23,Seattle SuperSonics,129,Dallas Mavericks,151,1,0.6707317073170732,5.54,114.9,108.7,6.2,100.5,0.47560975609756095,0.08,110.7,110.3,0.4,101.8,0.19512195121951226,5.46,4.200000000000003,-1.5999999999999943,5.8,-1.2999999999999972
1986-87,1987,1987-04-23,Chicago Bulls,104,Boston Celtics,108,1,0.7195121951219512,6.57,113.5,106.8,6.7,98.6,0.4878048780487805,1.26,108.6,107.6,1.0,95.8,0.23170731707317072,5.3100000000000005,4.900000000000006,-0.7999999999999972,5.7,2.799999999999997
1986-87,1987,1987-04-23,Golden State Warriors,85,Utah Jazz,99,1,0.5365853658536586,0.04,104.1,103.7,0.4,103.2,0.5121951219512195,-2.54,108.9,111.2,-2.3,101.7,0.024390243902439046,2.58,-4.800000000000011,-7.5,2.6999999999999997,1.5
1986-87,1987,1987-04-23,Denver Nuggets,95,Los Angeles Lakers,128,1,0.7926829268292683,8.32,115.6,106.5,9.1,101.6,0.45121951219512196,-1.14,109.3,110.2,-0.9,106.2,0.34146341463414637,9.46,6.299999999999997,-3.700000000000003,10.0,-4.6000000000000085
1986-87,1987,1987-04-24,Indiana Pacers,94,Atlanta Hawks,110,1,0.6951219512195121,7.18,112.6,105.2,7.4,97.4,0.5,-0.17,106.0,106.6,-0.6,98.8,0.19512195121951215,7.35,6.599999999999994,-1.3999999999999915,8.0,-1.3999999999999915
1986-87,1987,1987-04-24,Washington Bullets,92,Detroit Pistons,106,1,0.6341463414634146,3.51,109.2,105.8,3.4,101.0,0.5121951219512195,-1.02,105.7,107.0,-1.3,100.2,0.12195121951219512,4.529999999999999,3.5,-1.2000000000000028,4.7,0.7999999999999972
1986-87,1987,1987-04-24,Philadelphia 76ers,104,Milwaukee Bucks,107,1,0.6097560975609756,4.04,109.5,105.6,3.9,100.3,0.5487804878048781,0.11,108.3,108.5,-0.2,97.3,0.060975609756097504,3.93,1.2000000000000028,-2.9000000000000057,4.1,3.0
1986-87,1987,1987-04-24,Houston Rockets,125,Portland Trail Blazers,115,0,0.5975609756097561,2.57,111.5,108.6,2.9,105.0,0.5121951219512195,0.6,106.5,105.5,1.0,99.9,0.08536585365853655,1.9699999999999998,5.0,3.0999999999999943,1.9,5.099999999999994
1986-87,1987,1987-04-25,Seattle SuperSonics,112,Dallas Mavericks,110,0,0.6707317073170732,5.54,114.9,108.7,6.2,100.5,0.47560975609756095,0.08,110.7,110.3,0.4,101.8,0.19512195121951226,5.46,4.200000000000003,-1.5999999999999943,5.8,-1.2999999999999972
1986-87,1987,1987-04-25,Denver Nuggets,127,Los Angeles Lakers,139,1,0.7926829268292683,8.32,115.6,106.5,9.1,101.6,0.45121951219512196,-1.14,109.3,110.2,-0.9,106.2,0.34146341463414637,9.46,6.299999999999997,-3.700000000000003,10.0,-4.6000000000000085
1986-87,1987,1987-04-25,Golden State Warriors,100,Utah Jazz,103,1,0.5365853658536586,0.04,104.1,103.7,0.4,103.2,0.5121951219512195,-2.54,108.9,111.2,-2.3,101.7,0.024390243902439046,2.58,-4.800000000000011,-7.5,2.6999999999999997,1.5
1986-87,1987,1987-04-26,Chicago Bulls,96,Boston Celtics,105,1,0.7195121951219512,6.57,113.5,106.8,6.7,98.6,0.4878048780487805,1.26,108.6,107.6,1.0,95.8,0.23170731707317072,5.3100000000000005,4.900000000000006,-0.7999999999999972,5.7,2.799999999999997
1986-87,1987,1987-04-26,Houston Rockets,98,Portland Trail Blazers,111,1,0.5975609756097561,2.57,111.5,108.6,2.9,105.0,0.5121951219512195,0.6,106.5,105.5,1.0,99.9,0.08536585365853655,1.9699999999999998,5.0,3.0999999999999943,1.9,5.099999999999994
1986-87,1987,1987-04-26,Philadelphia 76ers,125,Milwaukee Bucks,122,0,0.6097560975609756,4.04,109.5,105.6,3.9,100.3,0.5487804878048781,0.11,108.3,108.5,-0.2,97.3,0.060975609756097504,3.93,1.2000000000000028,-2.9000000000000057,4.1,3.0
1986-87,1987,1987-04-26,Washington Bullets,85,Detroit Pistons,128,1,0.6341463414634146,3.51,109.2,105.8,3.4,101.0,0.5121951219512195,-1.02,105.7,107.0,-1.3,100.2,0.12195121951219512,4.529999999999999,3.5,-1.2000000000000028,4.7,0.7999999999999972
1986-87,1987,1987-04-26,Indiana Pacers,93,Atlanta Hawks,94,1,0.6951219512195121,7.18,112.6,105.2,7.4,97.4,0.5,-0.17,106.0,106.6,-0.6,98.8,0.19512195121951215,7.35,6.599999999999994,-1.3999999999999915,8.0,-1.3999999999999915
1986-87,1987,1987-04-28,Boston Celtics,105,Chicago Bulls,94,0,0.4878048780487805,1.26,108.6,107.6,1.0,95.8,0.7195121951219512,6.57,113.5,106.8,6.7,98.6,-0.23170731707317072,-5.3100000000000005,-4.900000000000006,0.7999999999999972,-5.7,-2.799999999999997
1986-87,1987,1987-04-28,Portland Trail Blazers,108,Houston Rockets,117,1,0.5121951219512195,0.6,106.5,105.5,1.0,99.9,0.5975609756097561,2.57,111.5,108.6,2.9,105.0,-0.08536585365853655,-1.9699999999999998,-5.0,-3.0999999999999943,-1.9,-5.099999999999994
1986-87,1987,1987-04-28,Dallas Mavericks,107,Seattle SuperSonics,117,1,0.47560975609756095,0.08,110.7,110.3,0.4,101.8,0.6707317073170732,5.54,114.9,108.7,6.2,100.5,-0.19512195121951226,-5.46,-4.200000000000003,1.5999999999999943,-5.8,1.2999999999999972
1986-87,1987,1987-04-29,Los Angeles Lakers,140,Denver Nuggets,103,0,0.45121951219512196,-1.14,109.3,110.2,-0.9,106.2,0.7926829268292683,8.32,115.6,106.5,9.1,101.6,-0.34146341463414637,-9.46,-6.299999999999997,3.700000000000003,-10.0,4.6000000000000085
1986-87,1987,1987-04-29,Detroit Pistons,97,Washington Bullets,96,0,0.5121951219512195,-1.02,105.7,107.0,-1.3,100.2,0.6341463414634146,3.51,109.2,105.8,3.4,101.0,-0.12195121951219512,-4.529999999999999,-3.5,1.2000000000000028,-4.7,-0.7999999999999972
1986-87,1987,1987-04-29,Milwaukee Bucks,121,Philadelphia 76ers,120,0,0.5487804878048781,0.11,108.3,108.5,-0.2,97.3,0.6097560975609756,4.04,109.5,105.6,3.9,100.3,-0.060975609756097504,-3.93,-1.2000000000000028,2.9000000000000057,-4.1,-3.0
1986-87,1987,1987-04-29,Atlanta Hawks,87,Indiana Pacers,96,1,0.5,-0.17,106.0,106.6,-0.6,98.8,0.6951219512195121,7.18,112.6,105.2,7.4,97.4,-0.19512195121951215,-7.35,-6.599999999999994,1.3999999999999915,-8.0,1.3999999999999915
1986-87,1987,1987-04-29,Utah Jazz,95,Golden State Warriors,110,1,0.5121951219512195,-2.54,108.9,111.2,-2.3,101.7,0.5365853658536586,0.04,104.1,103.7,0.4,103.2,-0.024390243902439046,-2.58,4.800000000000011,7.5,-2.6999999999999997,-1.5
1986-87,1987,1987-04-30,Portland Trail Blazers,101,Houston Rockets,113,1,0.5121951219512195,0.6,106.5,105.5,1.0,99.9,0.5975609756097561,2.57,111.5,108.6,2.9,105.0,-0.08536585365853655,-1.9699999999999998,-5.0,-3.0999999999999943,-1.9,-5.099999999999994
1986-87,1987,1987-04-30,Dallas Mavericks,98,Seattle SuperSonics,124,1,0.47560975609756095,0.08,110.7,110.3,0.4,101.8,0.6707317073170732,5.54,114.9,108.7,6.2,100.5,-0.19512195121951226,-5.46,-4.200000000000003,1.5999999999999943,-5.8,1.2999999999999972
1986-87,1987,1987-05-01,Utah Jazz,94,Golden State Warriors,98,1,0.5121951219512195,-2.54,108.9,111.2,-2.3,101.7,0.5365853658536586,0.04,104.1,103.7,0.4,103.2,-0.024390243902439046,-2.58,4.800000000000011,7.5,-2.6999999999999997,-1.5
1986-87,1987,1987-05-01,Atlanta Hawks,101,Indiana Pacers,97,0,0.5,-0.17,106.0,106.6,-0.6,98.8,0.6951219512195121,7.18,112.6,105.2,7.4,97.4,-0.19512195121951215,-7.35,-6.599999999999994,1.3999999999999915,-8.0,1.3999999999999915
1986-87,1987,1987-05-01,Milwaukee Bucks,118,Philadelphia 76ers,124,1,0.5487804878048781,0.11,108.3,108.5,-0.2,97.3,0.6097560975609756,4.04,109.5,105.6,3.9,100.3,-0.060975609756097504,-3.93,-1.2000000000000028,2.9000000000000057,-4.1,-3.0
1986-87,1987,1987-05-02,Seattle SuperSonics,111,Houston Rockets,106,0,0.5121951219512195,0.6,106.5,105.5,1.0,99.9,0.47560975609756095,0.08,110.7,110.3,0.4,101.8,0.03658536585365857,0.52,-4.200000000000003,-4.799999999999997,0.6,-1.8999999999999915
1986-87,1987,1987-05-03,Detroit Pistons,112,Atlanta Hawks,111,0,0.6951219512195121,7.18,112.6,105.2,7.4,97.4,0.6341463414634146,3.51,109.2,105.8,3.4,101.0,0.060975609756097504,3.67,3.3999999999999915,-0.5999999999999943,4.0,-3.5999999999999943
1986-87,1987,1987-05-03,Philadelphia 76ers,89,Milwaukee Bucks,102,1,0.6097560975609756,4.04,109.5,105.6,3.9,100.3,0.5487804878048781,0.11,108.3,108.5,-0.2,97.3,0.060975609756097504,3.93,1.2000000000000028,-2.9000000000000057,4.1,3.0
1986-87,1987,1987-05-03,Golden State Warriors,118,Utah Jazz,113,0,0.5365853658536586,0.04,104.1,103.7,0.4,103.2,0.5121951219512195,-2.54,108.9,111.2,-2.3,101.7,0.024390243902439046,2.58,-4.800000000000011,-7.5,2.6999999999999997,1.5
1986-87,1987,1987-05-05,Golden State Warriors,116,Los Angeles Lakers,125,1,0.7926829268292683,8.32,115.6,106.5,9.1,101.6,0.5121951219512195,-2.54,108.9,111.2,-2.3,101.7,0.2804878048780488,10.86,6.699999999999989,-4.700000000000003,11.399999999999999,-0.10000000000000853
1986-87,1987,1987-05-05,Seattle SuperSonics,99,Houston Rockets,97,0,0.5121951219512195,0.6,106.5,105.5,1.0,99.9,0.47560975609756095,0.08,110.7,110.3,0.4,101.8,0.03658536585365857,0.52,-4.200000000000003,-4.799999999999997,0.6,-1.8999999999999915
1986-87,1987,1987-05-05,Detroit Pistons,102,Atlanta Hawks,115,1,0.6951219512195121,7.18,112.6,105.2,7.4,97.4,0.6341463414634146,3.51,109.2,105.8,3.4,101.0,0.060975609756097504,3.67,3.3999999999999915,-0.5999999999999943,4.0,-3.5999999999999943
1986-87,1987,1987-05-05,Milwaukee Bucks,98,Boston Celtics,111,1,0.7195121951219512,6.57,113.5,106.8,6.7,98.6,0.6097560975609756,4.04,109.5,105.6,3.9,100.3,0.1097560975609756,2.5300000000000002,4.0,1.2000000000000028,2.8000000000000003,-1.7000000000000028
1986-87,1987,1987-05-06,Milwaukee Bucks,124,Boston Celtics,126,1,0.7195121951219512,6.57,113.5,106.8,6.7,98.6,0.6097560975609756,4.04,109.5,105.6,3.9,100.3,0.1097560975609756,2.5300000000000002,4.0,1.2000000000000028,2.8000000000000003,-1.7000000000000028
1986-87,1987,1987-05-07,Golden State Warriors,101,Los Angeles Lakers,116,1,0.7926829268292683,8.32,115.6,106.5,9.1,101.6,0.5121951219512195,-2.54,108.9,111.2,-2.3,101.7,0.2804878048780488,10.86,6.699999999999989,-4.700000000000003,11.399999999999999,-0.10000000000000853
1986-87,1987,1987-05-07,Houston Rockets,102,Seattle SuperSonics,84,0,0.47560975609756095,0.08,110.7,110.3,0.4,101.8,0.5121951219512195,0.6,106.5,105.5,1.0,99.9,-0.03658536585365857,-0.52,4.200000000000003,4.799999999999997,-0.6,1.8999999999999915
1986-87,1987,1987-05-08,Atlanta Hawks,99,Detroit Pistons,108,1,0.6341463414634146,3.51,109.2,105.8,3.4,101.0,0.6951219512195121,7.18,112.6,105.2,7.4,97.4,-0.060975609756097504,-3.67,-3.3999999999999915,0.5999999999999943,-4.0,3.5999999999999943
1986-87,1987,1987-05-08,Boston Celtics,121,Milwaukee Bucks,126,1,0.6097560975609756,4.04,109.5,105.6,3.9,100.3,0.7195121951219512,6.57,113.5,106.8,6.7,98.6,-0.1097560975609756,-2.5300000000000002,-4.0,-1.2000000000000028,-2.8000000000000003,1.7000000000000028
1986-87,1987,1987-05-09,Los Angeles Lakers,133,Golden State Warriors,108,0,0.5121951219512195,-2.54,108.9,111.2,-2.3,101.7,0.7926829268292683,8.32,115.6,106.5,9.1,101.6,-0.2804878048780488,-10.86,-6.699999999999989,4.700000000000003,-11.399999999999999,0.10000000000000853
1986-87,1987,1987-05-09,Houston Rockets,102,Seattle SuperSonics,117,1,0.47560975609756095,0.08,110.7,110.3,0.4,101.8,0.5121951219512195,0.6,106.5,105.5,1.0,99.9,-0.03658536585365857,-0.52,4.200000000000003,4.799999999999997,-0.6,1.8999999999999915
1986-87,1987,1987-05-10,Los Angeles Lakers,121,Golden State Warriors,129,1,0.5121951219512195,-2.54,108.9,111.2,-2.3,101.7,0.7926829268292683,8.32,115.6,106.5,9.1,101.6,-0.2804878048780488,-10.86,-6.699999999999989,4.700000000000003,-11.399999999999999,0.10000000000000853
1986-87,1987,1987-05-10,Boston Celtics,138,Milwaukee Bucks,137,0,0.6097560975609756,4.04,109.5,105.6,3.9,100.3,0.7195121951219512,6.57,113.5,106.8,6.7,98.6,-0.1097560975609756,-2.5300000000000002,-4.0,-1.2000000000000028,-2.8000000000000003,1.7000000000000028
1986-87,1987,1987-05-10,Atlanta Hawks,88,Detroit Pistons,89,1,0.6341463414634146,3.51,109.2,105.8,3.4,101.0,0.6951219512195121,7.18,112.6,105.2,7.4,97.4,-0.060975609756097504,-3.67,-3.3999999999999915,0.5999999999999943,-4.0,3.5999999999999943
1986-87,1987,1987-05-12,Seattle SuperSonics,107,Houston Rockets,112,1,0.5121951219512195,0.6,106.5,105.5,1.0,99.9,0.47560975609756095,0.08,110.7,110.3,0.4,101.8,0.03658536585365857,0.52,-4.200000000000003,-4.799999999999997,0.6,-1.8999999999999915
1986-87,1987,1987-05-12,Golden State Warriors,106,Los Angeles Lakers,118,1,0.7926829268292683,8.32,115.6,106.5,9.1,101.6,0.5121951219512195,-2.54,108.9,111.2,-2.3,101.7,0.2804878048780488,10.86,6.699999999999989,-4.700000000000003,11.399999999999999,-0.10000000000000853
1986-87,1987,1987-05-13,Detroit Pistons,104,Atlanta Hawks,96,0,0.6951219512195121,7.18,112.6,105.2,7.4,97.4,0.6341463414634146,3.51,109.2,105.8,3.4,101.0,0.060975609756097504,3.67,3.3999999999999915,-0.5999999999999943,4.0,-3.5999999999999943
1986-87,1987,1987-05-13,Milwaukee Bucks,129,Boston Celtics,124,0,0.7195121951219512,6.57,113.5,106.8,6.7,98.6,0.6097560975609756,4.04,109.5,105.6,3.9,100.3,0.1097560975609756,2.5300000000000002,4.0,1.2000000000000028,2.8000000000000003,-1.7000000000000028
1986-87,1987,1987-05-14,Houston Rockets,125,Seattle SuperSonics,128,1,0.47560975609756095,0.08,110.7,110.3,0.4,101.8,0.5121951219512195,0.6,106.5,105.5,1.0,99.9,-0.03658536585365857,-0.52,4.200000000000003,4.799999999999997,-0.6,1.8999999999999915
1986-87,1987,1987-05-15,Boston Celtics,111,Milwaukee Bucks,121,1,0.6097560975609756,4.04,109.5,105.6,3.9,100.3,0.7195121951219512,6.57,113.5,106.8,6.7,98.6,-0.1097560975609756,-2.5300000000000002,-4.0,-1.2000000000000028,-2.8000000000000003,1.7000000000000028
1986-87,1987,1987-05-16,Seattle SuperSonics,87,Los Angeles Lakers,92,1,0.7926829268292683,8.32,115.6,106.5,9.1,101.6,0.47560975609756095,0.08,110.7,110.3,0.4,101.8,0.3170731707317074,8.24,4.8999999999999915,-3.799999999999997,8.7,-0.20000000000000284
1986-87,1987,1987-05-17,Milwaukee Bucks,113,Boston Celtics,119,1,0.7195121951219512,6.57,113.5,106.8,6.7,98.6,0.6097560975609756,4.04,109.5,105.6,3.9,100.3,0.1097560975609756,2.5300000000000002,4.0,1.2000000000000028,2.8000000000000003,-1.7000000000000028
1986-87,1987,1987-05-19,Detroit Pistons,91,Boston Celtics,104,1,0.7195121951219512,6.57,113.5,106.8,6.7,98.6,0.6341463414634146,3.51,109.2,105.8,3.4,101.0,0.08536585365853655,3.0600000000000005,4.299999999999997,1.0,3.3000000000000003,-2.4000000000000057
1986-87,1987,1987-05-19,Seattle SuperSonics,104,Los Angeles Lakers,112,1,0.7926829268292683,8.32,115.6,106.5,9.1,101.6,0.47560975609756095,0.08,110.7,110.3,0.4,101.8,0.3170731707317074,8.24,4.8999999999999915,-3.799999999999997,8.7,-0.20000000000000284
1986-87,1987,1987-05-21,Detroit Pistons,101,Boston Celtics,110,1,0.7195121951219512,6.57,113.5,106.8,6.7,98.6,0.6341463414634146,3.51,109.2,105.8,3.4,101.0,0.08536585365853655,3.0600000000000005,4.299999999999997,1.0,3.3000000000000003,-2.4000000000000057
1986-87,1987,1987-05-23,Boston Celtics,104,Detroit Pistons,122,1,0.6341463414634146,3.51,109.2,105.8,3.4,101.0,0.7195121951219512,6.57,113.5,106.8,6.7,98.6,-0.08536585365853655,-3.0600000000000005,-4.299999999999997,-1.0,-3.3000000000000003,2.4000000000000057
1986-87,1987,1987-05-23,Los Angeles Lakers,122,Seattle SuperSonics,121,0,0.47560975609756095,0.08,110.7,110.3,0.4,101.8,0.7926829268292683,8.32,115.6,106.5,9.1,101.6,-0.3170731707317074,-8.24,-4.8999999999999915,3.799999999999997,-8.7,0.20000000000000284
1986-87,1987,1987-05-24,Boston Celtics,119,Detroit Pistons,145,1,0.6341463414634146,3.51,109.2,105.8,3.4,101.0,0.7195121951219512,6.57,113.5,106.8,6.7,98.6,-0.08536585365853655,-3.0600000000000005,-4.299999999999997,-1.0,-3.3000000000000003,2.4000000000000057
1986-87,1987,1987-05-25,Los Angeles Lakers,133,Seattle SuperSonics,102,0,0.47560975609756095,0.08,110.7,110.3,0.4,101.8,0.7926829268292683,8.32,115.6,106.5,9.1,101.6,-0.3170731707317074,-8.24,-4.8999999999999915,3.799999999999997,-8.7,0.20000000000000284
1986-87,1987,1987-05-26,Detroit Pistons,107,Boston Celtics,108,1,0.7195121951219512,6.57,113.5,106.8,6.7,98.6,0.6341463414634146,3.51,109.2,105.8,3.4,101.0,0.08536585365853655,3.0600000000000005,4.299999999999997,1.0,3.3000000000000003,-2.4000000000000057
1986-87,1987,1987-05-28,Boston Celtics,105,Detroit Pistons,113,1,0.6341463414634146,3.51,109.2,105.8,3.4,101.0,0.7195121951219512,6.57,113.5,106.8,6.7,98.6,-0.08536585365853655,-3.0600000000000005,-4.299999999999997,-1.0,-3.3000000000000003,2.4000000000000057
1986-87,1987,1987-05-30,Detroit Pistons,114,Boston Celtics,117,1,0.7195121951219512,6.57,113.5,106.8,6.7,98.6,0.6341463414634146,3.51,109.2,105.8,3.4,101.0,0.08536585365853655,3.0600000000000005,4.299999999999997,1.0,3.3000000000000003,-2.4000000000000057
1986-87,1987,1987-06-02,Boston Celtics,113,Los Angeles Lakers,126,1,0.7926829268292683,8.32,115.6,106.5,9.1,101.6,0.7195121951219512,6.57,113.5,106.8,6.7,98.6,0.07317073170731714,1.75,2.0999999999999943,-0.29999999999999716,2.3999999999999995,3.0
1986-87,1987,1987-06-04,Boston Celtics,122,Los Angeles Lakers,141,1,0.7926829268292683,8.32,115.6,106.5,9.1,101.6,0.7195121951219512,6.57,113.5,106.8,6.7,98.6,0.07317073170731714,1.75,2.0999999999999943,-0.29999999999999716,2.3999999999999995,3.0
1986-87,1987,1987-06-07,Los Angeles Lakers,103,Boston Celtics,109,1,0.7195121951219512,6.57,113.5,106.8,6.7,98.6,0.7926829268292683,8.32,115.6,106.5,9.1,101.6,-0.07317073170731714,-1.75,-2.0999999999999943,0.29999999999999716,-2.3999999999999995,-3.0
1986-87,1987,1987-06-09,Los Angeles Lakers,107,Boston Celtics,106,0,0.7195121951219512,6.57,113.5,106.8,6.7,98.6,0.7926829268292683,8.32,115.6,106.5,9.1,101.6,-0.07317073170731714,-1.75,-2.0999999999999943,0.29999999999999716,-2.3999999999999995,-3.0
1986-87,1987,1987-06-11,Los Angeles Lakers,108,Boston Celtics,123,1,0.7195121951219512,6.57,113.5,106.8,6.7,98.6,0.7926829268292683,8.32,115.6,106.5,9.1,101.6,-0.07317073170731714,-1.75,-2.0999999999999943,0.29999999999999716,-2.3999999999999995,-3.0
1986-87,1987,1987-06-14,Boston Celtics,93,Los Angeles Lakers,106,1,0.7926829268292683,8.32,115.6,106.5,9.1,101.6,0.7195121951219512,6.57,113.5,106.8,6.7,98.6,0.07317073170731714,1.75,2.0999999999999943,-0.29999999999999716,2.3999999999999995,3.0
1987-88,1988,1988-04-28,Houston Rockets,110,Dallas Mavericks,120,1,0.6463414634146342,3.59,112.2,107.7,4.5,97.0,0.5609756097560976,0.82,107.1,105.7,1.4,101.8,0.08536585365853655,2.77,5.1000000000000085,2.0,3.1,-4.799999999999997
1987-88,1988,1988-04-28,Cleveland Cavaliers,93,Chicago Bulls,104,1,0.6097560975609756,3.76,109.0,105.5,3.5,95.5,0.5121951219512195,1.28,106.8,106.0,0.8,97.3,0.09756097560975607,2.4799999999999995,2.200000000000003,-0.5,2.7,-1.7999999999999972
1987-88,1988,1988-04-28,Utah Jazz,96,Portland Trail Blazers,108,1,0.6463414634146342,3.59,111.8,107.4,4.4,103.6,0.573170731707317,2.96,106.8,103.1,3.7,101.5,0.07317073170731714,0.6299999999999999,5.0,4.300000000000011,0.7000000000000002,2.0999999999999943
1987-88,1988,1988-04-28,Washington Bullets,87,Detroit Pistons,96,1,0.6585365853658537,5.46,110.5,105.3,5.2,98.3,0.4634146341463415,-0.16,106.5,107.2,-0.7,98.1,0.1951219512195122,5.62,4.0,-1.9000000000000057,5.9,0.20000000000000284
1987-88,1988,1988-04-29,Milwaukee Bucks,107,Atlanta Hawks,110,1,0.6097560975609756,4.02,111.3,107.6,3.7,96.4,0.5121951219512195,1.21,108.2,107.6,0.6,97.6,0.09756097560975607,2.8099999999999996,3.0999999999999943,0.0,3.1,-1.1999999999999886
1987-88,1988,1988-04-29,San Antonio Spurs,110,Los Angeles Lakers,122,1,0.7560975609756098,4.81,113.1,107.3,5.8,99.1,0.3780487804878049,-5.02,108.2,112.8,-4.6,104.4,0.3780487804878049,9.829999999999998,4.8999999999999915,-5.5,10.399999999999999,-5.300000000000011
1987-88,1988,1988-04-29,New York Knicks,92,Boston Celtics,112,1,0.6951219512195121,6.15,115.4,109.4,6.0,97.9,0.4634146341463415,0.14,105.9,106.4,-0.5,99.1,0.23170731707317066,6.010000000000001,9.5,3.0,6.5,-1.1999999999999886
1987-88,1988,1988-04-29,Seattle SuperSonics,123,Denver Nuggets,126,1,0.6585365853658537,3.32,110.1,106.3,3.8,105.5,0.5365853658536586,1.29,110.2,108.1,2.1,100.2,0.12195121951219512,2.03,-0.10000000000000853,-1.7999999999999972,1.6999999999999997,5.299999999999997
1987-88,1988,1988-04-30,Houston Rockets,119,Dallas Mavericks,108,0,0.6463414634146342,3.59,112.2,107.7,4.5,97.0,0.5609756097560976,0.82,107.1,105.7,1.4,101.8,0.08536585365853655,2.77,5.1000000000000085,2.0,3.1,-4.799999999999997
1987-88,1988,1988-04-30,Washington Bullets,101,Detroit Pistons,102,1,0.6585365853658537,5.46,110.5,105.3,5.2,98.3,0.4634146341463415,-0.16,106.5,107.2,-0.7,98.1,0.1951219512195122,5.62,4.0,-1.9000000000000057,5.9,0.20000000000000284
1987-88,1988,1988-04-30,Utah Jazz,114,Portland Trail Blazers,105,0,0.6463414634146342,3.59,111.8,107.4,4.4,103.6,0.573170731707317,2.96,106.8,103.1,3.7,101.5,0.07317073170731714,0.6299999999999999,5.0,4.300000000000011,0.7000000000000002,2.0999999999999943
1987-88,1988,1988-05-01,Seattle SuperSonics,111,Denver Nuggets,91,0,0.6585365853658537,3.32,110.1,106.3,3.8,105.5,0.5365853658536586,1.29,110.2,108.1,2.1,100.2,0.12195121951219512,2.03,-0.10000000000000853,-1.7999999999999972,1.6999999999999997,5.299999999999997
1987-88,1988,1988-05-01,San Antonio Spurs,112,Los Angeles Lakers,130,1,0.7560975609756098,4.81,113.1,107.3,5.8,99.1,0.3780487804878049,-5.02,108.2,112.8,-4.6,104.4,0.3780487804878049,9.829999999999998,4.8999999999999915,-5.5,10.399999999999999,-5.300000000000011
1987-88,1988,1988-05-01,Cleveland Cavaliers,101,Chicago Bulls,106,1,0.6097560975609756,3.76,109.0,105.5,3.5,95.5,0.5121951219512195,1.28,106.8,106.0,0.8,97.3,0.09756097560975607,2.4799999999999995,2.200000000000003,-0.5,2.7,-1.7999999999999972
1987-88,1988,1988-05-01,New York Knicks,102,Boston Celtics,128,1,0.6951219512195121,6.15,115.4,109.4,6.0,97.9,0.4634146341463415,0.14,105.9,106.4,-0.5,99.1,0.23170731707317066,6.010000000000001,9.5,3.0,6.5,-1.1999999999999886
1987-88,1988,1988-05-01,Milwaukee Bucks,97,Atlanta Hawks,104,1,0.6097560975609756,4.02,111.3,107.6,3.7,96.4,0.5121951219512195,1.21,108.2,107.6,0.6,97.6,0.09756097560975607,2.8099999999999996,3.0999999999999943,0.0,3.1,-1.1999999999999886
1987-88,1988,1988-05-02,Detroit Pistons,106,Washington Bullets,114,1,0.4634146341463415,-0.16,106.5,107.2,-0.7,98.1,0.6585365853658537,5.46,110.5,105.3,5.2,98.3,-0.1951219512195122,-5.62,-4.0,1.9000000000000057,-5.9,-0.20000000000000284
1987-88,1988,1988-05-03,Chicago Bulls,102,Cleveland Cavaliers,110,1,0.5121951219512195,1.28,106.8,106.0,0.8,97.3,0.6097560975609756,3.76,109.0,105.5,3.5,95.5,-0.09756097560975607,-2.4799999999999995,-2.200000000000003,0.5,-2.7,1.7999999999999972
1987-88,1988,1988-05-03,Dallas Mavericks,93,Houston Rockets,92,0,0.5609756097560976,0.82,107.1,105.7,1.4,101.8,0.6463414634146342,3.59,112.2,107.7,4.5,97.0,-0.08536585365853655,-2.77,-5.1000000000000085,-2.0,-3.1,4.799999999999997
1987-88,1988,1988-05-03,Los Angeles Lakers,109,San Antonio Spurs,107,0,0.3780487804878049,-5.02,108.2,112.8,-4.6,104.4,0.7560975609756098,4.81,113.1,107.3,5.8,99.1,-0.3780487804878049,-9.829999999999998,-4.8999999999999915,5.5,-10.399999999999999,5.300000000000011
1987-88,1988,1988-05-03,Denver Nuggets,125,Seattle SuperSonics,114,0,0.5365853658536586,1.29,110.2,108.1,2.1,100.2,0.6585365853658537,3.32,110.1,106.3,3.8,105.5,-0.12195121951219512,-2.03,0.10000000000000853,1.7999999999999972,-1.6999999999999997,-5.299999999999997
1987-88,1988,1988-05-04,Detroit Pistons,103,Washington Bullets,106,1,0.4634146341463415,-0.16,106.5,107.2,-0.7,98.1,0.6585365853658537,5.46,110.5,105.3,5.2,98.3,-0.1951219512195122,-5.62,-4.0,1.9000000000000057,-5.9,-0.20000000000000284
1987-88,1988,1988-05-04,Boston Celtics,100,New York Knicks,109,1,0.4634146341463415,0.14,105.9,106.4,-0.5,99.1,0.6951219512195121,6.15,115.4,109.4,6.0,97.9,-0.23170731707317066,-6.010000000000001,-9.5,-3.0,-6.5,1.1999999999999886
1987-88,1988,1988-05-04,Atlanta Hawks,115,Milwaukee Bucks,123,1,0.5121951219512195,1.21,108.2,107.6,0.6,97.6,0.6097560975609756,4.02,111.3,107.6,3.7,96.4,-0.09756097560975607,-2.8099999999999996,-3.0999999999999943,0.0,-3.1,1.1999999999999886
1987-88,1988,1988-05-04,Portland Trail Blazers,108,Utah Jazz,113,1,0.573170731707317,2.96,106.8,103.1,3.7,101.5,0.6463414634146342,3.59,111.8,107.4,4.4,103.6,-0.07317073170731714,-0.6299999999999999,-5.0,-4.300000000000011,-0.7000000000000002,-2.0999999999999943
1987-88,1988,1988-05-05,Chicago Bulls,91,Cleveland Cavaliers,97,1,0.5121951219512195,1.28,106.8,106.0,0.8,97.3,0.6097560975609756,3.76,109.0,105.5,3.5,95.5,-0.09756097560975607,-2.4799999999999995,-2.200000000000003,0.5,-2.7,1.7999999999999972
1987-88,1988,1988-05-05,Dallas Mavericks,107,Houston Rockets,97,0,0.5609756097560976,0.82,107.1,105.7,1.4,101.8,0.6463414634146342,3.59,112.2,107.7,4.5,97.0,-0.08536585365853655,-2.77,-5.1000000000000085,-2.0,-3.1,4.799999999999997
1987-88,1988,1988-05-05,Denver Nuggets,117,Seattle SuperSonics,127,1,0.5365853658536586,1.29,110.2,108.1,2.1,100.2,0.6585365853658537,3.32,110.1,106.3,3.8,105.5,-0.12195121951219512,-2.03,0.10000000000000853,1.7999999999999972,-1.6999999999999997,-5.299999999999997
1987-88,1988,1988-05-06,Atlanta Hawks,99,Milwaukee Bucks,105,1,0.5121951219512195,1.21,108.2,107.6,0.6,97.6,0.6097560975609756,4.02,111.3,107.6,3.7,96.4,-0.09756097560975607,-2.8099999999999996,-3.0999999999999943,0.0,-3.1,1.1999999999999886
1987-88,1988,1988-05-06,Boston Celtics,102,New York Knicks,94,0,0.4634146341463415,0.14,105.9,106.4,-0.5,99.1,0.6951219512195121,6.15,115.4,109.4,6.0,97.9,-0.23170731707317066,-6.010000000000001,-9.5,-3.0,-6.5,1.1999999999999886
1987-88,1988,1988-05-06,Portland Trail Blazers,96,Utah Jazz,111,1,0.573170731707317,2.96,106.8,103.1,3.7,101.5,0.6463414634146342,3.59,111.8,107.4,4.4,103.6,-0.07317073170731714,-0.6299999999999999,-5.0,-4.300000000000011,-0.7000000000000002,-2.0999999999999943
1987-88,1988,1988-05-07,Seattle SuperSonics,96,Denver Nuggets,115,1,0.6585365853658537,3.32,110.1,106.3,3.8,105.5,0.5365853658536586,1.29,110.2,108.1,2.1,100.2,0.12195121951219512,2.03,-0.10000000000000853,-1.7999999999999972,1.6999999999999997,5.299999999999997
1987-88,1988,1988-05-08,Milwaukee Bucks,111,Atlanta Hawks,121,1,0.6097560975609756,4.02,111.3,107.6,3.7,96.4,0.5121951219512195,1.21,108.2,107.6,0.6,97.6,0.09756097560975607,2.8099999999999996,3.0999999999999943,0.0,3.1,-1.1999999999999886
1987-88,1988,1988-05-08,Utah Jazz,91,Los Angeles Lakers,110,1,0.7560975609756098,4.81,113.1,107.3,5.8,99.1,0.573170731707317,2.96,106.8,103.1,3.7,101.5,0.18292682926829273,1.8499999999999996,6.299999999999997,4.200000000000003,2.0999999999999996,-2.4000000000000057
1987-88,1988,1988-05-08,Washington Bullets,78,Detroit Pistons,99,1,0.6585365853658537,5.46,110.5,105.3,5.2,98.3,0.4634146341463415,-0.16,106.5,107.2,-0.7,98.1,0.1951219512195122,5.62,4.0,-1.9000000000000057,5.9,0.20000000000000284
1987-88,1988,1988-05-08,Cleveland Cavaliers,101,Chicago Bulls,107,1,0.6097560975609756,3.76,109.0,105.5,3.5,95.5,0.5121951219512195,1.28,106.8,106.0,0.8,97.3,0.09756097560975607,2.4799999999999995,2.200000000000003,-0.5,2.7,-1.7999999999999972
1987-88,1988,1988-05-10,Dallas Mavericks,115,Denver Nuggets,126,1,0.6585365853658537,3.32,110.1,106.3,3.8,105.5,0.6463414634146342,3.59,112.2,107.7,4.5,97.0,0.012195121951219523,-0.27,-2.1000000000000085,-1.4000000000000057,-0.7000000000000002,8.5
1987-88,1988,1988-05-10,Chicago Bulls,82,Detroit Pistons,93,1,0.6585365853658537,5.46,110.5,105.3,5.2,98.3,0.6097560975609756,3.76,109.0,105.5,3.5,95.5,0.04878048780487809,1.7000000000000002,1.5,-0.20000000000000284,1.7000000000000002,2.799999999999997
1987-88,1988,1988-05-10,Utah Jazz,101,Los Angeles Lakers,97,0,0.7560975609756098,4.81,113.1,107.3,5.8,99.1,0.573170731707317,2.96,106.8,103.1,3.7,101.5,0.18292682926829273,1.8499999999999996,6.299999999999997,4.200000000000003,2.0999999999999996,-2.4000000000000057
1987-88,1988,1988-05-11,Atlanta Hawks,101,Boston Celtics,110,1,0.6951219512195121,6.15,115.4,109.4,6.0,97.9,0.6097560975609756,4.02,111.3,107.6,3.7,96.4,0.08536585365853655,2.130000000000001,4.1000000000000085,1.8000000000000114,2.3,1.5
1987-88,1988,1988-05-12,Dallas Mavericks,112,Denver Nuggets,108,0,0.6585365853658537,3.32,110.1,106.3,3.8,105.5,0.6463414634146342,3.59,112.2,107.7,4.5,97.0,0.012195121951219523,-0.27,-2.1000000000000085,-1.4000000000000057,-0.7000000000000002,8.5
1987-88,1988,1988-05-12,Chicago Bulls,105,Detroit Pistons,95,0,0.6585365853658537,5.46,110.5,105.3,5.2,98.3,0.6097560975609756,3.76,109.0,105.5,3.5,95.5,0.04878048780487809,1.7000000000000002,1.5,-0.20000000000000284,1.7000000000000002,2.799999999999997
1987-88,1988,1988-05-13,Atlanta Hawks,97,Boston Celtics,108,1,0.6951219512195121,6.15,115.4,109.4,6.0,97.9,0.6097560975609756,4.02,111.3,107.6,3.7,96.4,0.08536585365853655,2.130000000000001,4.1000000000000085,1.8000000000000114,2.3,1.5
1987-88,1988,1988-05-13,Los Angeles Lakers,89,Utah Jazz,96,1,0.573170731707317,2.96,106.8,103.1,3.7,101.5,0.7560975609756098,4.81,113.1,107.3,5.8,99.1,-0.18292682926829273,-1.8499999999999996,-6.299999999999997,-4.200000000000003,-2.0999999999999996,2.4000000000000057
1987-88,1988,1988-05-14,Detroit Pistons,101,Chicago Bulls,79,0,0.6097560975609756,3.76,109.0,105.5,3.5,95.5,0.6585365853658537,5.46,110.5,105.3,5.2,98.3,-0.04878048780487809,-1.7000000000000002,-1.5,0.20000000000000284,-1.7000000000000002,-2.799999999999997
1987-88,1988,1988-05-14,Denver Nuggets,107,Dallas Mavericks,105,0,0.6463414634146342,3.59,112.2,107.7,4.5,97.0,0.6585365853658537,3.32,110.1,106.3,3.8,105.5,-0.012195121951219523,0.27,2.1000000000000085,1.4000000000000057,0.7000000000000002,-8.5
1987-88,1988,1988-05-15,Boston Celtics,92,Atlanta Hawks,110,1,0.6097560975609756,4.02,111.3,107.6,3.7,96.4,0.6951219512195121,6.15,115.4,109.4,6.0,97.9,-0.08536585365853655,-2.130000000000001,-4.1000000000000085,-1.8000000000000114,-2.3,-1.5
1987-88,1988,1988-05-15,Detroit Pistons,96,Chicago Bulls,77,0,0.6097560975609756,3.76,109.0,105.5,3.5,95.5,0.6585365853658537,5.46,110.5,105.3,5.2,98.3,-0.04878048780487809,-1.7000000000000002,-1.5,0.20000000000000284,-1.7000000000000002,-2.799999999999997
1987-88,1988,1988-05-15,Denver Nuggets,103,Dallas Mavericks,124,1,0.6463414634146342,3.59,112.2,107.7,4.5,97.0,0.6585365853658537,3.32,110.1,106.3,3.8,105.5,-0.012195121951219523,0.27,2.1000000000000085,1.4000000000000057,0.7000000000000002,-8.5
1987-88,1988,1988-05-15,Los Angeles Lakers,113,Utah Jazz,100,0,0.573170731707317,2.96,106.8,103.1,3.7,101.5,0.7560975609756098,4.81,113.1,107.3,5.8,99.1,-0.18292682926829273,-1.8499999999999996,-6.299999999999997,-4.200000000000003,-2.0999999999999996,2.4000000000000057
1987-88,1988,1988-05-16,Boston Celtics,109,Atlanta Hawks,118,1,0.6097560975609756,4.02,111.3,107.6,3.7,96.4,0.6951219512195121,6.15,115.4,109.4,6.0,97.9,-0.08536585365853655,-2.130000000000001,-4.1000000000000085,-1.8000000000000114,-2.3,-1.5
1987-88,1988,1988-05-17,Utah Jazz,109,Los Angeles Lakers,111,1,0.7560975609756098,4.81,113.1,107.3,5.8,99.1,0.573170731707317,2.96,106.8,103.1,3.7,101.5,0.18292682926829273,1.8499999999999996,6.299999999999997,4.200000000000003,2.0999999999999996,-2.4000000000000057
1987-88,1988,1988-05-17,Dallas Mavericks,110,Denver Nuggets,106,0,0.6585365853658537,3.32,110.1,106.3,3.8,105.5,0.6463414634146342,3.59,112.2,107.7,4.5,97.0,0.012195121951219523,-0.27,-2.1000000000000085,-1.4000000000000057,-0.7000000000000002,8.5
1987-88,1988,1988-05-18,Atlanta Hawks,112,Boston Celtics,104,0,0.6951219512195121,6.15,115.4,109.4,6.0,97.9,0.6097560975609756,4.02,111.3,107.6,3.7,96.4,0.08536585365853655,2.130000000000001,4.1000000000000085,1.8000000000000114,2.3,1.5
1987-88,1988,1988-05-18,Chicago Bulls,95,Detroit Pistons,102,1,0.6585365853658537,5.46,110.5,105.3,5.2,98.3,0.6097560975609756,3.76,109.0,105.5,3.5,95.5,0.04878048780487809,1.7000000000000002,1.5,-0.20000000000000284,1.7000000000000002,2.799999999999997
1987-88,1988,1988-05-19,Denver Nuggets,95,Dallas Mavericks,108,1,0.6463414634146342,3.59,112.2,107.7,4.5,97.0,0.6585365853658537,3.32,110.1,106.3,3.8,105.5,-0.012195121951219523,0.27,2.1000000000000085,1.4000000000000057,0.7000000000000002,-8.5
1987-88,1988,1988-05-19,Los Angeles Lakers,80,Utah Jazz,108,1,0.573170731707317,2.96,106.8,103.1,3.7,101.5,0.7560975609756098,4.81,113.1,107.3,5.8,99.1,-0.18292682926829273,-1.8499999999999996,-6.299999999999997,-4.200000000000003,-2.0999999999999996,2.4000000000000057
1987-88,1988,1988-05-20,Boston Celtics,102,Atlanta Hawks,100,0,0.6097560975609756,4.02,111.3,107.6,3.7,96.4,0.6951219512195121,6.15,115.4,109.4,6.0,97.9,-0.08536585365853655,-2.130000000000001,-4.1000000000000085,-1.8000000000000114,-2.3,-1.5
1987-88,1988,1988-05-21,Utah Jazz,98,Los Angeles Lakers,109,1,0.7560975609756098,4.81,113.1,107.3,5.8,99.1,0.573170731707317,2.96,106.8,103.1,3.7,101.5,0.18292682926829273,1.8499999999999996,6.299999999999997,4.200000000000003,2.0999999999999996,-2.4000000000000057
1987-88,1988,1988-05-22,Atlanta Hawks,116,Boston Celtics,118,1,0.6951219512195121,6.15,115.4,109.4,6.0,97.9,0.6097560975609756,4.02,111.3,107.6,3.7,96.4,0.08536585365853655,2.130000000000001,4.1000000000000085,1.8000000000000114,2.3,1.5
1987-88,1988,1988-05-23,Dallas Mavericks,98,Los Angeles Lakers,113,1,0.7560975609756098,4.81,113.1,107.3,5.8,99.1,0.6463414634146342,3.59,112.2,107.7,4.5,97.0,0.1097560975609756,1.2199999999999998,0.8999999999999915,-0.4000000000000057,1.2999999999999998,2.0999999999999943
1987-88,1988,1988-05-25,Dallas Mavericks,101,Los Angeles Lakers,123,1,0.7560975609756098,4.81,113.1,107.3,5.8,99.1,0.6463414634146342,3.59,112.2,107.7,4.5,97.0,0.1097560975609756,1.2199999999999998,0.8999999999999915,-0.4000000000000057,1.2999999999999998,2.0999999999999943
1987-88,1988,1988-05-25,Detroit Pistons,104,Boston Celtics,96,0,0.6951219512195121,6.15,115.4,109.4,6.0,97.9,0.6585365853658537,5.46,110.5,105.3,5.2,98.3,0.03658536585365846,0.6900000000000004,4.900000000000006,4.1000000000000085,0.7999999999999998,-0.3999999999999915
1987-88,1988,1988-05-26,Detroit Pistons,115,Boston Celtics,119,1,0.6951219512195121,6.15,115.4,109.4,6.0,97.9,0.6585365853658537,5.46,110.5,105.3,5.2,98.3,0.03658536585365846,0.6900000000000004,4.900000000000006,4.1000000000000085,0.7999999999999998,-0.3999999999999915
1987-88,1988,1988-05-27,Los Angeles Lakers,94,Dallas Mavericks,106,1,0.6463414634146342,3.59,112.2,107.7,4.5,97.0,0.7560975609756098,4.81,113.1,107.3,5.8,99.1,-0.1097560975609756,-1.2199999999999998,-0.8999999999999915,0.4000000000000057,-1.2999999999999998,-2.0999999999999943
1987-88,1988,1988-05-28,Boston Celtics,94,Detroit Pistons,98,1,0.6585365853658537,5.46,110.5,105.3,5.2,98.3,0.6951219512195121,6.15,115.4,109.4,6.0,97.9,-0.03658536585365846,-0.6900000000000004,-4.900000000000006,-4.1000000000000085,-0.7999999999999998,0.3999999999999915
1987-88,1988,1988-05-29,Los Angeles Lakers,104,Dallas Mavericks,118,1,0.6463414634146342,3.59,112.2,107.7,4.5,97.0,0.7560975609756098,4.81,113.1,107.3,5.8,99.1,-0.1097560975609756,-1.2199999999999998,-0.8999999999999915,0.4000000000000057,-1.2999999999999998,-2.0999999999999943
1987-88,1988,1988-05-30,Boston Celtics,79,Detroit Pistons,78,0,0.6585365853658537,5.46,110.5,105.3,5.2,98.3,0.6951219512195121,6.15,115.4,109.4,6.0,97.9,-0.03658536585365846,-0.6900000000000004,-4.900000000000006,-4.1000000000000085,-0.7999999999999998,0.3999999999999915
1987-88,1988,1988-05-31,Dallas Mavericks,102,Los Angeles Lakers,119,1,0.7560975609756098,4.81,113.1,107.3,5.8,99.1,0.6463414634146342,3.59,112.2,107.7,4.5,97.0,0.1097560975609756,1.2199999999999998,0.8999999999999915,-0.4000000000000057,1.2999999999999998,2.0999999999999943
1987-88,1988,1988-06-01,Detroit Pistons,102,Boston Celtics,96,0,0.6951219512195121,6.15,115.4,109.4,6.0,97.9,0.6585365853658537,5.46,110.5,105.3,5.2,98.3,0.03658536585365846,0.6900000000000004,4.900000000000006,4.1000000000000085,0.7999999999999998,-0.3999999999999915
1987-88,1988,1988-06-02,Los Angeles Lakers,103,Dallas Mavericks,105,1,0.6463414634146342,3.59,112.2,107.7,4.5,97.0,0.7560975609756098,4.81,113.1,107.3,5.8,99.1,-0.1097560975609756,-1.2199999999999998,-0.8999999999999915,0.4000000000000057,-1.2999999999999998,-2.0999999999999943
1987-88,1988,1988-06-03,Boston Celtics,90,Detroit Pistons,95,1,0.6585365853658537,5.46,110.5,105.3,5.2,98.3,0.6951219512195121,6.15,115.4,109.4,6.0,97.9,-0.03658536585365846,-0.6900000000000004,-4.900000000000006,-4.1000000000000085,-0.7999999999999998,0.3999999999999915
1987-88,1988,1988-06-04,Dallas Mavericks,102,Los Angeles Lakers,117,1,0.7560975609756098,4.81,113.1,107.3,5.8,99.1,0.6463414634146342,3.59,112.2,107.7,4.5,97.0,0.1097560975609756,1.2199999999999998,0.8999999999999915,-0.4000000000000057,1.2999999999999998,2.0999999999999943
1987-88,1988,1988-06-07,Detroit Pistons,105,Los Angeles Lakers,93,0,0.7560975609756098,4.81,113.1,107.3,5.8,99.1,0.6585365853658537,5.46,110.5,105.3,5.2,98.3,0.09756097560975607,-0.6500000000000004,2.5999999999999943,2.0,0.5999999999999996,0.7999999999999972
1987-88,1988,1988-06-09,Detroit Pistons,96,Los Angeles Lakers,108,1,0.7560975609756098,4.81,113.1,107.3,5.8,99.1,0.6585365853658537,5.46,110.5,105.3,5.2,98.3,0.09756097560975607,-0.6500000000000004,2.5999999999999943,2.0,0.5999999999999996,0.7999999999999972
1987-88,1988,1988-06-12,Los Angeles Lakers,99,Detroit Pistons,86,0,0.6585365853658537,5.46,110.5,105.3,5.2,98.3,0.7560975609756098,4.81,113.1,107.3,5.8,99.1,-0.09756097560975607,0.6500000000000004,-2.5999999999999943,-2.0,-0.5999999999999996,-0.7999999999999972
1987-88,1988,1988-06-14,Los Angeles Lakers,86,Detroit Pistons,111,1,0.6585365853658537,5.46,110.5,105.3,5.2,98.3,0.7560975609756098,4.81,113.1,107.3,5.8,99.1,-0.09756097560975607,0.6500000000000004,-2.5999999999999943,-2.0,-0.5999999999999996,-0.7999999999999972
1987-88,1988,1988-06-16,Los Angeles Lakers,94,Detroit Pistons,104,1,0.6585365853658537,5.46,110.5,105.3,5.2,98.3,0.7560975609756098,4.81,113.1,107.3,5.8,99.1,-0.09756097560975607,0.6500000000000004,-2.5999999999999943,-2.0,-0.5999999999999996,-0.7999999999999972
1987-88,1988,1988-06-19,Detroit Pistons,102,Los Angeles Lakers,103,1,0.7560975609756098,4.81,113.1,107.3,5.8,99.1,0.6585365853658537,5.46,110.5,105.3,5.2,98.3,0.09756097560975607,-0.6500000000000004,2.5999999999999943,2.0,0.5999999999999996,0.7999999999999972
1987-88,1988,1988-06-21,Detroit Pistons,105,Los Angeles Lakers,108,1,0.7560975609756098,4.81,113.1,107.3,5.8,99.1,0.6585365853658537,5.46,110.5,105.3,5.2,98.3,0.09756097560975607,-0.6500000000000004,2.5999999999999943,2.0,0.5999999999999996,0.7999999999999972
1988-89,1989,1989-04-27,Portland Trail Blazers,108,Los Angeles Lakers,128,1,0.6951219512195121,6.38,113.8,106.7,7.1,100.1,0.47560975609756095,0.92,109.4,108.0,1.4,103.9,0.2195121951219512,5.46,4.3999999999999915,-1.2999999999999972,5.699999999999999,-3.8000000000000114
1988-89,1989,1989-04-27,Milwaukee Bucks,92,Atlanta Hawks,100,1,0.6341463414634146,5.26,112.2,107.2,5.0,98.3,0.5975609756097561,4.11,110.1,106.4,3.7,98.6,0.03658536585365857,1.1499999999999995,2.1000000000000085,0.7999999999999972,1.2999999999999998,-0.29999999999999716
1988-89,1989,1989-04-27,Golden State Warriors,123,Utah Jazz,119,0,0.6219512195121951,4.01,106.6,101.5,5.1,98.0,0.524390243902439,-0.59,107.4,107.7,-0.3,107.3,0.09756097560975607,4.6,-0.8000000000000114,-6.200000000000003,5.3999999999999995,-9.299999999999997
1988-89,1989,1989-04-27,Philadelphia 76ers,96,New York Knicks,102,1,0.6341463414634146,3.62,111.1,107.5,3.6,104.4,0.5609756097560976,1.68,113.0,111.5,1.5,98.5,0.07317073170731703,1.9400000000000002,-1.9000000000000057,-4.0,2.1,5.900000000000006
1988-89,1989,1989-04-28,Chicago Bulls,95,Cleveland Cavaliers,88,0,0.6951219512195121,7.95,110.6,102.9,7.7,98.0,0.573170731707317,2.13,109.1,107.7,1.4,97.0,0.12195121951219512,5.82,1.5,-4.799999999999997,6.300000000000001,1.0
1988-89,1989,1989-04-28,Boston Celtics,91,Detroit Pistons,101,1,0.7682926829268293,6.24,110.8,104.7,6.1,95.5,0.5121951219512195,1.26,110.8,109.6,1.2,98.1,0.25609756097560976,4.98,0.0,-4.8999999999999915,4.8999999999999995,-2.5999999999999943
1988-89,1989,1989-04-28,Denver Nuggets,103,Phoenix Suns,104,1,0.6707317073170732,6.84,113.1,105.7,7.4,104.5,0.5365853658536586,0.91,108.6,107.1,1.5,107.5,0.13414634146341464,5.93,4.5,-1.3999999999999915,5.9,-3.0
1988-89,1989,1989-04-28,Houston Rockets,107,Seattle SuperSonics,111,1,0.573170731707317,2.44,111.5,108.6,2.9,100.1,0.5487804878048781,0.22,105.7,104.8,0.9,101.8,0.024390243902438935,2.2199999999999998,5.799999999999997,3.799999999999997,2.0,-1.7000000000000028
1988-89,1989,1989-04-29,Milwaukee Bucks,108,Atlanta Hawks,98,0,0.6341463414634146,5.26,112.2,107.2,5.0,98.3,0.5975609756097561,4.11,110.1,106.4,3.7,98.6,0.03658536585365857,1.1499999999999995,2.1000000000000085,0.7999999999999972,1.2999999999999998,-0.29999999999999716
1988-89,1989,1989-04-29,Philadelphia 76ers,106,New York Knicks,107,1,0.6341463414634146,3.62,111.1,107.5,3.6,104.4,0.5609756097560976,1.68,113.0,111.5,1.5,98.5,0.07317073170731703,1.9400000000000002,-1.9000000000000057,-4.0,2.1,5.900000000000006
1988-89,1989,1989-04-29,Golden State Warriors,99,Utah Jazz,91,0,0.6219512195121951,4.01,106.6,101.5,5.1,98.0,0.524390243902439,-0.59,107.4,107.7,-0.3,107.3,0.09756097560975607,4.6,-0.8000000000000114,-6.200000000000003,5.3999999999999995,-9.299999999999997
1988-89,1989,1989-04-30,Chicago Bulls,88,Cleveland Cavaliers,96,1,0.6951219512195121,7.95,110.6,102.9,7.7,98.0,0.573170731707317,2.13,109.1,107.7,1.4,97.0,0.12195121951219512,5.82,1.5,-4.799999999999997,6.300000000000001,1.0
1988-89,1989,1989-04-30,Boston Celtics,95,Detroit Pistons,102,1,0.7682926829268293,6.24,110.8,104.7,6.1,95.5,0.5121951219512195,1.26,110.8,109.6,1.2,98.1,0.25609756097560976,4.98,0.0,-4.8999999999999915,4.8999999999999995,-2.5999999999999943
1988-89,1989,1989-04-30,Portland Trail Blazers,105,Los Angeles Lakers,113,1,0.6951219512195121,6.38,113.8,106.7,7.1,100.1,0.47560975609756095,0.92,109.4,108.0,1.4,103.9,0.2195121951219512,5.46,4.3999999999999915,-1.2999999999999972,5.699999999999999,-3.8000000000000114
1988-89,1989,1989-04-30,Denver Nuggets,114,Phoenix Suns,132,1,0.6707317073170732,6.84,113.1,105.7,7.4,104.5,0.5365853658536586,0.91,108.6,107.1,1.5,107.5,0.13414634146341464,5.93,4.5,-1.3999999999999915,5.9,-3.0
1988-89,1989,1989-04-30,Houston Rockets,97,Seattle SuperSonics,109,1,0.573170731707317,2.44,111.5,108.6,2.9,100.1,0.5487804878048781,0.22,105.7,104.8,0.9,101.8,0.024390243902438935,2.2199999999999998,5.799999999999997,3.799999999999997,2.0,-1.7000000000000028
1988-89,1989,1989-05-02,Phoenix Suns,130,Denver Nuggets,121,0,0.5365853658536586,0.91,108.6,107.1,1.5,107.5,0.6707317073170732,6.84,113.1,105.7,7.4,104.5,-0.13414634146341464,-5.93,-4.5,1.3999999999999915,-5.9,3.0
1988-89,1989,1989-05-02,New York Knicks,116,Philadelphia 76ers,115,0,0.5609756097560976,1.68,113.0,111.5,1.5,98.5,0.6341463414634146,3.62,111.1,107.5,3.6,104.4,-0.07317073170731703,-1.9400000000000002,1.9000000000000057,4.0,-2.1,-5.900000000000006
1988-89,1989,1989-05-02,Atlanta Hawks,113,Milwaukee Bucks,117,1,0.5975609756097561,4.11,110.1,106.4,3.7,98.6,0.6341463414634146,5.26,112.2,107.2,5.0,98.3,-0.03658536585365857,-1.1499999999999995,-2.1000000000000085,-0.7999999999999972,-1.2999999999999998,0.29999999999999716
1988-89,1989,1989-05-02,Utah Jazz,106,Golden State Warriors,120,1,0.524390243902439,-0.59,107.4,107.7,-0.3,107.3,0.6219512195121951,4.01,106.6,101.5,5.1,98.0,-0.09756097560975607,-4.6,0.8000000000000114,6.200000000000003,-5.3999999999999995,9.299999999999997
1988-89,1989,1989-05-02,Detroit Pistons,100,Boston Celtics,85,0,0.5121951219512195,1.26,110.8,109.6,1.2,98.1,0.7682926829268293,6.24,110.8,104.7,6.1,95.5,-0.25609756097560976,-4.98,0.0,4.8999999999999915,-4.8999999999999995,2.5999999999999943
1988-89,1989,1989-05-03,Cleveland Cavaliers,94,Chicago Bulls,101,1,0.573170731707317,2.13,109.1,107.7,1.4,97.0,0.6951219512195121,7.95,110.6,102.9,7.7,98.0,-0.12195121951219512,-5.82,-1.5,4.799999999999997,-6.300000000000001,-1.0
1988-89,1989,1989-05-03,Seattle SuperSonics,107,Houston Rockets,126,1,0.5487804878048781,0.22,105.7,104.8,0.9,101.8,0.573170731707317,2.44,111.5,108.6,2.9,100.1,-0.024390243902438935,-2.2199999999999998,-5.799999999999997,-3.799999999999997,-2.0,1.7000000000000028
1988-89,1989,1989-05-03,Los Angeles Lakers,116,Portland Trail Blazers,108,0,0.47560975609756095,0.92,109.4,108.0,1.4,103.9,0.6951219512195121,6.38,113.8,106.7,7.1,100.1,-0.2195121951219512,-5.46,-4.3999999999999915,1.2999999999999972,-5.699999999999999,3.8000000000000114
1988-89,1989,1989-05-05,Cleveland Cavaliers,108,Chicago Bulls,105,0,0.573170731707317,2.13,109.1,107.7,1.4,97.0,0.6951219512195121,7.95,110.6,102.9,7.7,98.0,-0.12195121951219512,-5.82,-1.5,4.799999999999997,-6.300000000000001,-1.0
1988-89,1989,1989-05-05,Seattle SuperSonics,98,Houston Rockets,96,0,0.5487804878048781,0.22,105.7,104.8,0.9,101.8,0.573170731707317,2.44,111.5,108.6,2.9,100.1,-0.024390243902438935,-2.2199999999999998,-5.799999999999997,-3.799999999999997,-2.0,1.7000000000000028
1988-89,1989,1989-05-05,Atlanta Hawks,113,Milwaukee Bucks,106,0,0.5975609756097561,4.11,110.1,106.4,3.7,98.6,0.6341463414634146,5.26,112.2,107.2,5.0,98.3,-0.03658536585365857,-1.1499999999999995,-2.1000000000000085,-0.7999999999999972,-1.2999999999999998,0.29999999999999716
1988-89,1989,1989-05-06,Golden State Warriors,103,Phoenix Suns,130,1,0.6707317073170732,6.84,113.1,105.7,7.4,104.5,0.524390243902439,-0.59,107.4,107.7,-0.3,107.3,0.14634146341463417,7.43,5.699999999999989,-2.0,7.7,-2.799999999999997
1988-89,1989,1989-05-07,Milwaukee Bucks,96,Atlanta Hawks,92,0,0.6341463414634146,5.26,112.2,107.2,5.0,98.3,0.5975609756097561,4.11,110.1,106.4,3.7,98.6,0.03658536585365857,1.1499999999999995,2.1000000000000085,0.7999999999999972,1.2999999999999998,-0.29999999999999716
1988-89,1989,1989-05-07,Chicago Bulls,101,Cleveland Cavaliers,100,0,0.6951219512195121,7.95,110.6,102.9,7.7,98.0,0.573170731707317,2.13,109.1,107.7,1.4,97.0,0.12195121951219512,5.82,1.5,-4.799999999999997,6.300000000000001,1.0
1988-89,1989,1989-05-07,Seattle SuperSonics,102,Los Angeles Lakers,113,1,0.6951219512195121,6.38,113.8,106.7,7.1,100.1,0.573170731707317,2.44,111.5,108.6,2.9,100.1,0.12195121951219512,3.94,2.299999999999997,-1.8999999999999915,4.199999999999999,0.0
1988-89,1989,1989-05-09,Chicago Bulls,120,New York Knicks,109,0,0.6341463414634146,3.62,111.1,107.5,3.6,104.4,0.573170731707317,2.13,109.1,107.7,1.4,97.0,0.060975609756097615,1.4900000000000002,2.0,-0.20000000000000284,2.2,7.400000000000006
1988-89,1989,1989-05-09,Golden State Warriors,127,Phoenix Suns,122,0,0.6707317073170732,6.84,113.1,105.7,7.4,104.5,0.524390243902439,-0.59,107.4,107.7,-0.3,107.3,0.14634146341463417,7.43,5.699999999999989,-2.0,7.7,-2.799999999999997
1988-89,1989,1989-05-10,Milwaukee Bucks,80,Detroit Pistons,85,1,0.7682926829268293,6.24,110.8,104.7,6.1,95.5,0.5975609756097561,4.11,110.1,106.4,3.7,98.6,0.1707317073170732,2.13,0.7000000000000028,-1.7000000000000028,2.3999999999999995,-3.0999999999999943
1988-89,1989,1989-05-10,Seattle SuperSonics,108,Los Angeles Lakers,130,1,0.6951219512195121,6.38,113.8,106.7,7.1,100.1,0.573170731707317,2.44,111.5,108.6,2.9,100.1,0.12195121951219512,3.94,2.299999999999997,-1.8999999999999915,4.199999999999999,0.0
1988-89,1989,1989-05-11,Phoenix Suns,113,Golden State Warriors,104,0,0.524390243902439,-0.59,107.4,107.7,-0.3,107.3,0.6707317073170732,6.84,113.1,105.7,7.4,104.5,-0.14634146341463417,-7.43,-5.699999999999989,2.0,-7.7,2.799999999999997
1988-89,1989,1989-05-11,Chicago Bulls,97,New York Knicks,114,1,0.6341463414634146,3.62,111.1,107.5,3.6,104.4,0.573170731707317,2.13,109.1,107.7,1.4,97.0,0.060975609756097615,1.4900000000000002,2.0,-0.20000000000000284,2.2,7.400000000000006
1988-89,1989,1989-05-12,Milwaukee Bucks,92,Detroit Pistons,112,1,0.7682926829268293,6.24,110.8,104.7,6.1,95.5,0.5975609756097561,4.11,110.1,106.4,3.7,98.6,0.1707317073170732,2.13,0.7000000000000028,-1.7000000000000028,2.3999999999999995,-3.0999999999999943
1988-89,1989,1989-05-12,Los Angeles Lakers,91,Seattle SuperSonics,86,0,0.573170731707317,2.44,111.5,108.6,2.9,100.1,0.6951219512195121,6.38,113.8,106.7,7.1,100.1,-0.12195121951219512,-3.94,-2.299999999999997,1.8999999999999915,-4.199999999999999,0.0
1988-89,1989,1989-05-13,New York Knicks,88,Chicago Bulls,111,1,0.573170731707317,2.13,109.1,107.7,1.4,97.0,0.6341463414634146,3.62,111.1,107.5,3.6,104.4,-0.060975609756097615,-1.4900000000000002,-2.0,0.20000000000000284,-2.2,-7.400000000000006
1988-89,1989,1989-05-13,Phoenix Suns,135,Golden State Warriors,99,0,0.524390243902439,-0.59,107.4,107.7,-0.3,107.3,0.6707317073170732,6.84,113.1,105.7,7.4,104.5,-0.14634146341463417,-7.43,-5.699999999999989,2.0,-7.7,2.799999999999997
1988-89,1989,1989-05-14,New York Knicks,93,Chicago Bulls,106,1,0.573170731707317,2.13,109.1,107.7,1.4,97.0,0.6341463414634146,3.62,111.1,107.5,3.6,104.4,-0.060975609756097615,-1.4900000000000002,-2.0,0.20000000000000284,-2.2,-7.400000000000006
1988-89,1989,1989-05-14,Detroit Pistons,110,Milwaukee Bucks,90,0,0.5975609756097561,4.11,110.1,106.4,3.7,98.6,0.7682926829268293,6.24,110.8,104.7,6.1,95.5,-0.1707317073170732,-2.13,-0.7000000000000028,1.7000000000000028,-2.3999999999999995,3.0999999999999943
1988-89,1989,1989-05-14,Los Angeles Lakers,97,Seattle SuperSonics,95,0,0.573170731707317,2.44,111.5,108.6,2.9,100.1,0.6951219512195121,6.38,113.8,106.7,7.1,100.1,-0.12195121951219512,-3.94,-2.299999999999997,1.8999999999999915,-4.199999999999999,0.0
1988-89,1989,1989-05-15,Detroit Pistons,96,Milwaukee Bucks,94,0,0.5975609756097561,4.11,110.1,106.4,3.7,98.6,0.7682926829268293,6.24,110.8,104.7,6.1,95.5,-0.1707317073170732,-2.13,-0.7000000000000028,1.7000000000000028,-2.3999999999999995,3.0999999999999943
1988-89,1989,1989-05-16,Chicago Bulls,114,New York Knicks,121,1,0.6341463414634146,3.62,111.1,107.5,3.6,104.4,0.573170731707317,2.13,109.1,107.7,1.4,97.0,0.060975609756097615,1.4900000000000002,2.0,-0.20000000000000284,2.2,7.400000000000006
1988-89,1989,1989-05-16,Golden State Warriors,104,Phoenix Suns,116,1,0.6707317073170732,6.84,113.1,105.7,7.4,104.5,0.524390243902439,-0.59,107.4,107.7,-0.3,107.3,0.14634146341463417,7.43,5.699999999999989,-2.0,7.7,-2.799999999999997
1988-89,1989,1989-05-19,New York Knicks,111,Chicago Bulls,113,1,0.573170731707317,2.13,109.1,107.7,1.4,97.0,0.6341463414634146,3.62,111.1,107.5,3.6,104.4,-0.060975609756097615,-1.4900000000000002,-2.0,0.20000000000000284,-2.2,-7.400000000000006
1988-89,1989,1989-05-20,Phoenix Suns,119,Los Angeles Lakers,127,1,0.6951219512195121,6.38,113.8,106.7,7.1,100.1,0.6707317073170732,6.84,113.1,105.7,7.4,104.5,0.024390243902438935,-0.45999999999999996,0.7000000000000028,1.0,-0.3000000000000007,-4.400000000000006
1988-89,1989,1989-05-21,Chicago Bulls,94,Detroit Pistons,88,0,0.7682926829268293,6.24,110.8,104.7,6.1,95.5,0.573170731707317,2.13,109.1,107.7,1.4,97.0,0.19512195121951226,4.11,1.7000000000000028,-3.0,4.699999999999999,-1.5
1988-89,1989,1989-05-23,Chicago Bulls,91,Detroit Pistons,100,1,0.7682926829268293,6.24,110.8,104.7,6.1,95.5,0.573170731707317,2.13,109.1,107.7,1.4,97.0,0.19512195121951226,4.11,1.7000000000000028,-3.0,4.699999999999999,-1.5
1988-89,1989,1989-05-23,Phoenix Suns,95,Los Angeles Lakers,101,1,0.6951219512195121,6.38,113.8,106.7,7.1,100.1,0.6707317073170732,6.84,113.1,105.7,7.4,104.5,0.024390243902438935,-0.45999999999999996,0.7000000000000028,1.0,-0.3000000000000007,-4.400000000000006
1988-89,1989,1989-05-26,Los Angeles Lakers,110,Phoenix Suns,107,0,0.6707317073170732,6.84,113.1,105.7,7.4,104.5,0.6951219512195121,6.38,113.8,106.7,7.1,100.1,-0.024390243902438935,0.45999999999999996,-0.7000000000000028,-1.0,0.3000000000000007,4.400000000000006
1988-89,1989,1989-05-27,Detroit Pistons,97,Chicago Bulls,99,1,0.573170731707317,2.13,109.1,107.7,1.4,97.0,0.7682926829268293,6.24,110.8,104.7,6.1,95.5,-0.19512195121951226,-4.11,-1.7000000000000028,3.0,-4.699999999999999,1.5
1988-89,1989,1989-05-28,Los Angeles Lakers,122,Phoenix Suns,117,0,0.6707317073170732,6.84,113.1,105.7,7.4,104.5,0.6951219512195121,6.38,113.8,106.7,7.1,100.1,-0.024390243902438935,0.45999999999999996,-0.7000000000000028,-1.0,0.3000000000000007,4.400000000000006
1988-89,1989,1989-05-29,Detroit Pistons,86,Chicago Bulls,80,0,0.573170731707317,2.13,109.1,107.7,1.4,97.0,0.7682926829268293,6.24,110.8,104.7,6.1,95.5,-0.19512195121951226,-4.11,-1.7000000000000028,3.0,-4.699999999999999,1.5
1988-89,1989,1989-05-31,Chicago Bulls,85,Detroit Pistons,94,1,0.7682926829268293,6.24,110.8,104.7,6.1,95.5,0.573170731707317,2.13,109.1,107.7,1.4,97.0,0.19512195121951226,4.11,1.7000000000000028,-3.0,4.699999999999999,-1.5
1988-89,1989,1989-06-02,Detroit Pistons,103,Chicago Bulls,94,0,0.573170731707317,2.13,109.1,107.7,1.4,97.0,0.7682926829268293,6.24,110.8,104.7,6.1,95.5,-0.19512195121951226,-4.11,-1.7000000000000028,3.0,-4.699999999999999,1.5
1988-89,1989,1989-06-06,Los Angeles Lakers,97,Detroit Pistons,109,1,0.7682926829268293,6.24,110.8,104.7,6.1,95.5,0.6951219512195121,6.38,113.8,106.7,7.1,100.1,0.07317073170731714,-0.13999999999999968,-3.0,-2.0,-1.0,-4.599999999999994
1988-89,1989,1989-06-08,Los Angeles Lakers,105,Detroit Pistons,108,1,0.7682926829268293,6.24,110.8,104.7,6.1,95.5,0.6951219512195121,6.38,113.8,106.7,7.1,100.1,0.07317073170731714,-0.13999999999999968,-3.0,-2.0,-1.0,-4.599999999999994
1988-89,1989,1989-06-11,Detroit Pistons,114,Los Angeles Lakers,110,0,0.6951219512195121,6.38,113.8,106.7,7.1,100.1,0.7682926829268293,6.24,110.8,104.7,6.1,95.5,-0.07317073170731714,0.13999999999999968,3.0,2.0,1.0,4.599999999999994
1988-89,1989,1989-06-13,Detroit Pistons,105,Los Angeles Lakers,97,0,0.6951219512195121,6.38,113.8,106.7,7.1,100.1,0.7682926829268293,6.24,110.8,104.7,6.1,95.5,-0.07317073170731714,0.13999999999999968,3.0,2.0,1.0,4.599999999999994
1989-90,1990,1990-04-26,Indiana Pacers,92,Detroit Pistons,104,1,0.7195121951219512,5.41,109.9,103.5,6.4,94.4,0.5121951219512195,-0.18,111.5,111.4,0.1,97.0,0.20731707317073167,5.59,-1.5999999999999943,-7.900000000000006,6.300000000000001,-2.5999999999999943
1989-90,1990,1990-04-26,New York Knicks,105,Boston Celtics,116,1,0.6341463414634146,3.23,112.0,107.9,4.1,98.2,0.5487804878048781,0.78,109.4,108.0,1.4,98.2,0.08536585365853655,2.45,2.5999999999999943,-0.09999999999999432,2.6999999999999997,0.0
1989-90,1990,1990-04-26,Denver Nuggets,103,San Antonio Spurs,119,1,0.6829268292682927,3.58,107.7,104.2,3.5,98.5,0.524390243902439,1.56,108.0,106.7,1.3,105.4,0.1585365853658537,2.02,-0.29999999999999716,-2.5,2.2,-6.900000000000006
1989-90,1990,1990-04-26,Cleveland Cavaliers,106,Philadelphia 76ers,111,1,0.6463414634146342,4.23,113.5,108.4,5.1,96.5,0.5121951219512195,-0.62,106.9,107.2,-0.3,95.0,0.13414634146341464,4.8500000000000005,6.599999999999994,1.2000000000000028,5.3999999999999995,1.5
1989-90,1990,1990-04-26,Dallas Mavericks,102,Portland Trail Blazers,109,1,0.7195121951219512,6.48,110.5,104.4,6.1,102.3,0.573170731707317,0.42,107.2,107.2,0.0,94.5,0.14634146341463417,6.0600000000000005,3.299999999999997,-2.799999999999997,6.1,7.799999999999997
1989-90,1990,1990-04-27,Milwaukee Bucks,97,Chicago Bulls,111,1,0.6707317073170732,2.74,112.3,109.0,3.3,96.7,0.5365853658536586,-1.06,107.3,108.1,-0.8,98.0,0.13414634146341464,3.8000000000000003,5.0,0.9000000000000057,4.1,-1.2999999999999972
1989-90,1990,1990-04-27,Houston Rockets,89,Los Angeles Lakers,101,1,0.7682926829268293,6.74,114.0,107.0,7.0,96.3,0.5,1.71,104.8,103.4,1.4,101.2,0.2682926829268293,5.03,9.200000000000003,3.5999999999999943,5.6,-4.900000000000006
1989-90,1990,1990-04-27,Phoenix Suns,96,Utah Jazz,113,1,0.6707317073170732,4.82,110.3,105.4,4.9,96.1,0.6585365853658537,7.09,113.1,106.2,6.9,100.7,0.012195121951219523,-2.2699999999999996,-2.799999999999997,-0.7999999999999972,-2.0,-4.6000000000000085
1989-90,1990,1990-04-28,New York Knicks,128,Boston Celtics,157,1,0.6341463414634146,3.23,112.0,107.9,4.1,98.2,0.5487804878048781,0.78,109.4,108.0,1.4,98.2,0.08536585365853655,2.45,2.5999999999999943,-0.09999999999999432,2.6999999999999997,0.0
1989-90,1990,1990-04-28,Indiana Pacers,87,Detroit Pistons,100,1,0.7195121951219512,5.41,109.9,103.5,6.4,94.4,0.5121951219512195,-0.18,111.5,111.4,0.1,97.0,0.20731707317073167,5.59,-1.5999999999999943,-7.900000000000006,6.300000000000001,-2.5999999999999943
1989-90,1990,1990-04-28,Dallas Mavericks,107,Portland Trail Blazers,114,1,0.7195121951219512,6.48,110.5,104.4,6.1,102.3,0.573170731707317,0.42,107.2,107.2,0.0,94.5,0.14634146341463417,6.0600000000000005,3.299999999999997,-2.799999999999997,6.1,7.799999999999997
1989-90,1990,1990-04-28,Denver Nuggets,120,San Antonio Spurs,129,1,0.6829268292682927,3.58,107.7,104.2,3.5,98.5,0.524390243902439,1.56,108.0,106.7,1.3,105.4,0.1585365853658537,2.02,-0.29999999999999716,-2.5,2.2,-6.900000000000006
1989-90,1990,1990-04-29,Milwaukee Bucks,102,Chicago Bulls,109,1,0.6707317073170732,2.74,112.3,109.0,3.3,96.7,0.5365853658536586,-1.06,107.3,108.1,-0.8,98.0,0.13414634146341464,3.8000000000000003,5.0,0.9000000000000057,4.1,-1.2999999999999972
1989-90,1990,1990-04-29,Houston Rockets,100,Los Angeles Lakers,104,1,0.7682926829268293,6.74,114.0,107.0,7.0,96.3,0.5,1.71,104.8,103.4,1.4,101.2,0.2682926829268293,5.03,9.200000000000003,3.5999999999999943,5.6,-4.900000000000006
1989-90,1990,1990-04-29,Cleveland Cavaliers,101,Philadelphia 76ers,107,1,0.6463414634146342,4.23,113.5,108.4,5.1,96.5,0.5121951219512195,-0.62,106.9,107.2,-0.3,95.0,0.13414634146341464,4.8500000000000005,6.599999999999994,1.2000000000000028,5.3999999999999995,1.5
1989-90,1990,1990-04-29,Phoenix Suns,105,Utah Jazz,87,0,0.6707317073170732,4.82,110.3,105.4,4.9,96.1,0.6585365853658537,7.09,113.1,106.2,6.9,100.7,0.012195121951219523,-2.2699999999999996,-2.799999999999997,-0.7999999999999972,-2.0,-4.6000000000000085
1989-90,1990,1990-05-01,Los Angeles Lakers,108,Houston Rockets,114,1,0.5,1.71,104.8,103.4,1.4,101.2,0.7682926829268293,6.74,114.0,107.0,7.0,96.3,-0.2682926829268293,-5.03,-9.200000000000003,-3.5999999999999943,-5.6,4.900000000000006
1989-90,1990,1990-05-01,Chicago Bulls,112,Milwaukee Bucks,119,1,0.5365853658536586,-1.06,107.3,108.1,-0.8,98.0,0.6707317073170732,2.74,112.3,109.0,3.3,96.7,-0.13414634146341464,-3.8000000000000003,-5.0,-0.9000000000000057,-4.1,1.2999999999999972
1989-90,1990,1990-05-01,Detroit Pistons,108,Indiana Pacers,96,0,0.5121951219512195,-0.18,111.5,111.4,0.1,97.0,0.7195121951219512,5.41,109.9,103.5,6.4,94.4,-0.20731707317073167,-5.59,1.5999999999999943,7.900000000000006,-6.300000000000001,2.5999999999999943
1989-90,1990,1990-05-01,San Antonio Spurs,131,Denver Nuggets,120,0,0.524390243902439,1.56,108.0,106.7,1.3,105.4,0.6829268292682927,3.58,107.7,104.2,3.5,98.5,-0.1585365853658537,-2.02,0.29999999999999716,2.5,-2.2,6.900000000000006
1989-90,1990,1990-05-01,Portland Trail Blazers,106,Dallas Mavericks,92,0,0.573170731707317,0.42,107.2,107.2,0.0,94.5,0.7195121951219512,6.48,110.5,104.4,6.1,102.3,-0.14634146341463417,-6.0600000000000005,-3.299999999999997,2.799999999999997,-6.1,-7.799999999999997
1989-90,1990,1990-05-01,Philadelphia 76ers,95,Cleveland Cavaliers,122,1,0.5121951219512195,-0.62,106.9,107.2,-0.3,95.0,0.6463414634146342,4.23,113.5,108.4,5.1,96.5,-0.13414634146341464,-4.8500000000000005,-6.599999999999994,-1.2000000000000028,-5.3999999999999995,-1.5
1989-90,1990,1990-05-02,Boston Celtics,99,New York Knicks,102,1,0.5487804878048781,0.78,109.4,108.0,1.4,98.2,0.6341463414634146,3.23,112.0,107.9,4.1,98.2,-0.08536585365853655,-2.45,-2.5999999999999943,0.09999999999999432,-2.6999999999999997,0.0
1989-90,1990,1990-05-02,Utah Jazz,105,Phoenix Suns,120,1,0.6585365853658537,7.09,113.1,106.2,6.9,100.7,0.6707317073170732,4.82,110.3,105.4,4.9,96.1,-0.012195121951219523,2.2699999999999996,2.799999999999997,0.7999999999999972,2.0,4.6000000000000085
1989-90,1990,1990-05-03,Philadelphia 76ers,96,Cleveland Cavaliers,108,1,0.5121951219512195,-0.62,106.9,107.2,-0.3,95.0,0.6463414634146342,4.23,113.5,108.4,5.1,96.5,-0.13414634146341464,-4.8500000000000005,-6.599999999999994,-1.2000000000000028,-5.3999999999999995,-1.5
1989-90,1990,1990-05-03,Los Angeles Lakers,109,Houston Rockets,88,0,0.5,1.71,104.8,103.4,1.4,101.2,0.7682926829268293,6.74,114.0,107.0,7.0,96.3,-0.2682926829268293,-5.03,-9.200000000000003,-3.5999999999999943,-5.6,4.900000000000006
1989-90,1990,1990-05-03,Chicago Bulls,110,Milwaukee Bucks,86,0,0.5365853658536586,-1.06,107.3,108.1,-0.8,98.0,0.6707317073170732,2.74,112.3,109.0,3.3,96.7,-0.13414634146341464,-3.8000000000000003,-5.0,-0.9000000000000057,-4.1,1.2999999999999972
1989-90,1990,1990-05-04,Boston Celtics,108,New York Knicks,135,1,0.5487804878048781,0.78,109.4,108.0,1.4,98.2,0.6341463414634146,3.23,112.0,107.9,4.1,98.2,-0.08536585365853655,-2.45,-2.5999999999999943,0.09999999999999432,-2.6999999999999997,0.0
1989-90,1990,1990-05-04,Utah Jazz,105,Phoenix Suns,94,0,0.6585365853658537,7.09,113.1,106.2,6.9,100.7,0.6707317073170732,4.82,110.3,105.4,4.9,96.1,-0.012195121951219523,2.2699999999999996,2.799999999999997,0.7999999999999972,2.0,4.6000000000000085
1989-90,1990,1990-05-05,Cleveland Cavaliers,97,Philadelphia 76ers,113,1,0.6463414634146342,4.23,113.5,108.4,5.1,96.5,0.5121951219512195,-0.62,106.9,107.2,-0.3,95.0,0.13414634146341464,4.8500000000000005,6.599999999999994,1.2000000000000028,5.3999999999999995,1.5
1989-90,1990,1990-05-05,San Antonio Spurs,94,Portland Trail Blazers,107,1,0.7195121951219512,6.48,110.5,104.4,6.1,102.3,0.6829268292682927,3.58,107.7,104.2,3.5,98.5,0.03658536585365846,2.9000000000000004,2.799999999999997,0.20000000000000284,2.5999999999999996,3.799999999999997
1989-90,1990,1990-05-06,New York Knicks,121,Boston Celtics,114,0,0.6341463414634146,3.23,112.0,107.9,4.1,98.2,0.5487804878048781,0.78,109.4,108.0,1.4,98.2,0.08536585365853655,2.45,2.5999999999999943,-0.09999999999999432,2.6999999999999997,0.0
1989-90,1990,1990-05-06,Phoenix Suns,104,Utah Jazz,102,0,0.6707317073170732,4.82,110.3,105.4,4.9,96.1,0.6585365853658537,7.09,113.1,106.2,6.9,100.7,0.012195121951219523,-2.2699999999999996,-2.799999999999997,-0.7999999999999972,-2.0,-4.6000000000000085
1989-90,1990,1990-05-07,Philadelphia 76ers,85,Chicago Bulls,96,1,0.6707317073170732,2.74,112.3,109.0,3.3,96.7,0.6463414634146342,4.23,113.5,108.4,5.1,96.5,0.024390243902439046,-1.4900000000000002,-1.2000000000000028,0.5999999999999943,-1.7999999999999998,0.20000000000000284
1989-90,1990,1990-05-08,San Antonio Spurs,112,Portland Trail Blazers,122,1,0.7195121951219512,6.48,110.5,104.4,6.1,102.3,0.6829268292682927,3.58,107.7,104.2,3.5,98.5,0.03658536585365846,2.9000000000000004,2.799999999999997,0.20000000000000284,2.5999999999999996,3.799999999999997
1989-90,1990,1990-05-08,New York Knicks,77,Detroit Pistons,112,1,0.7195121951219512,5.41,109.9,103.5,6.4,94.4,0.5487804878048781,0.78,109.4,108.0,1.4,98.2,0.1707317073170731,4.63,0.5,-4.5,5.0,-3.799999999999997
1989-90,1990,1990-05-08,Phoenix Suns,104,Los Angeles Lakers,102,0,0.7682926829268293,6.74,114.0,107.0,7.0,96.3,0.6585365853658537,7.09,113.1,106.2,6.9,100.7,0.1097560975609756,-0.34999999999999964,0.9000000000000057,0.7999999999999972,0.09999999999999964,-4.400000000000006
1989-90,1990,1990-05-09,Philadelphia 76ers,96,Chicago Bulls,101,1,0.6707317073170732,2.74,112.3,109.0,3.3,96.7,0.6463414634146342,4.23,113.5,108.4,5.1,96.5,0.024390243902439046,-1.4900000000000002,-1.2000000000000028,0.5999999999999943,-1.7999999999999998,0.20000000000000284
1989-90,1990,1990-05-10,New York Knicks,97,Detroit Pistons,104,1,0.7195121951219512,5.41,109.9,103.5,6.4,94.4,0.5487804878048781,0.78,109.4,108.0,1.4,98.2,0.1707317073170731,4.63,0.5,-4.5,5.0,-3.799999999999997
1989-90,1990,1990-05-10,Phoenix Suns,100,Los Angeles Lakers,124,1,0.7682926829268293,6.74,114.0,107.0,7.0,96.3,0.6585365853658537,7.09,113.1,106.2,6.9,100.7,0.1097560975609756,-0.34999999999999964,0.9000000000000057,0.7999999999999972,0.09999999999999964,-4.400000000000006
1989-90,1990,1990-05-10,Portland Trail Blazers,98,San Antonio Spurs,121,1,0.6829268292682927,3.58,107.7,104.2,3.5,98.5,0.7195121951219512,6.48,110.5,104.4,6.1,102.3,-0.03658536585365846,-2.9000000000000004,-2.799999999999997,-0.20000000000000284,-2.5999999999999996,-3.799999999999997
1989-90,1990,1990-05-11,Chicago Bulls,112,Philadelphia 76ers,118,1,0.6463414634146342,4.23,113.5,108.4,5.1,96.5,0.6707317073170732,2.74,112.3,109.0,3.3,96.7,-0.024390243902439046,1.4900000000000002,1.2000000000000028,-0.5999999999999943,1.7999999999999998,-0.20000000000000284
1989-90,1990,1990-05-12,Detroit Pistons,103,New York Knicks,111,1,0.5487804878048781,0.78,109.4,108.0,1.4,98.2,0.7195121951219512,5.41,109.9,103.5,6.4,94.4,-0.1707317073170731,-4.63,-0.5,4.5,-5.0,3.799999999999997
1989-90,1990,1990-05-12,Los Angeles Lakers,103,Phoenix Suns,117,1,0.6585365853658537,7.09,113.1,106.2,6.9,100.7,0.7682926829268293,6.74,114.0,107.0,7.0,96.3,-0.1097560975609756,0.34999999999999964,-0.9000000000000057,-0.7999999999999972,-0.09999999999999964,4.400000000000006
1989-90,1990,1990-05-12,Portland Trail Blazers,105,San Antonio Spurs,115,1,0.6829268292682927,3.58,107.7,104.2,3.5,98.5,0.7195121951219512,6.48,110.5,104.4,6.1,102.3,-0.03658536585365846,-2.9000000000000004,-2.799999999999997,-0.20000000000000284,-2.5999999999999996,-3.799999999999997
1989-90,1990,1990-05-13,Detroit Pistons,102,New York Knicks,90,0,0.5487804878048781,0.78,109.4,108.0,1.4,98.2,0.7195121951219512,5.41,109.9,103.5,6.4,94.4,-0.1707317073170731,-4.63,-0.5,4.5,-5.0,3.799999999999997
1989-90,1990,1990-05-13,Los Angeles Lakers,101,Phoenix Suns,114,1,0.6585365853658537,7.09,113.1,106.2,6.9,100.7,0.7682926829268293,6.74,114.0,107.0,7.0,96.3,-0.1097560975609756,0.34999999999999964,-0.9000000000000057,-0.7999999999999972,-0.09999999999999964,4.400000000000006
1989-90,1990,1990-05-13,Chicago Bulls,111,Philadelphia 76ers,101,0,0.6463414634146342,4.23,113.5,108.4,5.1,96.5,0.6707317073170732,2.74,112.3,109.0,3.3,96.7,-0.024390243902439046,1.4900000000000002,1.2000000000000028,-0.5999999999999943,1.7999999999999998,-0.20000000000000284
1989-90,1990,1990-05-15,New York Knicks,84,Detroit Pistons,95,1,0.7195121951219512,5.41,109.9,103.5,6.4,94.4,0.5487804878048781,0.78,109.4,108.0,1.4,98.2,0.1707317073170731,4.63,0.5,-4.5,5.0,-3.799999999999997
1989-90,1990,1990-05-15,Phoenix Suns,106,Los Angeles Lakers,103,0,0.7682926829268293,6.74,114.0,107.0,7.0,96.3,0.6585365853658537,7.09,113.1,106.2,6.9,100.7,0.1097560975609756,-0.34999999999999964,0.9000000000000057,0.7999999999999972,0.09999999999999964,-4.400000000000006
1989-90,1990,1990-05-15,San Antonio Spurs,132,Portland Trail Blazers,138,1,0.7195121951219512,6.48,110.5,104.4,6.1,102.3,0.6829268292682927,3.58,107.7,104.2,3.5,98.5,0.03658536585365846,2.9000000000000004,2.799999999999997,0.20000000000000284,2.5999999999999996,3.799999999999997
1989-90,1990,1990-05-16,Philadelphia 76ers,99,Chicago Bulls,117,1,0.6707317073170732,2.74,112.3,109.0,3.3,96.7,0.6463414634146342,4.23,113.5,108.4,5.1,96.5,0.024390243902439046,-1.4900000000000002,-1.2000000000000028,0.5999999999999943,-1.7999999999999998,0.20000000000000284
1989-90,1990,1990-05-17,Portland Trail Blazers,97,San Antonio Spurs,112,1,0.6829268292682927,3.58,107.7,104.2,3.5,98.5,0.7195121951219512,6.48,110.5,104.4,6.1,102.3,-0.03658536585365846,-2.9000000000000004,-2.799999999999997,-0.20000000000000284,-2.5999999999999996,-3.799999999999997
1989-90,1990,1990-05-19,San Antonio Spurs,105,Portland Trail Blazers,108,1,0.7195121951219512,6.48,110.5,104.4,6.1,102.3,0.6829268292682927,3.58,107.7,104.2,3.5,98.5,0.03658536585365846,2.9000000000000004,2.799999999999997,0.20000000000000284,2.5999999999999996,3.799999999999997
1989-90,1990,1990-05-20,Chicago Bulls,77,Detroit Pistons,86,1,0.7195121951219512,5.41,109.9,103.5,6.4,94.4,0.6707317073170732,2.74,112.3,109.0,3.3,96.7,0.04878048780487798,2.67,-2.3999999999999915,-5.5,3.1000000000000005,-2.299999999999997
1989-90,1990,1990-05-21,Phoenix Suns,98,Portland Trail Blazers,100,1,0.7195121951219512,6.48,110.5,104.4,6.1,102.3,0.6585365853658537,7.09,113.1,106.2,6.9,100.7,0.060975609756097504,-0.6099999999999994,-2.5999999999999943,-1.7999999999999972,-0.8000000000000007,1.5999999999999943
1989-90,1990,1990-05-22,Chicago Bulls,93,Detroit Pistons,102,1,0.7195121951219512,5.41,109.9,103.5,6.4,94.4,0.6707317073170732,2.74,112.3,109.0,3.3,96.7,0.04878048780487798,2.67,-2.3999999999999915,-5.5,3.1000000000000005,-2.299999999999997
1989-90,1990,1990-05-23,Phoenix Suns,107,Portland Trail Blazers,108,1,0.7195121951219512,6.48,110.5,104.4,6.1,102.3,0.6585365853658537,7.09,113.1,106.2,6.9,100.7,0.060975609756097504,-0.6099999999999994,-2.5999999999999943,-1.7999999999999972,-0.8000000000000007,1.5999999999999943
1989-90,1990,1990-05-25,Portland Trail Blazers,89,Phoenix Suns,123,1,0.6585365853658537,7.09,113.1,106.2,6.9,100.7,0.7195121951219512,6.48,110.5,104.4,6.1,102.3,-0.060975609756097504,0.6099999999999994,2.5999999999999943,1.7999999999999972,0.8000000000000007,-1.5999999999999943
1989-90,1990,1990-05-26,Detroit Pistons,102,Chicago Bulls,107,1,0.6707317073170732,2.74,112.3,109.0,3.3,96.7,0.7195121951219512,5.41,109.9,103.5,6.4,94.4,-0.04878048780487798,-2.67,2.3999999999999915,5.5,-3.1000000000000005,2.299999999999997
1989-90,1990,1990-05-27,Portland Trail Blazers,107,Phoenix Suns,119,1,0.6585365853658537,7.09,113.1,106.2,6.9,100.7,0.7195121951219512,6.48,110.5,104.4,6.1,102.3,-0.060975609756097504,0.6099999999999994,2.5999999999999943,1.7999999999999972,0.8000000000000007,-1.5999999999999943
1989-90,1990,1990-05-28,Detroit Pistons,101,Chicago Bulls,108,1,0.6707317073170732,2.74,112.3,109.0,3.3,96.7,0.7195121951219512,5.41,109.9,103.5,6.4,94.4,-0.04878048780487798,-2.67,2.3999999999999915,5.5,-3.1000000000000005,2.299999999999997
1989-90,1990,1990-05-29,Phoenix Suns,114,Portland Trail Blazers,120,1,0.7195121951219512,6.48,110.5,104.4,6.1,102.3,0.6585365853658537,7.09,113.1,106.2,6.9,100.7,0.060975609756097504,-0.6099999999999994,-2.5999999999999943,-1.7999999999999972,-0.8000000000000007,1.5999999999999943
1989-90,1990,1990-05-30,Chicago Bulls,83,Detroit Pistons,97,1,0.7195121951219512,5.41,109.9,103.5,6.4,94.4,0.6707317073170732,2.74,112.3,109.0,3.3,96.7,0.04878048780487798,2.67,-2.3999999999999915,-5.5,3.1000000000000005,-2.299999999999997
1989-90,1990,1990-05-31,Portland Trail Blazers,112,Phoenix Suns,109,0,0.6585365853658537,7.09,113.1,106.2,6.9,100.7,0.7195121951219512,6.48,110.5,104.4,6.1,102.3,-0.060975609756097504,0.6099999999999994,2.5999999999999943,1.7999999999999972,0.8000000000000007,-1.5999999999999943
1989-90,1990,1990-06-01,Detroit Pistons,91,Chicago Bulls,109,1,0.6707317073170732,2.74,112.3,109.0,3.3,96.7,0.7195121951219512,5.41,109.9,103.5,6.4,94.4,-0.04878048780487798,-2.67,2.3999999999999915,5.5,-3.1000000000000005,2.299999999999997
1989-90,1990,1990-06-03,Chicago Bulls,74,Detroit Pistons,93,1,0.7195121951219512,5.41,109.9,103.5,6.4,94.4,0.6707317073170732,2.74,112.3,109.0,3.3,96.7,0.04878048780487798,2.67,-2.3999999999999915,-5.5,3.1000000000000005,-2.299999999999997
1989-90,1990,1990-06-05,Portland Trail Blazers,99,Detroit Pistons,105,1,0.7195121951219512,5.41,109.9,103.5,6.4,94.4,0.7195121951219512,6.48,110.5,104.4,6.1,102.3,0.0,-1.0700000000000003,-0.5999999999999943,-0.9000000000000057,0.3000000000000007,-7.8999999999999915
1989-90,1990,1990-06-07,Portland Trail Blazers,106,Detroit Pistons,105,0,0.7195121951219512,5.41,109.9,103.5,6.4,94.4,0.7195121951219512,6.48,110.5,104.4,6.1,102.3,0.0,-1.0700000000000003,-0.5999999999999943,-0.9000000000000057,0.3000000000000007,-7.8999999999999915
1989-90,1990,1990-06-10,Detroit Pistons,121,Portland Trail Blazers,106,0,0.7195121951219512,6.48,110.5,104.4,6.1,102.3,0.7195121951219512,5.41,109.9,103.5,6.4,94.4,0.0,1.0700000000000003,0.5999999999999943,0.9000000000000057,-0.3000000000000007,7.8999999999999915
1989-90,1990,1990-06-12,Detroit Pistons,112,Portland Trail Blazers,109,0,0.7195121951219512,6.48,110.5,104.4,6.1,102.3,0.7195121951219512,5.41,109.9,103.5,6.4,94.4,0.0,1.0700000000000003,0.5999999999999943,0.9000000000000057,-0.3000000000000007,7.8999999999999915
1989-90,1990,1990-06-14,Detroit Pistons,92,Portland Trail Blazers,90,0,0.7195121951219512,6.48,110.5,104.4,6.1,102.3,0.7195121951219512,5.41,109.9,103.5,6.4,94.4,0.0,1.0700000000000003,0.5999999999999943,0.9000000000000057,-0.3000000000000007,7.8999999999999915
1990-91,1991,1991-04-25,Houston Rockets,92,Los Angeles Lakers,94,1,0.7073170731707317,6.73,112.1,105.0,7.1,94.1,0.6341463414634146,3.27,107.4,103.9,3.5,98.5,0.07317073170731703,3.4600000000000004,4.699999999999989,1.0999999999999943,3.5999999999999996,-4.400000000000006
1990-91,1991,1991-04-25,New York Knicks,85,Chicago Bulls,126,1,0.7439024390243902,8.57,114.6,105.2,9.4,95.6,0.47560975609756095,-0.43,107.1,107.3,-0.2,95.0,0.2682926829268293,9.0,7.5,-2.0999999999999943,9.6,0.5999999999999943
1990-91,1991,1991-04-25,Golden State Warriors,121,San Antonio Spurs,130,1,0.6707317073170732,4.3,107.8,103.3,4.5,98.6,0.5365853658536586,1.72,111.9,110.3,1.6,103.6,0.13414634146341464,2.58,-4.1000000000000085,-7.0,2.9,-5.0
1990-91,1991,1991-04-25,Philadelphia 76ers,99,Milwaukee Bucks,90,0,0.5853658536585366,2.33,109.7,107.2,2.5,96.1,0.5365853658536586,-0.39,107.9,108.1,-0.2,95.7,0.04878048780487798,2.72,1.7999999999999972,-0.8999999999999915,2.7,0.3999999999999915
1990-91,1991,1991-04-25,Utah Jazz,129,Phoenix Suns,90,0,0.6707317073170732,6.49,112.6,106.1,6.5,101.0,0.6585365853658537,3.18,108.6,105.1,3.5,95.3,0.012195121951219523,3.31,4.0,1.0,3.0,5.700000000000003
1990-91,1991,1991-04-26,Indiana Pacers,120,Boston Celtics,127,1,0.6829268292682927,5.22,112.6,106.7,5.9,98.5,0.5,-0.37,111.7,112.1,-0.4,99.4,0.18292682926829273,5.59,0.8999999999999915,-5.3999999999999915,6.300000000000001,-0.9000000000000057
1990-91,1991,1991-04-26,Atlanta Hawks,103,Detroit Pistons,98,0,0.6097560975609756,3.08,108.2,104.6,3.6,91.9,0.524390243902439,0.72,110.9,110.1,0.8,98.6,0.08536585365853655,2.3600000000000003,-2.700000000000003,-5.5,2.8,-6.699999999999989
1990-91,1991,1991-04-26,Seattle SuperSonics,102,Portland Trail Blazers,110,1,0.7682926829268293,8.47,112.8,104.3,8.5,100.5,0.5,1.31,109.7,108.5,1.2,96.2,0.2682926829268293,7.16,3.0999999999999943,-4.200000000000003,7.3,4.299999999999997
1990-91,1991,1991-04-27,Houston Rockets,98,Los Angeles Lakers,109,1,0.7073170731707317,6.73,112.1,105.0,7.1,94.1,0.6341463414634146,3.27,107.4,103.9,3.5,98.5,0.07317073170731703,3.4600000000000004,4.699999999999989,1.0999999999999943,3.5999999999999996,-4.400000000000006
1990-91,1991,1991-04-27,Philadelphia 76ers,116,Milwaukee Bucks,112,0,0.5853658536585366,2.33,109.7,107.2,2.5,96.1,0.5365853658536586,-0.39,107.9,108.1,-0.2,95.7,0.04878048780487798,2.72,1.7999999999999972,-0.8999999999999915,2.7,0.3999999999999915
1990-91,1991,1991-04-27,Utah Jazz,92,Phoenix Suns,102,1,0.6707317073170732,6.49,112.6,106.1,6.5,101.0,0.6585365853658537,3.18,108.6,105.1,3.5,95.3,0.012195121951219523,3.31,4.0,1.0,3.0,5.700000000000003
1990-91,1991,1991-04-27,Golden State Warriors,111,San Antonio Spurs,98,0,0.6707317073170732,4.3,107.8,103.3,4.5,98.6,0.5365853658536586,1.72,111.9,110.3,1.6,103.6,0.13414634146341464,2.58,-4.1000000000000085,-7.0,2.9,-5.0
1990-91,1991,1991-04-28,Indiana Pacers,130,Boston Celtics,118,0,0.6829268292682927,5.22,112.6,106.7,5.9,98.5,0.5,-0.37,111.7,112.1,-0.4,99.4,0.18292682926829273,5.59,0.8999999999999915,-5.3999999999999915,6.300000000000001,-0.9000000000000057
1990-91,1991,1991-04-28,New York Knicks,79,Chicago Bulls,89,1,0.7439024390243902,8.57,114.6,105.2,9.4,95.6,0.47560975609756095,-0.43,107.1,107.3,-0.2,95.0,0.2682926829268293,9.0,7.5,-2.0999999999999943,9.6,0.5999999999999943
1990-91,1991,1991-04-28,Atlanta Hawks,88,Detroit Pistons,101,1,0.6097560975609756,3.08,108.2,104.6,3.6,91.9,0.524390243902439,0.72,110.9,110.1,0.8,98.6,0.08536585365853655,2.3600000000000003,-2.700000000000003,-5.5,2.8,-6.699999999999989
1990-91,1991,1991-04-28,Seattle SuperSonics,106,Portland Trail Blazers,115,1,0.7682926829268293,8.47,112.8,104.3,8.5,100.5,0.5,1.31,109.7,108.5,1.2,96.2,0.2682926829268293,7.16,3.0999999999999943,-4.200000000000003,7.3,4.299999999999997
1990-91,1991,1991-04-30,Milwaukee Bucks,100,Philadelphia 76ers,121,1,0.5365853658536586,-0.39,107.9,108.1,-0.2,95.7,0.5853658536585366,2.33,109.7,107.2,2.5,96.1,-0.04878048780487798,-2.72,-1.7999999999999972,0.8999999999999915,-2.7,-0.3999999999999915
1990-91,1991,1991-04-30,Phoenix Suns,98,Utah Jazz,107,1,0.6585365853658537,3.18,108.6,105.1,3.5,95.3,0.6707317073170732,6.49,112.6,106.1,6.5,101.0,-0.012195121951219523,-3.31,-4.0,-1.0,-3.0,-5.700000000000003
1990-91,1991,1991-04-30,Portland Trail Blazers,99,Seattle SuperSonics,102,1,0.5,1.31,109.7,108.5,1.2,96.2,0.7682926829268293,8.47,112.8,104.3,8.5,100.5,-0.2682926829268293,-7.16,-3.0999999999999943,4.200000000000003,-7.3,-4.299999999999997
1990-91,1991,1991-04-30,Chicago Bulls,103,New York Knicks,94,0,0.47560975609756095,-0.43,107.1,107.3,-0.2,95.0,0.7439024390243902,8.57,114.6,105.2,9.4,95.6,-0.2682926829268293,-9.0,-7.5,2.0999999999999943,-9.6,-0.5999999999999943
1990-91,1991,1991-04-30,Los Angeles Lakers,94,Houston Rockets,90,0,0.6341463414634146,3.27,107.4,103.9,3.5,98.5,0.7073170731707317,6.73,112.1,105.0,7.1,94.1,-0.07317073170731703,-3.4600000000000004,-4.699999999999989,-1.0999999999999943,-3.5999999999999996,4.400000000000006
1990-91,1991,1991-04-30,Detroit Pistons,103,Atlanta Hawks,91,0,0.524390243902439,0.72,110.9,110.1,0.8,98.6,0.6097560975609756,3.08,108.2,104.6,3.6,91.9,-0.08536585365853655,-2.3600000000000003,2.700000000000003,5.5,-2.8,6.699999999999989
1990-91,1991,1991-05-01,San Antonio Spurs,106,Golden State Warriors,109,1,0.5365853658536586,1.72,111.9,110.3,1.6,103.6,0.6707317073170732,4.3,107.8,103.3,4.5,98.6,-0.13414634146341464,-2.58,4.1000000000000085,7.0,-2.9,5.0
1990-91,1991,1991-05-01,Boston Celtics,112,Indiana Pacers,105,0,0.5,-0.37,111.7,112.1,-0.4,99.4,0.6829268292682927,5.22,112.6,106.7,5.9,98.5,-0.18292682926829273,-5.59,-0.8999999999999915,5.3999999999999915,-6.300000000000001,0.9000000000000057
1990-91,1991,1991-05-02,Detroit Pistons,111,Atlanta Hawks,123,1,0.524390243902439,0.72,110.9,110.1,0.8,98.6,0.6097560975609756,3.08,108.2,104.6,3.6,91.9,-0.08536585365853655,-2.3600000000000003,2.700000000000003,5.5,-2.8,6.699999999999989
1990-91,1991,1991-05-02,Portland Trail Blazers,89,Seattle SuperSonics,101,1,0.5,1.31,109.7,108.5,1.2,96.2,0.7682926829268293,8.47,112.8,104.3,8.5,100.5,-0.2682926829268293,-7.16,-3.0999999999999943,4.200000000000003,-7.3,-4.299999999999997
1990-91,1991,1991-05-02,Phoenix Suns,93,Utah Jazz,101,1,0.6585365853658537,3.18,108.6,105.1,3.5,95.3,0.6707317073170732,6.49,112.6,106.1,6.5,101.0,-0.012195121951219523,-3.31,-4.0,-1.0,-3.0,-5.700000000000003
1990-91,1991,1991-05-03,San Antonio Spurs,97,Golden State Warriors,110,1,0.5365853658536586,1.72,111.9,110.3,1.6,103.6,0.6707317073170732,4.3,107.8,103.3,4.5,98.6,-0.13414634146341464,-2.58,4.1000000000000085,7.0,-2.9,5.0
1990-91,1991,1991-05-03,Boston Celtics,113,Indiana Pacers,116,1,0.5,-0.37,111.7,112.1,-0.4,99.4,0.6829268292682927,5.22,112.6,106.7,5.9,98.5,-0.18292682926829273,-5.59,-0.8999999999999915,5.3999999999999915,-6.300000000000001,0.9000000000000057
1990-91,1991,1991-05-04,Philadelphia 76ers,92,Chicago Bulls,105,1,0.7439024390243902,8.57,114.6,105.2,9.4,95.6,0.5365853658536586,-0.39,107.9,108.1,-0.2,95.7,0.20731707317073167,8.96,6.699999999999989,-2.8999999999999915,9.6,-0.10000000000000853
1990-91,1991,1991-05-04,Seattle SuperSonics,107,Portland Trail Blazers,119,1,0.7682926829268293,8.47,112.8,104.3,8.5,100.5,0.5,1.31,109.7,108.5,1.2,96.2,0.2682926829268293,7.16,3.0999999999999943,-4.200000000000003,7.3,4.299999999999997
1990-91,1991,1991-05-05,Indiana Pacers,121,Boston Celtics,124,1,0.6829268292682927,5.22,112.6,106.7,5.9,98.5,0.5,-0.37,111.7,112.1,-0.4,99.4,0.18292682926829273,5.59,0.8999999999999915,-5.3999999999999915,6.300000000000001,-0.9000000000000057
1990-91,1991,1991-05-05,Atlanta Hawks,81,Detroit Pistons,113,1,0.6097560975609756,3.08,108.2,104.6,3.6,91.9,0.524390243902439,0.72,110.9,110.1,0.8,98.6,0.08536585365853655,2.3600000000000003,-2.700000000000003,-5.5,2.8,-6.699999999999989
1990-91,1991,1991-05-05,Golden State Warriors,116,Los Angeles Lakers,126,1,0.7073170731707317,6.73,112.1,105.0,7.1,94.1,0.5365853658536586,1.72,111.9,110.3,1.6,103.6,0.1707317073170731,5.010000000000001,0.19999999999998863,-5.299999999999997,5.5,-9.5
1990-91,1991,1991-05-06,Philadelphia 76ers,100,Chicago Bulls,112,1,0.7439024390243902,8.57,114.6,105.2,9.4,95.6,0.5365853658536586,-0.39,107.9,108.1,-0.2,95.7,0.20731707317073167,8.96,6.699999999999989,-2.8999999999999915,9.6,-0.10000000000000853
1990-91,1991,1991-05-07,Utah Jazz,97,Portland Trail Blazers,117,1,0.7682926829268293,8.47,112.8,104.3,8.5,100.5,0.6585365853658537,3.18,108.6,105.1,3.5,95.3,0.1097560975609756,5.290000000000001,4.200000000000003,-0.7999999999999972,5.0,5.200000000000003
1990-91,1991,1991-05-07,Detroit Pistons,86,Boston Celtics,75,0,0.6829268292682927,5.22,112.6,106.7,5.9,98.5,0.6097560975609756,3.08,108.2,104.6,3.6,91.9,0.07317073170731714,2.1399999999999997,4.3999999999999915,2.1000000000000085,2.3000000000000003,6.599999999999994
1990-91,1991,1991-05-08,Golden State Warriors,125,Los Angeles Lakers,124,0,0.7073170731707317,6.73,112.1,105.0,7.1,94.1,0.5365853658536586,1.72,111.9,110.3,1.6,103.6,0.1707317073170731,5.010000000000001,0.19999999999998863,-5.299999999999997,5.5,-9.5
1990-91,1991,1991-05-09,Detroit Pistons,103,Boston Celtics,109,1,0.6829268292682927,5.22,112.6,106.7,5.9,98.5,0.6097560975609756,3.08,108.2,104.6,3.6,91.9,0.07317073170731714,2.1399999999999997,4.3999999999999915,2.1000000000000085,2.3000000000000003,6.599999999999994
1990-91,1991,1991-05-09,Utah Jazz,116,Portland Trail Blazers,118,1,0.7682926829268293,8.47,112.8,104.3,8.5,100.5,0.6585365853658537,3.18,108.6,105.1,3.5,95.3,0.1097560975609756,5.290000000000001,4.200000000000003,-0.7999999999999972,5.0,5.200000000000003
1990-91,1991,1991-05-10,Los Angeles Lakers,115,Golden State Warriors,112,0,0.5365853658536586,1.72,111.9,110.3,1.6,103.6,0.7073170731707317,6.73,112.1,105.0,7.1,94.1,-0.1707317073170731,-5.010000000000001,-0.19999999999998863,5.299999999999997,-5.5,9.5
1990-91,1991,1991-05-10,Chicago Bulls,97,Philadelphia 76ers,99,1,0.5365853658536586,-0.39,107.9,108.1,-0.2,95.7,0.7439024390243902,8.57,114.6,105.2,9.4,95.6,-0.20731707317073167,-8.96,-6.699999999999989,2.8999999999999915,-9.6,0.10000000000000853
1990-91,1991,1991-05-11,Boston Celtics,115,Detroit Pistons,83,0,0.6097560975609756,3.08,108.2,104.6,3.6,91.9,0.6829268292682927,5.22,112.6,106.7,5.9,98.5,-0.07317073170731714,-2.1399999999999997,-4.3999999999999915,-2.1000000000000085,-2.3000000000000003,-6.599999999999994
1990-91,1991,1991-05-11,Portland Trail Blazers,101,Utah Jazz,107,1,0.6585365853658537,3.18,108.6,105.1,3.5,95.3,0.7682926829268293,8.47,112.8,104.3,8.5,100.5,-0.1097560975609756,-5.290000000000001,-4.200000000000003,0.7999999999999972,-5.0,-5.200000000000003
1990-91,1991,1991-05-12,Los Angeles Lakers,123,Golden State Warriors,107,0,0.5365853658536586,1.72,111.9,110.3,1.6,103.6,0.7073170731707317,6.73,112.1,105.0,7.1,94.1,-0.1707317073170731,-5.010000000000001,-0.19999999999998863,5.299999999999997,-5.5,9.5
1990-91,1991,1991-05-12,Chicago Bulls,101,Philadelphia 76ers,85,0,0.5365853658536586,-0.39,107.9,108.1,-0.2,95.7,0.7439024390243902,8.57,114.6,105.2,9.4,95.6,-0.20731707317073167,-8.96,-6.699999999999989,2.8999999999999915,-9.6,0.10000000000000853
1990-91,1991,1991-05-12,Portland Trail Blazers,104,Utah Jazz,101,0,0.6585365853658537,3.18,108.6,105.1,3.5,95.3,0.7682926829268293,8.47,112.8,104.3,8.5,100.5,-0.1097560975609756,-5.290000000000001,-4.200000000000003,0.7999999999999972,-5.0,-5.200000000000003
1990-91,1991,1991-05-13,Boston Celtics,97,Detroit Pistons,104,1,0.6097560975609756,3.08,108.2,104.6,3.6,91.9,0.6829268292682927,5.22,112.6,106.7,5.9,98.5,-0.07317073170731714,-2.1399999999999997,-4.3999999999999915,-2.1000000000000085,-2.3000000000000003,-6.599999999999994
1990-91,1991,1991-05-14,Philadelphia 76ers,95,Chicago Bulls,100,1,0.7439024390243902,8.57,114.6,105.2,9.4,95.6,0.5365853658536586,-0.39,107.9,108.1,-0.2,95.7,0.20731707317073167,8.96,6.699999999999989,-2.8999999999999915,9.6,-0.10000000000000853
1990-91,1991,1991-05-14,Golden State Warriors,119,Los Angeles Lakers,124,1,0.7073170731707317,6.73,112.1,105.0,7.1,94.1,0.5365853658536586,1.72,111.9,110.3,1.6,103.6,0.1707317073170731,5.010000000000001,0.19999999999998863,-5.299999999999997,5.5,-9.5
1990-91,1991,1991-05-14,Utah Jazz,96,Portland Trail Blazers,103,1,0.7682926829268293,8.47,112.8,104.3,8.5,100.5,0.6585365853658537,3.18,108.6,105.1,3.5,95.3,0.1097560975609756,5.290000000000001,4.200000000000003,-0.7999999999999972,5.0,5.200000000000003
1990-91,1991,1991-05-15,Detroit Pistons,116,Boston Celtics,111,0,0.6829268292682927,5.22,112.6,106.7,5.9,98.5,0.6097560975609756,3.08,108.2,104.6,3.6,91.9,0.07317073170731714,2.1399999999999997,4.3999999999999915,2.1000000000000085,2.3000000000000003,6.599999999999994
1990-91,1991,1991-05-17,Boston Celtics,113,Detroit Pistons,117,1,0.6097560975609756,3.08,108.2,104.6,3.6,91.9,0.6829268292682927,5.22,112.6,106.7,5.9,98.5,-0.07317073170731714,-2.1399999999999997,-4.3999999999999915,-2.1000000000000085,-2.3000000000000003,-6.599999999999994
1990-91,1991,1991-05-18,Los Angeles Lakers,111,Portland Trail Blazers,106,0,0.7682926829268293,8.47,112.8,104.3,8.5,100.5,0.7073170731707317,6.73,112.1,105.0,7.1,94.1,0.060975609756097615,1.7400000000000002,0.7000000000000028,-0.7000000000000028,1.4000000000000004,6.400000000000006
1990-91,1991,1991-05-19,Detroit Pistons,83,Chicago Bulls,94,1,0.7439024390243902,8.57,114.6,105.2,9.4,95.6,0.6097560975609756,3.08,108.2,104.6,3.6,91.9,0.13414634146341464,5.49,6.3999999999999915,0.6000000000000085,5.800000000000001,3.6999999999999886
1990-91,1991,1991-05-21,Detroit Pistons,97,Chicago Bulls,105,1,0.7439024390243902,8.57,114.6,105.2,9.4,95.6,0.6097560975609756,3.08,108.2,104.6,3.6,91.9,0.13414634146341464,5.49,6.3999999999999915,0.6000000000000085,5.800000000000001,3.6999999999999886
1990-91,1991,1991-05-21,Los Angeles Lakers,98,Portland Trail Blazers,109,1,0.7682926829268293,8.47,112.8,104.3,8.5,100.5,0.7073170731707317,6.73,112.1,105.0,7.1,94.1,0.060975609756097615,1.7400000000000002,0.7000000000000028,-0.7000000000000028,1.4000000000000004,6.400000000000006
1990-91,1991,1991-05-24,Portland Trail Blazers,92,Los Angeles Lakers,106,1,0.7073170731707317,6.73,112.1,105.0,7.1,94.1,0.7682926829268293,8.47,112.8,104.3,8.5,100.5,-0.060975609756097615,-1.7400000000000002,-0.7000000000000028,0.7000000000000028,-1.4000000000000004,-6.400000000000006
1990-91,1991,1991-05-25,Chicago Bulls,113,Detroit Pistons,107,0,0.6097560975609756,3.08,108.2,104.6,3.6,91.9,0.7439024390243902,8.57,114.6,105.2,9.4,95.6,-0.13414634146341464,-5.49,-6.3999999999999915,-0.6000000000000085,-5.800000000000001,-3.6999999999999886
1990-91,1991,1991-05-26,Portland Trail Blazers,95,Los Angeles Lakers,116,1,0.7073170731707317,6.73,112.1,105.0,7.1,94.1,0.7682926829268293,8.47,112.8,104.3,8.5,100.5,-0.060975609756097615,-1.7400000000000002,-0.7000000000000028,0.7000000000000028,-1.4000000000000004,-6.400000000000006
1990-91,1991,1991-05-27,Chicago Bulls,115,Detroit Pistons,94,0,0.6097560975609756,3.08,108.2,104.6,3.6,91.9,0.7439024390243902,8.57,114.6,105.2,9.4,95.6,-0.13414634146341464,-5.49,-6.3999999999999915,-0.6000000000000085,-5.800000000000001,-3.6999999999999886
1990-91,1991,1991-05-28,Los Angeles Lakers,84,Portland Trail Blazers,95,1,0.7682926829268293,8.47,112.8,104.3,8.5,100.5,0.7073170731707317,6.73,112.1,105.0,7.1,94.1,0.060975609756097615,1.7400000000000002,0.7000000000000028,-0.7000000000000028,1.4000000000000004,6.400000000000006
1990-91,1991,1991-05-30,Portland Trail Blazers,90,Los Angeles Lakers,91,1,0.7073170731707317,6.73,112.1,105.0,7.1,94.1,0.7682926829268293,8.47,112.8,104.3,8.5,100.5,-0.060975609756097615,-1.7400000000000002,-0.7000000000000028,0.7000000000000028,-1.4000000000000004,-6.400000000000006
1990-91,1991,1991-06-02,Los Angeles Lakers,93,Chicago Bulls,91,0,0.7439024390243902,8.57,114.6,105.2,9.4,95.6,0.7073170731707317,6.73,112.1,105.0,7.1,94.1,0.03658536585365857,1.8399999999999999,2.5,0.20000000000000284,2.3000000000000007,1.5
1990-91,1991,1991-06-05,Los Angeles Lakers,86,Chicago Bulls,107,1,0.7439024390243902,8.57,114.6,105.2,9.4,95.6,0.7073170731707317,6.73,112.1,105.0,7.1,94.1,0.03658536585365857,1.8399999999999999,2.5,0.20000000000000284,2.3000000000000007,1.5
1990-91,1991,1991-06-07,Chicago Bulls,104,Los Angeles Lakers,96,0,0.7073170731707317,6.73,112.1,105.0,7.1,94.1,0.7439024390243902,8.57,114.6,105.2,9.4,95.6,-0.03658536585365857,-1.8399999999999999,-2.5,-0.20000000000000284,-2.3000000000000007,-1.5
1990-91,1991,1991-06-09,Chicago Bulls,97,Los Angeles Lakers,82,0,0.7073170731707317,6.73,112.1,105.0,7.1,94.1,0.7439024390243902,8.57,114.6,105.2,9.4,95.6,-0.03658536585365857,-1.8399999999999999,-2.5,-0.20000000000000284,-2.3000000000000007,-1.5
1990-91,1991,1991-06-12,Chicago Bulls,108,Los Angeles Lakers,101,0,0.7073170731707317,6.73,112.1,105.0,7.1,94.1,0.7439024390243902,8.57,114.6,105.2,9.4,95.6,-0.03658536585365857,-1.8399999999999999,-2.5,-0.20000000000000284,-2.3000000000000007,-1.5
1991-92,1992,1992-04-23,New Jersey Nets,113,Cleveland Cavaliers,120,1,0.6951219512195121,5.34,113.9,108.2,5.7,95.0,0.4878048780487805,-1.54,107.0,108.7,-1.7,98.0,0.20731707317073167,6.88,6.900000000000006,-0.5,7.4,-3.0
1991-92,1992,1992-04-23,Indiana Pacers,113,Boston Celtics,124,1,0.6219512195121951,3.41,110.8,107.0,3.8,95.8,0.4878048780487805,1.85,111.7,109.9,1.8,99.0,0.13414634146341464,1.56,-0.9000000000000057,-2.9000000000000057,1.9999999999999998,-3.200000000000003
1991-92,1992,1992-04-23,Los Angeles Lakers,102,Portland Trail Blazers,115,1,0.6951219512195121,6.94,111.4,104.2,7.2,99.0,0.524390243902439,-0.95,107.7,108.9,-1.2,92.5,0.1707317073170731,7.890000000000001,3.700000000000003,-4.700000000000003,8.4,6.5
1991-92,1992,1992-04-23,Seattle SuperSonics,117,Golden State Warriors,109,0,0.6707317073170732,3.77,113.6,109.9,3.7,103.4,0.573170731707317,1.86,110.7,108.8,1.9,95.4,0.09756097560975618,1.91,2.8999999999999915,1.1000000000000085,1.8000000000000003,8.0
1991-92,1992,1992-04-24,Miami Heat,94,Chicago Bulls,113,1,0.8170731707317073,10.07,115.5,104.5,11.0,94.4,0.4634146341463415,-3.94,106.7,110.9,-4.2,97.7,0.3536585365853658,14.01,8.799999999999997,-6.400000000000006,15.2,-3.299999999999997
1991-92,1992,1992-04-24,Detroit Pistons,75,New York Knicks,109,1,0.6219512195121951,3.67,108.3,104.2,4.1,92.9,0.5853658536585366,2.06,107.5,105.3,2.2,91.6,0.03658536585365857,1.6099999999999999,0.7999999999999972,-1.0999999999999943,1.8999999999999995,1.3000000000000114
1991-92,1992,1992-04-24,San Antonio Spurs,111,Phoenix Suns,117,1,0.6463414634146342,5.68,112.1,106.2,5.9,99.4,0.573170731707317,2.81,107.5,104.1,3.4,96.2,0.07317073170731714,2.8699999999999997,4.599999999999994,2.1000000000000085,2.5000000000000004,3.200000000000003
1991-92,1992,1992-04-24,Los Angeles Clippers,97,Utah Jazz,115,1,0.6707317073170732,5.7,112.2,105.6,6.6,95.5,0.5487804878048781,1.1,105.8,104.7,1.1,96.5,0.12195121951219512,4.6,6.400000000000006,0.8999999999999915,5.5,-1.0
1991-92,1992,1992-04-25,Indiana Pacers,112,Boston Celtics,119,1,0.6219512195121951,3.41,110.8,107.0,3.8,95.8,0.4878048780487805,1.85,111.7,109.9,1.8,99.0,0.13414634146341464,1.56,-0.9000000000000057,-2.9000000000000057,1.9999999999999998,-3.200000000000003
1991-92,1992,1992-04-25,New Jersey Nets,96,Cleveland Cavaliers,118,1,0.6951219512195121,5.34,113.9,108.2,5.7,95.0,0.4878048780487805,-1.54,107.0,108.7,-1.7,98.0,0.20731707317073167,6.88,6.900000000000006,-0.5,7.4,-3.0
1991-92,1992,1992-04-25,Seattle SuperSonics,101,Golden State Warriors,115,1,0.6707317073170732,3.77,113.6,109.9,3.7,103.4,0.573170731707317,1.86,110.7,108.8,1.9,95.4,0.09756097560975618,1.91,2.8999999999999915,1.1000000000000085,1.8000000000000003,8.0
1991-92,1992,1992-04-25,Los Angeles Lakers,79,Portland Trail Blazers,101,1,0.6951219512195121,6.94,111.4,104.2,7.2,99.0,0.524390243902439,-0.95,107.7,108.9,-1.2,92.5,0.1707317073170731,7.890000000000001,3.700000000000003,-4.700000000000003,8.4,6.5
1991-92,1992,1992-04-26,Miami Heat,90,Chicago Bulls,120,1,0.8170731707317073,10.07,115.5,104.5,11.0,94.4,0.4634146341463415,-3.94,106.7,110.9,-4.2,97.7,0.3536585365853658,14.01,8.799999999999997,-6.400000000000006,15.2,-3.299999999999997
1991-92,1992,1992-04-26,Detroit Pistons,89,New York Knicks,88,0,0.6219512195121951,3.67,108.3,104.2,4.1,92.9,0.5853658536585366,2.06,107.5,105.3,2.2,91.6,0.03658536585365857,1.6099999999999999,0.7999999999999972,-1.0999999999999943,1.8999999999999995,1.3000000000000114
1991-92,1992,1992-04-26,San Antonio Spurs,107,Phoenix Suns,119,1,0.6463414634146342,5.68,112.1,106.2,5.9,99.4,0.573170731707317,2.81,107.5,104.1,3.4,96.2,0.07317073170731714,2.8699999999999997,4.599999999999994,2.1000000000000085,2.5000000000000004,3.200000000000003
1991-92,1992,1992-04-26,Los Angeles Clippers,92,Utah Jazz,103,1,0.6707317073170732,5.7,112.2,105.6,6.6,95.5,0.5487804878048781,1.1,105.8,104.7,1.1,96.5,0.12195121951219512,4.6,6.400000000000006,0.8999999999999915,5.5,-1.0
1991-92,1992,1992-04-27,Boston Celtics,102,Indiana Pacers,98,0,0.4878048780487805,1.85,111.7,109.9,1.8,99.0,0.6219512195121951,3.41,110.8,107.0,3.8,95.8,-0.13414634146341464,-1.56,0.9000000000000057,2.9000000000000057,-1.9999999999999998,3.200000000000003
1991-92,1992,1992-04-28,Golden State Warriors,128,Seattle SuperSonics,129,1,0.573170731707317,1.86,110.7,108.8,1.9,95.4,0.6707317073170732,3.77,113.6,109.9,3.7,103.4,-0.09756097560975618,-1.91,-2.8999999999999915,-1.1000000000000085,-1.8000000000000003,-8.0
1991-92,1992,1992-04-28,Cleveland Cavaliers,104,New Jersey Nets,109,1,0.4878048780487805,-1.54,107.0,108.7,-1.7,98.0,0.6951219512195121,5.34,113.9,108.2,5.7,95.0,-0.20731707317073167,-6.88,-6.900000000000006,0.5,-7.4,3.0
1991-92,1992,1992-04-28,New York Knicks,90,Detroit Pistons,87,0,0.5853658536585366,2.06,107.5,105.3,2.2,91.6,0.6219512195121951,3.67,108.3,104.2,4.1,92.9,-0.03658536585365857,-1.6099999999999999,-0.7999999999999972,1.0999999999999943,-1.8999999999999995,-1.3000000000000114
1991-92,1992,1992-04-28,Utah Jazz,88,Los Angeles Clippers,98,1,0.5487804878048781,1.1,105.8,104.7,1.1,96.5,0.6707317073170732,5.7,112.2,105.6,6.6,95.5,-0.12195121951219512,-4.6,-6.400000000000006,-0.8999999999999915,-5.5,1.0
1991-92,1992,1992-04-29,Portland Trail Blazers,119,Los Angeles Lakers,121,1,0.524390243902439,-0.95,107.7,108.9,-1.2,92.5,0.6951219512195121,6.94,111.4,104.2,7.2,99.0,-0.1707317073170731,-7.890000000000001,-3.700000000000003,4.700000000000003,-8.4,-6.5
1991-92,1992,1992-04-29,Chicago Bulls,119,Miami Heat,114,0,0.4634146341463415,-3.94,106.7,110.9,-4.2,97.7,0.8170731707317073,10.07,115.5,104.5,11.0,94.4,-0.3536585365853658,-14.01,-8.799999999999997,6.400000000000006,-15.2,3.299999999999997
1991-92,1992,1992-04-29,Phoenix Suns,101,San Antonio Spurs,92,0,0.573170731707317,2.81,107.5,104.1,3.4,96.2,0.6463414634146342,5.68,112.1,106.2,5.9,99.4,-0.07317073170731714,-2.8699999999999997,-4.599999999999994,-2.1000000000000085,-2.5000000000000004,-3.200000000000003
1991-92,1992,1992-04-30,Cleveland Cavaliers,98,New Jersey Nets,89,0,0.4878048780487805,-1.54,107.0,108.7,-1.7,98.0,0.6951219512195121,5.34,113.9,108.2,5.7,95.0,-0.20731707317073167,-6.88,-6.900000000000006,0.5,-7.4,3.0
1991-92,1992,1992-04-30,Golden State Warriors,116,Seattle SuperSonics,119,1,0.573170731707317,1.86,110.7,108.8,1.9,95.4,0.6707317073170732,3.77,113.6,109.9,3.7,103.4,-0.09756097560975618,-1.91,-2.8999999999999915,-1.1000000000000085,-1.8000000000000003,-8.0
1991-92,1992,1992-05-01,New York Knicks,82,Detroit Pistons,86,1,0.5853658536585366,2.06,107.5,105.3,2.2,91.6,0.6219512195121951,3.67,108.3,104.2,4.1,92.9,-0.03658536585365857,-1.6099999999999999,-0.7999999999999972,1.0999999999999943,-1.8999999999999995,-1.3000000000000114
1991-92,1992,1992-05-02,Boston Celtics,76,Cleveland Cavaliers,101,1,0.6951219512195121,5.34,113.9,108.2,5.7,95.0,0.6219512195121951,3.41,110.8,107.0,3.8,95.8,0.07317073170731703,1.9299999999999997,3.1000000000000085,1.2000000000000028,1.9000000000000004,-0.7999999999999972
1991-92,1992,1992-05-03,Utah Jazz,107,Los Angeles Clippers,115,1,0.5487804878048781,1.1,105.8,104.7,1.1,96.5,0.6707317073170732,5.7,112.2,105.6,6.6,95.5,-0.12195121951219512,-4.6,-6.400000000000006,-0.8999999999999915,-5.5,1.0
1991-92,1992,1992-05-03,Detroit Pistons,87,New York Knicks,94,1,0.6219512195121951,3.67,108.3,104.2,4.1,92.9,0.5853658536585366,2.06,107.5,105.3,2.2,91.6,0.03658536585365857,1.6099999999999999,0.7999999999999972,-1.0999999999999943,1.8999999999999995,1.3000000000000114
1991-92,1992,1992-05-03,Portland Trail Blazers,102,Los Angeles Lakers,76,0,0.524390243902439,-0.95,107.7,108.9,-1.2,92.5,0.6951219512195121,6.94,111.4,104.2,7.2,99.0,-0.1707317073170731,-7.890000000000001,-3.700000000000003,4.700000000000003,-8.4,-6.5
1991-92,1992,1992-05-04,Boston Celtics,104,Cleveland Cavaliers,98,0,0.6951219512195121,5.34,113.9,108.2,5.7,95.0,0.6219512195121951,3.41,110.8,107.0,3.8,95.8,0.07317073170731703,1.9299999999999997,3.1000000000000085,1.2000000000000028,1.9000000000000004,-0.7999999999999972
1991-92,1992,1992-05-04,Los Angeles Clippers,89,Utah Jazz,98,1,0.6707317073170732,5.7,112.2,105.6,6.6,95.5,0.5487804878048781,1.1,105.8,104.7,1.1,96.5,0.12195121951219512,4.6,6.400000000000006,0.8999999999999915,5.5,-1.0
1991-92,1992,1992-05-05,New York Knicks,94,Chicago Bulls,89,0,0.8170731707317073,10.07,115.5,104.5,11.0,94.4,0.6219512195121951,3.67,108.3,104.2,4.1,92.9,0.19512195121951215,6.4,7.200000000000003,0.29999999999999716,6.9,1.5
1991-92,1992,1992-05-05,Phoenix Suns,111,Portland Trail Blazers,113,1,0.6951219512195121,6.94,111.4,104.2,7.2,99.0,0.6463414634146342,5.68,112.1,106.2,5.9,99.4,0.04878048780487798,1.2600000000000007,-0.6999999999999886,-2.0,1.2999999999999998,-0.4000000000000057
1991-92,1992,1992-05-06,Seattle SuperSonics,100,Utah Jazz,108,1,0.6707317073170732,5.7,112.2,105.6,6.6,95.5,0.573170731707317,1.86,110.7,108.8,1.9,95.4,0.09756097560975618,3.84,1.5,-3.200000000000003,4.699999999999999,0.09999999999999432
1991-92,1992,1992-05-07,New York Knicks,78,Chicago Bulls,86,1,0.8170731707317073,10.07,115.5,104.5,11.0,94.4,0.6219512195121951,3.67,108.3,104.2,4.1,92.9,0.19512195121951215,6.4,7.200000000000003,0.29999999999999716,6.9,1.5
1991-92,1992,1992-05-07,Phoenix Suns,119,Portland Trail Blazers,126,1,0.6951219512195121,6.94,111.4,104.2,7.2,99.0,0.6463414634146342,5.68,112.1,106.2,5.9,99.4,0.04878048780487798,1.2600000000000007,-0.6999999999999886,-2.0,1.2999999999999998,-0.4000000000000057
1991-92,1992,1992-05-08,Cleveland Cavaliers,107,Boston Celtics,110,1,0.6219512195121951,3.41,110.8,107.0,3.8,95.8,0.6951219512195121,5.34,113.9,108.2,5.7,95.0,-0.07317073170731703,-1.9299999999999997,-3.1000000000000085,-1.2000000000000028,-1.9000000000000004,0.7999999999999972
1991-92,1992,1992-05-08,Seattle SuperSonics,97,Utah Jazz,103,1,0.6707317073170732,5.7,112.2,105.6,6.6,95.5,0.573170731707317,1.86,110.7,108.8,1.9,95.4,0.09756097560975618,3.84,1.5,-3.200000000000003,4.699999999999999,0.09999999999999432
1991-92,1992,1992-05-09,Chicago Bulls,94,New York Knicks,86,0,0.6219512195121951,3.67,108.3,104.2,4.1,92.9,0.8170731707317073,10.07,115.5,104.5,11.0,94.4,-0.19512195121951215,-6.4,-7.200000000000003,-0.29999999999999716,-6.9,-1.5
1991-92,1992,1992-05-09,Portland Trail Blazers,117,Phoenix Suns,124,1,0.6463414634146342,5.68,112.1,106.2,5.9,99.4,0.6951219512195121,6.94,111.4,104.2,7.2,99.0,-0.04878048780487798,-1.2600000000000007,0.6999999999999886,2.0,-1.2999999999999998,0.4000000000000057
1991-92,1992,1992-05-10,Cleveland Cavaliers,114,Boston Celtics,112,0,0.6219512195121951,3.41,110.8,107.0,3.8,95.8,0.6951219512195121,5.34,113.9,108.2,5.7,95.0,-0.07317073170731703,-1.9299999999999997,-3.1000000000000085,-1.2000000000000028,-1.9000000000000004,0.7999999999999972
1991-92,1992,1992-05-10,Chicago Bulls,86,New York Knicks,93,1,0.6219512195121951,3.67,108.3,104.2,4.1,92.9,0.8170731707317073,10.07,115.5,104.5,11.0,94.4,-0.19512195121951215,-6.4,-7.200000000000003,-0.29999999999999716,-6.9,-1.5
1991-92,1992,1992-05-10,Utah Jazz,98,Seattle SuperSonics,104,1,0.573170731707317,1.86,110.7,108.8,1.9,95.4,0.6707317073170732,5.7,112.2,105.6,6.6,95.5,-0.09756097560975618,-3.84,-1.5,3.200000000000003,-4.699999999999999,-0.09999999999999432
1991-92,1992,1992-05-11,Portland Trail Blazers,153,Phoenix Suns,151,0,0.6463414634146342,5.68,112.1,106.2,5.9,99.4,0.6951219512195121,6.94,111.4,104.2,7.2,99.0,-0.04878048780487798,-1.2600000000000007,0.6999999999999886,2.0,-1.2999999999999998,0.4000000000000057
1991-92,1992,1992-05-12,New York Knicks,88,Chicago Bulls,96,1,0.8170731707317073,10.07,115.5,104.5,11.0,94.4,0.6219512195121951,3.67,108.3,104.2,4.1,92.9,0.19512195121951215,6.4,7.200000000000003,0.29999999999999716,6.9,1.5
1991-92,1992,1992-05-12,Utah Jazz,89,Seattle SuperSonics,83,0,0.573170731707317,1.86,110.7,108.8,1.9,95.4,0.6707317073170732,5.7,112.2,105.6,6.6,95.5,-0.09756097560975618,-3.84,-1.5,3.200000000000003,-4.699999999999999,-0.09999999999999432
1991-92,1992,1992-05-13,Boston Celtics,98,Cleveland Cavaliers,114,1,0.6951219512195121,5.34,113.9,108.2,5.7,95.0,0.6219512195121951,3.41,110.8,107.0,3.8,95.8,0.07317073170731703,1.9299999999999997,3.1000000000000085,1.2000000000000028,1.9000000000000004,-0.7999999999999972
1991-92,1992,1992-05-14,Chicago Bulls,86,New York Knicks,100,1,0.6219512195121951,3.67,108.3,104.2,4.1,92.9,0.8170731707317073,10.07,115.5,104.5,11.0,94.4,-0.19512195121951215,-6.4,-7.200000000000003,-0.29999999999999716,-6.9,-1.5
1991-92,1992,1992-05-14,Phoenix Suns,106,Portland Trail Blazers,118,1,0.6951219512195121,6.94,111.4,104.2,7.2,99.0,0.6463414634146342,5.68,112.1,106.2,5.9,99.4,0.04878048780487798,1.2600000000000007,-0.6999999999999886,-2.0,1.2999999999999998,-0.4000000000000057
1991-92,1992,1992-05-14,Seattle SuperSonics,100,Utah Jazz,111,1,0.6707317073170732,5.7,112.2,105.6,6.6,95.5,0.573170731707317,1.86,110.7,108.8,1.9,95.4,0.09756097560975618,3.84,1.5,-3.200000000000003,4.699999999999999,0.09999999999999432
1991-92,1992,1992-05-15,Cleveland Cavaliers,91,Boston Celtics,122,1,0.6219512195121951,3.41,110.8,107.0,3.8,95.8,0.6951219512195121,5.34,113.9,108.2,5.7,95.0,-0.07317073170731703,-1.9299999999999997,-3.1000000000000085,-1.2000000000000028,-1.9000000000000004,0.7999999999999972
1991-92,1992,1992-05-16,Utah Jazz,88,Portland Trail Blazers,113,1,0.6951219512195121,6.94,111.4,104.2,7.2,99.0,0.6707317073170732,5.7,112.2,105.6,6.6,95.5,0.024390243902438935,1.2400000000000002,-0.7999999999999972,-1.3999999999999915,0.6000000000000005,3.5
1991-92,1992,1992-05-17,Boston Celtics,104,Cleveland Cavaliers,122,1,0.6951219512195121,5.34,113.9,108.2,5.7,95.0,0.6219512195121951,3.41,110.8,107.0,3.8,95.8,0.07317073170731703,1.9299999999999997,3.1000000000000085,1.2000000000000028,1.9000000000000004,-0.7999999999999972
1991-92,1992,1992-05-17,New York Knicks,81,Chicago Bulls,110,1,0.8170731707317073,10.07,115.5,104.5,11.0,94.4,0.6219512195121951,3.67,108.3,104.2,4.1,92.9,0.19512195121951215,6.4,7.200000000000003,0.29999999999999716,6.9,1.5
1991-92,1992,1992-05-19,Cleveland Cavaliers,89,Chicago Bulls,103,1,0.8170731707317073,10.07,115.5,104.5,11.0,94.4,0.6951219512195121,5.34,113.9,108.2,5.7,95.0,0.12195121951219512,4.73,1.5999999999999943,-3.700000000000003,5.3,-0.5999999999999943
1991-92,1992,1992-05-19,Utah Jazz,102,Portland Trail Blazers,119,1,0.6951219512195121,6.94,111.4,104.2,7.2,99.0,0.6707317073170732,5.7,112.2,105.6,6.6,95.5,0.024390243902438935,1.2400000000000002,-0.7999999999999972,-1.3999999999999915,0.6000000000000005,3.5
1991-92,1992,1992-05-21,Cleveland Cavaliers,107,Chicago Bulls,81,0,0.8170731707317073,10.07,115.5,104.5,11.0,94.4,0.6951219512195121,5.34,113.9,108.2,5.7,95.0,0.12195121951219512,4.73,1.5999999999999943,-3.700000000000003,5.3,-0.5999999999999943
1991-92,1992,1992-05-22,Portland Trail Blazers,89,Utah Jazz,97,1,0.6707317073170732,5.7,112.2,105.6,6.6,95.5,0.6951219512195121,6.94,111.4,104.2,7.2,99.0,-0.024390243902438935,-1.2400000000000002,0.7999999999999972,1.3999999999999915,-0.6000000000000005,-3.5
1991-92,1992,1992-05-23,Chicago Bulls,105,Cleveland Cavaliers,96,0,0.6951219512195121,5.34,113.9,108.2,5.7,95.0,0.8170731707317073,10.07,115.5,104.5,11.0,94.4,-0.12195121951219512,-4.73,-1.5999999999999943,3.700000000000003,-5.3,0.5999999999999943
1991-92,1992,1992-05-24,Portland Trail Blazers,112,Utah Jazz,121,1,0.6707317073170732,5.7,112.2,105.6,6.6,95.5,0.6951219512195121,6.94,111.4,104.2,7.2,99.0,-0.024390243902438935,-1.2400000000000002,0.7999999999999972,1.3999999999999915,-0.6000000000000005,-3.5
1991-92,1992,1992-05-25,Chicago Bulls,85,Cleveland Cavaliers,99,1,0.6951219512195121,5.34,113.9,108.2,5.7,95.0,0.8170731707317073,10.07,115.5,104.5,11.0,94.4,-0.12195121951219512,-4.73,-1.5999999999999943,3.700000000000003,-5.3,0.5999999999999943
1991-92,1992,1992-05-26,Utah Jazz,121,Portland Trail Blazers,127,1,0.6951219512195121,6.94,111.4,104.2,7.2,99.0,0.6707317073170732,5.7,112.2,105.6,6.6,95.5,0.024390243902438935,1.2400000000000002,-0.7999999999999972,-1.3999999999999915,0.6000000000000005,3.5
1991-92,1992,1992-05-27,Cleveland Cavaliers,89,Chicago Bulls,112,1,0.8170731707317073,10.07,115.5,104.5,11.0,94.4,0.6951219512195121,5.34,113.9,108.2,5.7,95.0,0.12195121951219512,4.73,1.5999999999999943,-3.700000000000003,5.3,-0.5999999999999943
1991-92,1992,1992-05-28,Portland Trail Blazers,105,Utah Jazz,97,0,0.6707317073170732,5.7,112.2,105.6,6.6,95.5,0.6951219512195121,6.94,111.4,104.2,7.2,99.0,-0.024390243902438935,-1.2400000000000002,0.7999999999999972,1.3999999999999915,-0.6000000000000005,-3.5
1991-92,1992,1992-05-29,Chicago Bulls,99,Cleveland Cavaliers,94,0,0.6951219512195121,5.34,113.9,108.2,5.7,95.0,0.8170731707317073,10.07,115.5,104.5,11.0,94.4,-0.12195121951219512,-4.73,-1.5999999999999943,3.700000000000003,-5.3,0.5999999999999943
1991-92,1992,1992-06-03,Portland Trail Blazers,89,Chicago Bulls,122,1,0.8170731707317073,10.07,115.5,104.5,11.0,94.4,0.6951219512195121,6.94,111.4,104.2,7.2,99.0,0.12195121951219512,3.13,4.099999999999994,0.29999999999999716,3.8,-4.599999999999994
1991-92,1992,1992-06-05,Portland Trail Blazers,115,Chicago Bulls,104,0,0.8170731707317073,10.07,115.5,104.5,11.0,94.4,0.6951219512195121,6.94,111.4,104.2,7.2,99.0,0.12195121951219512,3.13,4.099999999999994,0.29999999999999716,3.8,-4.599999999999994
1991-92,1992,1992-06-07,Chicago Bulls,94,Portland Trail Blazers,84,0,0.6951219512195121,6.94,111.4,104.2,7.2,99.0,0.8170731707317073,10.07,115.5,104.5,11.0,94.4,-0.12195121951219512,-3.13,-4.099999999999994,-0.29999999999999716,-3.8,4.599999999999994
1991-92,1992,1992-06-10,Chicago Bulls,88,Portland Trail Blazers,93,1,0.6951219512195121,6.94,111.4,104.2,7.2,99.0,0.8170731707317073,10.07,115.5,104.5,11.0,94.4,-0.12195121951219512,-3.13,-4.099999999999994,-0.29999999999999716,-3.8,4.599999999999994
1991-92,1992,1992-06-12,Chicago Bulls,119,Portland Trail Blazers,106,0,0.6951219512195121,6.94,111.4,104.2,7.2,99.0,0.8170731707317073,10.07,115.5,104.5,11.0,94.4,-0.12195121951219512,-3.13,-4.099999999999994,-0.29999999999999716,-3.8,4.599999999999994
1991-92,1992,1992-06-14,Portland Trail Blazers,93,Chicago Bulls,97,1,0.8170731707317073,10.07,115.5,104.5,11.0,94.4,0.6951219512195121,6.94,111.4,104.2,7.2,99.0,0.12195121951219512,3.13,4.099999999999994,0.29999999999999716,3.8,-4.599999999999994
1992-93,1993,1993-04-29,New Jersey Nets,98,Cleveland Cavaliers,114,1,0.6585365853658537,6.3,112.7,106.0,6.7,94.8,0.524390243902439,1.2,106.5,105.2,1.3,96.0,0.13414634146341464,5.1,6.200000000000003,0.7999999999999972,5.4,-1.2000000000000028
1992-93,1993,1993-04-29,Charlotte Hornets,101,Boston Celtics,112,1,0.5853658536585366,0.93,108.7,107.8,0.9,94.9,0.5365853658536586,-0.02,109.5,109.7,-0.2,100.2,0.04878048780487798,0.9500000000000001,-0.7999999999999972,-1.9000000000000057,1.1,-5.299999999999997
1992-93,1993,1993-04-29,San Antonio Spurs,87,Portland Trail Blazers,86,0,0.6219512195121951,2.92,108.3,105.2,3.1,99.1,0.5975609756097561,2.21,109.6,106.8,2.8,95.4,0.024390243902439046,0.71,-1.2999999999999972,-1.5999999999999943,0.30000000000000027,3.6999999999999886
1992-93,1993,1993-04-29,Los Angeles Clippers,94,Houston Rockets,117,1,0.6707317073170732,3.57,109.6,105.2,4.4,94.4,0.5,0.33,107.4,107.1,0.3,99.1,0.1707317073170732,3.2399999999999998,2.1999999999999886,-1.8999999999999915,4.1000000000000005,-4.699999999999989
1992-93,1993,1993-04-30,Atlanta Hawks,90,Chicago Bulls,114,1,0.6951219512195121,6.19,112.9,106.1,6.8,92.5,0.524390243902439,-0.67,109.3,110.2,-0.9,97.6,0.1707317073170731,6.86,3.6000000000000085,-4.1000000000000085,7.7,-5.099999999999994
1992-93,1993,1993-04-30,Utah Jazz,85,Seattle SuperSonics,99,1,0.6707317073170732,6.66,112.3,104.9,7.4,96.0,0.573170731707317,1.74,109.6,107.4,2.2,96.5,0.09756097560975618,4.92,2.700000000000003,-2.5,5.2,-0.5
1992-93,1993,1993-04-30,Los Angeles Lakers,107,Phoenix Suns,103,0,0.7560975609756098,6.27,113.3,106.7,6.6,99.8,0.47560975609756095,-1.2,107.6,108.9,-1.3,96.2,0.2804878048780488,7.47,5.700000000000003,-2.200000000000003,7.8999999999999995,3.5999999999999943
1992-93,1993,1993-04-30,Indiana Pacers,104,New York Knicks,107,1,0.7317073170731707,5.87,106.1,99.7,6.4,94.5,0.5,1.77,111.9,110.1,1.8,96.0,0.23170731707317072,4.1,-5.800000000000011,-10.399999999999991,4.6000000000000005,-1.5
1992-93,1993,1993-05-01,Charlotte Hornets,99,Boston Celtics,98,0,0.5853658536585366,0.93,108.7,107.8,0.9,94.9,0.5365853658536586,-0.02,109.5,109.7,-0.2,100.2,0.04878048780487798,0.9500000000000001,-0.7999999999999972,-1.9000000000000057,1.1,-5.299999999999997
1992-93,1993,1993-05-01,New Jersey Nets,101,Cleveland Cavaliers,99,0,0.6585365853658537,6.3,112.7,106.0,6.7,94.8,0.524390243902439,1.2,106.5,105.2,1.3,96.0,0.13414634146341464,5.1,6.200000000000003,0.7999999999999972,5.4,-1.2000000000000028
1992-93,1993,1993-05-01,Los Angeles Clippers,95,Houston Rockets,83,0,0.6707317073170732,3.57,109.6,105.2,4.4,94.4,0.5,0.33,107.4,107.1,0.3,99.1,0.1707317073170732,3.2399999999999998,2.1999999999999886,-1.8999999999999915,4.1000000000000005,-4.699999999999989
1992-93,1993,1993-05-01,San Antonio Spurs,96,Portland Trail Blazers,105,1,0.6219512195121951,2.92,108.3,105.2,3.1,99.1,0.5975609756097561,2.21,109.6,106.8,2.8,95.4,0.024390243902439046,0.71,-1.2999999999999972,-1.5999999999999943,0.30000000000000027,3.6999999999999886
1992-93,1993,1993-05-02,Atlanta Hawks,102,Chicago Bulls,117,1,0.6951219512195121,6.19,112.9,106.1,6.8,92.5,0.524390243902439,-0.67,109.3,110.2,-0.9,97.6,0.1707317073170731,6.86,3.6000000000000085,-4.1000000000000085,7.7,-5.099999999999994
1992-93,1993,1993-05-02,Indiana Pacers,91,New York Knicks,101,1,0.7317073170731707,5.87,106.1,99.7,6.4,94.5,0.5,1.77,111.9,110.1,1.8,96.0,0.23170731707317072,4.1,-5.800000000000011,-10.399999999999991,4.6000000000000005,-1.5
1992-93,1993,1993-05-02,Los Angeles Lakers,86,Phoenix Suns,81,0,0.7560975609756098,6.27,113.3,106.7,6.6,99.8,0.47560975609756095,-1.2,107.6,108.9,-1.3,96.2,0.2804878048780488,7.47,5.700000000000003,-2.200000000000003,7.8999999999999995,3.5999999999999943
1992-93,1993,1993-05-02,Utah Jazz,89,Seattle SuperSonics,85,0,0.6707317073170732,6.66,112.3,104.9,7.4,96.0,0.573170731707317,1.74,109.6,107.4,2.2,96.5,0.09756097560975618,4.92,2.700000000000003,-2.5,5.2,-0.5
1992-93,1993,1993-05-03,Boston Celtics,89,Charlotte Hornets,119,1,0.5365853658536586,-0.02,109.5,109.7,-0.2,100.2,0.5853658536585366,0.93,108.7,107.8,0.9,94.9,-0.04878048780487798,-0.9500000000000001,0.7999999999999972,1.9000000000000057,-1.1,5.299999999999997
1992-93,1993,1993-05-03,Houston Rockets,111,Los Angeles Clippers,99,0,0.5,0.33,107.4,107.1,0.3,99.1,0.6707317073170732,3.57,109.6,105.2,4.4,94.4,-0.1707317073170732,-3.2399999999999998,-2.1999999999999886,1.8999999999999915,-4.1000000000000005,4.699999999999989
1992-93,1993,1993-05-04,Seattle SuperSonics,80,Utah Jazz,90,1,0.573170731707317,1.74,109.6,107.4,2.2,96.5,0.6707317073170732,6.66,112.3,104.9,7.4,96.0,-0.09756097560975618,-4.92,-2.700000000000003,2.5,-5.2,0.5
1992-93,1993,1993-05-04,Phoenix Suns,107,Los Angeles Lakers,102,0,0.47560975609756095,-1.2,107.6,108.9,-1.3,96.2,0.7560975609756098,6.27,113.3,106.7,6.6,99.8,-0.2804878048780488,-7.47,-5.700000000000003,2.200000000000003,-7.8999999999999995,-3.5999999999999943
1992-93,1993,1993-05-04,Chicago Bulls,98,Atlanta Hawks,88,0,0.524390243902439,-0.67,109.3,110.2,-0.9,97.6,0.6951219512195121,6.19,112.9,106.1,6.8,92.5,-0.1707317073170731,-6.86,-3.6000000000000085,4.1000000000000085,-7.7,5.099999999999994
1992-93,1993,1993-05-04,New York Knicks,93,Indiana Pacers,116,1,0.5,1.77,111.9,110.1,1.8,96.0,0.7317073170731707,5.87,106.1,99.7,6.4,94.5,-0.23170731707317072,-4.1,5.800000000000011,10.399999999999991,-4.6000000000000005,1.5
1992-93,1993,1993-05-05,Boston Celtics,103,Charlotte Hornets,104,1,0.5365853658536586,-0.02,109.5,109.7,-0.2,100.2,0.5853658536585366,0.93,108.7,107.8,0.9,94.9,-0.04878048780487798,-0.9500000000000001,0.7999999999999972,1.9000000000000057,-1.1,5.299999999999997
1992-93,1993,1993-05-05,Houston Rockets,90,Los Angeles Clippers,93,1,0.5,0.33,107.4,107.1,0.3,99.1,0.6707317073170732,3.57,109.6,105.2,4.4,94.4,-0.1707317073170732,-3.2399999999999998,-2.1999999999999886,1.8999999999999915,-4.1000000000000005,4.699999999999989
1992-93,1993,1993-05-05,Cleveland Cavaliers,93,New Jersey Nets,84,0,0.524390243902439,1.2,106.5,105.2,1.3,96.0,0.6585365853658537,6.3,112.7,106.0,6.7,94.8,-0.13414634146341464,-5.1,-6.200000000000003,-0.7999999999999972,-5.4,1.2000000000000028
1992-93,1993,1993-05-05,Portland Trail Blazers,101,San Antonio Spurs,107,1,0.5975609756097561,2.21,109.6,106.8,2.8,95.4,0.6219512195121951,2.92,108.3,105.2,3.1,99.1,-0.024390243902439046,-0.71,1.2999999999999972,1.5999999999999943,-0.30000000000000027,-3.6999999999999886
1992-93,1993,1993-05-06,New York Knicks,109,Indiana Pacers,100,0,0.5,1.77,111.9,110.1,1.8,96.0,0.7317073170731707,5.87,106.1,99.7,6.4,94.5,-0.23170731707317072,-4.1,5.800000000000011,10.399999999999991,-4.6000000000000005,1.5
1992-93,1993,1993-05-06,Phoenix Suns,101,Los Angeles Lakers,86,0,0.47560975609756095,-1.2,107.6,108.9,-1.3,96.2,0.7560975609756098,6.27,113.3,106.7,6.6,99.8,-0.2804878048780488,-7.47,-5.700000000000003,2.200000000000003,-7.8999999999999995,-3.5999999999999943
1992-93,1993,1993-05-06,Seattle SuperSonics,93,Utah Jazz,80,0,0.573170731707317,1.74,109.6,107.4,2.2,96.5,0.6707317073170732,6.66,112.3,104.9,7.4,96.0,-0.09756097560975618,-4.92,-2.700000000000003,2.5,-5.2,0.5
1992-93,1993,1993-05-07,Cleveland Cavaliers,79,New Jersey Nets,96,1,0.524390243902439,1.2,106.5,105.2,1.3,96.0,0.6585365853658537,6.3,112.7,106.0,6.7,94.8,-0.13414634146341464,-5.1,-6.200000000000003,-0.7999999999999972,-5.4,1.2000000000000028
1992-93,1993,1993-05-07,Portland Trail Blazers,97,San Antonio Spurs,100,1,0.5975609756097561,2.21,109.6,106.8,2.8,95.4,0.6219512195121951,2.92,108.3,105.2,3.1,99.1,-0.024390243902439046,-0.71,1.2999999999999972,1.5999999999999943,-0.30000000000000027,-3.6999999999999886
1992-93,1993,1993-05-08,Los Angeles Clippers,80,Houston Rockets,84,1,0.6707317073170732,3.57,109.6,105.2,4.4,94.4,0.5,0.33,107.4,107.1,0.3,99.1,0.1707317073170732,3.2399999999999998,2.1999999999999886,-1.8999999999999915,4.1000000000000005,-4.699999999999989
1992-93,1993,1993-05-08,Utah Jazz,92,Seattle SuperSonics,100,1,0.6707317073170732,6.66,112.3,104.9,7.4,96.0,0.573170731707317,1.74,109.6,107.4,2.2,96.5,0.09756097560975618,4.92,2.700000000000003,-2.5,5.2,-0.5
1992-93,1993,1993-05-09,New Jersey Nets,89,Cleveland Cavaliers,99,1,0.6585365853658537,6.3,112.7,106.0,6.7,94.8,0.524390243902439,1.2,106.5,105.2,1.3,96.0,0.13414634146341464,5.1,6.200000000000003,0.7999999999999972,5.4,-1.2000000000000028
1992-93,1993,1993-05-09,Charlotte Hornets,95,New York Knicks,111,1,0.7317073170731707,5.87,106.1,99.7,6.4,94.5,0.5365853658536586,-0.02,109.5,109.7,-0.2,100.2,0.19512195121951215,5.89,-3.4000000000000057,-10.0,6.6000000000000005,-5.700000000000003
1992-93,1993,1993-05-09,Los Angeles Lakers,104,Phoenix Suns,112,1,0.7560975609756098,6.27,113.3,106.7,6.6,99.8,0.47560975609756095,-1.2,107.6,108.9,-1.3,96.2,0.2804878048780488,7.47,5.700000000000003,-2.200000000000003,7.8999999999999995,3.5999999999999943
1992-93,1993,1993-05-10,Houston Rockets,90,Seattle SuperSonics,99,1,0.6707317073170732,6.66,112.3,104.9,7.4,96.0,0.6707317073170732,3.57,109.6,105.2,4.4,94.4,0.0,3.0900000000000003,2.700000000000003,-0.29999999999999716,3.0,1.5999999999999943
1992-93,1993,1993-05-11,San Antonio Spurs,89,Phoenix Suns,98,1,0.7560975609756098,6.27,113.3,106.7,6.6,99.8,0.5975609756097561,2.21,109.6,106.8,2.8,95.4,0.1585365853658537,4.06,3.700000000000003,-0.09999999999999432,3.8,4.3999999999999915
1992-93,1993,1993-05-11,Cleveland Cavaliers,84,Chicago Bulls,91,1,0.6951219512195121,6.19,112.9,106.1,6.8,92.5,0.6585365853658537,6.3,112.7,106.0,6.7,94.8,0.03658536585365846,-0.10999999999999943,0.20000000000000284,0.09999999999999432,0.09999999999999964,-2.299999999999997
1992-93,1993,1993-05-12,Charlotte Hornets,101,New York Knicks,105,1,0.7317073170731707,5.87,106.1,99.7,6.4,94.5,0.5365853658536586,-0.02,109.5,109.7,-0.2,100.2,0.19512195121951215,5.89,-3.4000000000000057,-10.0,6.6000000000000005,-5.700000000000003
1992-93,1993,1993-05-12,Houston Rockets,100,Seattle SuperSonics,111,1,0.6707317073170732,6.66,112.3,104.9,7.4,96.0,0.6707317073170732,3.57,109.6,105.2,4.4,94.4,0.0,3.0900000000000003,2.700000000000003,-0.29999999999999716,3.0,1.5999999999999943
1992-93,1993,1993-05-13,Cleveland Cavaliers,85,Chicago Bulls,104,1,0.6951219512195121,6.19,112.9,106.1,6.8,92.5,0.6585365853658537,6.3,112.7,106.0,6.7,94.8,0.03658536585365846,-0.10999999999999943,0.20000000000000284,0.09999999999999432,0.09999999999999964,-2.299999999999997
1992-93,1993,1993-05-13,San Antonio Spurs,103,Phoenix Suns,109,1,0.7560975609756098,6.27,113.3,106.7,6.6,99.8,0.5975609756097561,2.21,109.6,106.8,2.8,95.4,0.1585365853658537,4.06,3.700000000000003,-0.09999999999999432,3.8,4.3999999999999915
1992-93,1993,1993-05-14,New York Knicks,106,Charlotte Hornets,110,1,0.5365853658536586,-0.02,109.5,109.7,-0.2,100.2,0.7317073170731707,5.87,106.1,99.7,6.4,94.5,-0.19512195121951215,-5.89,3.4000000000000057,10.0,-6.6000000000000005,5.700000000000003
1992-93,1993,1993-05-15,Chicago Bulls,96,Cleveland Cavaliers,90,0,0.6585365853658537,6.3,112.7,106.0,6.7,94.8,0.6951219512195121,6.19,112.9,106.1,6.8,92.5,-0.03658536585365846,0.10999999999999943,-0.20000000000000284,-0.09999999999999432,-0.09999999999999964,2.299999999999997
1992-93,1993,1993-05-15,Seattle SuperSonics,79,Houston Rockets,97,1,0.6707317073170732,3.57,109.6,105.2,4.4,94.4,0.6707317073170732,6.66,112.3,104.9,7.4,96.0,0.0,-3.0900000000000003,-2.700000000000003,0.29999999999999716,-3.0,-1.5999999999999943
1992-93,1993,1993-05-15,Phoenix Suns,96,San Antonio Spurs,111,1,0.5975609756097561,2.21,109.6,106.8,2.8,95.4,0.7560975609756098,6.27,113.3,106.7,6.6,99.8,-0.1585365853658537,-4.06,-3.700000000000003,0.09999999999999432,-3.8,-4.3999999999999915
1992-93,1993,1993-05-16,Phoenix Suns,103,San Antonio Spurs,117,1,0.5975609756097561,2.21,109.6,106.8,2.8,95.4,0.7560975609756098,6.27,113.3,106.7,6.6,99.8,-0.1585365853658537,-4.06,-3.700000000000003,0.09999999999999432,-3.8,-4.3999999999999915
1992-93,1993,1993-05-16,Seattle SuperSonics,92,Houston Rockets,103,1,0.6707317073170732,3.57,109.6,105.2,4.4,94.4,0.6707317073170732,6.66,112.3,104.9,7.4,96.0,0.0,-3.0900000000000003,-2.700000000000003,0.29999999999999716,-3.0,-1.5999999999999943
1992-93,1993,1993-05-16,New York Knicks,94,Charlotte Hornets,92,0,0.5365853658536586,-0.02,109.5,109.7,-0.2,100.2,0.7317073170731707,5.87,106.1,99.7,6.4,94.5,-0.19512195121951215,-5.89,3.4000000000000057,10.0,-6.6000000000000005,5.700000000000003
1992-93,1993,1993-05-17,Chicago Bulls,103,Cleveland Cavaliers,101,0,0.6585365853658537,6.3,112.7,106.0,6.7,94.8,0.6951219512195121,6.19,112.9,106.1,6.8,92.5,-0.03658536585365846,0.10999999999999943,-0.20000000000000284,-0.09999999999999432,-0.09999999999999964,2.299999999999997
1992-93,1993,1993-05-18,Charlotte Hornets,101,New York Knicks,105,1,0.7317073170731707,5.87,106.1,99.7,6.4,94.5,0.5365853658536586,-0.02,109.5,109.7,-0.2,100.2,0.19512195121951215,5.89,-3.4000000000000057,-10.0,6.6000000000000005,-5.700000000000003
1992-93,1993,1993-05-18,San Antonio Spurs,97,Phoenix Suns,109,1,0.7560975609756098,6.27,113.3,106.7,6.6,99.8,0.5975609756097561,2.21,109.6,106.8,2.8,95.4,0.1585365853658537,4.06,3.700000000000003,-0.09999999999999432,3.8,4.3999999999999915
1992-93,1993,1993-05-18,Houston Rockets,95,Seattle SuperSonics,120,1,0.6707317073170732,6.66,112.3,104.9,7.4,96.0,0.6707317073170732,3.57,109.6,105.2,4.4,94.4,0.0,3.0900000000000003,2.700000000000003,-0.29999999999999716,3.0,1.5999999999999943
1992-93,1993,1993-05-20,Seattle SuperSonics,90,Houston Rockets,103,1,0.6707317073170732,3.57,109.6,105.2,4.4,94.4,0.6707317073170732,6.66,112.3,104.9,7.4,96.0,0.0,-3.0900000000000003,-2.700000000000003,0.29999999999999716,-3.0,-1.5999999999999943
1992-93,1993,1993-05-20,Phoenix Suns,102,San Antonio Spurs,100,0,0.5975609756097561,2.21,109.6,106.8,2.8,95.4,0.7560975609756098,6.27,113.3,106.7,6.6,99.8,-0.1585365853658537,-4.06,-3.700000000000003,0.09999999999999432,-3.8,-4.3999999999999915
1992-93,1993,1993-05-22,Houston Rockets,100,Seattle SuperSonics,103,1,0.6707317073170732,6.66,112.3,104.9,7.4,96.0,0.6707317073170732,3.57,109.6,105.2,4.4,94.4,0.0,3.0900000000000003,2.700000000000003,-0.29999999999999716,3.0,1.5999999999999943
1992-93,1993,1993-05-23,Chicago Bulls,90,New York Knicks,98,1,0.7317073170731707,5.87,106.1,99.7,6.4,94.5,0.6951219512195121,6.19,112.9,106.1,6.8,92.5,0.03658536585365857,-0.3200000000000003,-6.800000000000011,-6.3999999999999915,-0.39999999999999947,2.0
1992-93,1993,1993-05-24,Seattle SuperSonics,91,Phoenix Suns,105,1,0.7560975609756098,6.27,113.3,106.7,6.6,99.8,0.6707317073170732,6.66,112.3,104.9,7.4,96.0,0.08536585365853655,-0.39000000000000057,1.0,1.7999999999999972,-0.8000000000000007,3.799999999999997
1992-93,1993,1993-05-25,Chicago Bulls,91,New York Knicks,96,1,0.7317073170731707,5.87,106.1,99.7,6.4,94.5,0.6951219512195121,6.19,112.9,106.1,6.8,92.5,0.03658536585365857,-0.3200000000000003,-6.800000000000011,-6.3999999999999915,-0.39999999999999947,2.0
1992-93,1993,1993-05-26,Seattle SuperSonics,103,Phoenix Suns,99,0,0.7560975609756098,6.27,113.3,106.7,6.6,99.8,0.6707317073170732,6.66,112.3,104.9,7.4,96.0,0.08536585365853655,-0.39000000000000057,1.0,1.7999999999999972,-0.8000000000000007,3.799999999999997
1992-93,1993,1993-05-28,Phoenix Suns,104,Seattle SuperSonics,97,0,0.6707317073170732,6.66,112.3,104.9,7.4,96.0,0.7560975609756098,6.27,113.3,106.7,6.6,99.8,-0.08536585365853655,0.39000000000000057,-1.0,-1.7999999999999972,0.8000000000000007,-3.799999999999997
1992-93,1993,1993-05-29,New York Knicks,83,Chicago Bulls,103,1,0.6951219512195121,6.19,112.9,106.1,6.8,92.5,0.7317073170731707,5.87,106.1,99.7,6.4,94.5,-0.03658536585365857,0.3200000000000003,6.800000000000011,6.3999999999999915,0.39999999999999947,-2.0
1992-93,1993,1993-05-30,Phoenix Suns,101,Seattle SuperSonics,120,1,0.6707317073170732,6.66,112.3,104.9,7.4,96.0,0.7560975609756098,6.27,113.3,106.7,6.6,99.8,-0.08536585365853655,0.39000000000000057,-1.0,-1.7999999999999972,0.8000000000000007,-3.799999999999997
1992-93,1993,1993-05-31,New York Knicks,95,Chicago Bulls,105,1,0.6951219512195121,6.19,112.9,106.1,6.8,92.5,0.7317073170731707,5.87,106.1,99.7,6.4,94.5,-0.03658536585365857,0.3200000000000003,6.800000000000011,6.3999999999999915,0.39999999999999947,-2.0
1992-93,1993,1993-06-01,Seattle SuperSonics,114,Phoenix Suns,120,1,0.7560975609756098,6.27,113.3,106.7,6.6,99.8,0.6707317073170732,6.66,112.3,104.9,7.4,96.0,0.08536585365853655,-0.39000000000000057,1.0,1.7999999999999972,-0.8000000000000007,3.799999999999997
1992-93,1993,1993-06-02,Chicago Bulls,97,New York Knicks,94,0,0.7317073170731707,5.87,106.1,99.7,6.4,94.5,0.6951219512195121,6.19,112.9,106.1,6.8,92.5,0.03658536585365857,-0.3200000000000003,-6.800000000000011,-6.3999999999999915,-0.39999999999999947,2.0
1992-93,1993,1993-06-03,Phoenix Suns,102,Seattle SuperSonics,118,1,0.6707317073170732,6.66,112.3,104.9,7.4,96.0,0.7560975609756098,6.27,113.3,106.7,6.6,99.8,-0.08536585365853655,0.39000000000000057,-1.0,-1.7999999999999972,0.8000000000000007,-3.799999999999997
1992-93,1993,1993-06-04,New York Knicks,88,Chicago Bulls,96,1,0.6951219512195121,6.19,112.9,106.1,6.8,92.5,0.7317073170731707,5.87,106.1,99.7,6.4,94.5,-0.03658536585365857,0.3200000000000003,6.800000000000011,6.3999999999999915,0.39999999999999947,-2.0
1992-93,1993,1993-06-05,Seattle SuperSonics,110,Phoenix Suns,123,1,0.7560975609756098,6.27,113.3,106.7,6.6,99.8,0.6707317073170732,6.66,112.3,104.9,7.4,96.0,0.08536585365853655,-0.39000000000000057,1.0,1.7999999999999972,-0.8000000000000007,3.799999999999997
1992-93,1993,1993-06-09,Chicago Bulls,100,Phoenix Suns,92,0,0.7560975609756098,6.27,113.3,106.7,6.6,99.8,0.6951219512195121,6.19,112.9,106.1,6.8,92.5,0.060975609756097615,0.07999999999999918,0.3999999999999915,0.6000000000000085,-0.20000000000000018,7.299999999999997
1992-93,1993,1993-06-11,Chicago Bulls,111,Phoenix Suns,108,0,0.7560975609756098,6.27,113.3,106.7,6.6,99.8,0.6951219512195121,6.19,112.9,106.1,6.8,92.5,0.060975609756097615,0.07999999999999918,0.3999999999999915,0.6000000000000085,-0.20000000000000018,7.299999999999997
1992-93,1993,1993-06-13,Phoenix Suns,129,Chicago Bulls,121,0,0.6951219512195121,6.19,112.9,106.1,6.8,92.5,0.7560975609756098,6.27,113.3,106.7,6.6,99.8,-0.060975609756097615,-0.07999999999999918,-0.3999999999999915,-0.6000000000000085,0.20000000000000018,-7.299999999999997
1992-93,1993,1993-06-16,Phoenix Suns,105,Chicago Bulls,111,1,0.6951219512195121,6.19,112.9,106.1,6.8,92.5,0.7560975609756098,6.27,113.3,106.7,6.6,99.8,-0.060975609756097615,-0.07999999999999918,-0.3999999999999915,-0.6000000000000085,0.20000000000000018,-7.299999999999997
1992-93,1993,1993-06-18,Phoenix Suns,108,Chicago Bulls,98,0,0.6951219512195121,6.19,112.9,106.1,6.8,92.5,0.7560975609756098,6.27,113.3,106.7,6.6,99.8,-0.060975609756097615,-0.07999999999999918,-0.3999999999999915,-0.6000000000000085,0.20000000000000018,-7.299999999999997
1992-93,1993,1993-06-20,Chicago Bulls,99,Phoenix Suns,98,0,0.7560975609756098,6.27,113.3,106.7,6.6,99.8,0.6951219512195121,6.19,112.9,106.1,6.8,92.5,0.060975609756097615,0.07999999999999918,0.3999999999999915,0.6000000000000085,-0.20000000000000018,7.299999999999997
1993-94,1994,1994-04-28,Indiana Pacers,89,Orlando Magic,88,0,0.6097560975609756,3.68,110.8,106.7,4.1,95.2,0.573170731707317,3.26,107.8,104.2,3.6,93.3,0.03658536585365857,0.4200000000000004,3.0,2.5,0.49999999999999956,1.9000000000000057
1993-94,1994,1994-04-28,Miami Heat,93,Atlanta Hawks,88,0,0.6951219512195121,4.94,107.2,101.7,5.5,94.2,0.5121951219512195,2.4,109.5,106.7,2.8,93.8,0.18292682926829262,2.5400000000000005,-2.299999999999997,-5.0,2.7,0.4000000000000057
1993-94,1994,1994-04-28,Denver Nuggets,82,Seattle SuperSonics,106,1,0.7682926829268293,8.68,111.1,101.5,9.6,95.1,0.5121951219512195,1.54,103.9,102.3,1.6,96.1,0.25609756097560976,7.14,7.199999999999989,-0.7999999999999972,8.0,-1.0
1993-94,1994,1994-04-28,Utah Jazz,89,San Antonio Spurs,106,1,0.6707317073170732,5.05,110.4,104.6,5.8,90.1,0.6463414634146342,4.1,108.6,104.1,4.5,93.1,0.024390243902439046,0.9500000000000002,1.8000000000000114,0.5,1.2999999999999998,-3.0
1993-94,1994,1994-04-29,Cleveland Cavaliers,96,Chicago Bulls,104,1,0.6707317073170732,2.87,106.1,102.7,3.4,91.9,0.573170731707317,3.64,109.4,105.1,4.3,91.7,0.09756097560975618,-0.77,-3.3000000000000114,-2.3999999999999915,-0.8999999999999999,0.20000000000000284
1993-94,1994,1994-04-29,Golden State Warriors,104,Phoenix Suns,111,1,0.6829268292682927,4.68,111.7,106.8,4.9,96.7,0.6097560975609756,1.76,108.3,106.5,1.8,99.1,0.07317073170731714,2.92,3.4000000000000057,0.29999999999999716,3.1000000000000005,-2.3999999999999915
1993-94,1994,1994-04-29,New Jersey Nets,80,New York Knicks,91,1,0.6951219512195121,6.48,105.7,98.2,7.5,92.8,0.5487804878048781,2.11,107.2,104.9,2.3,95.5,0.14634146341463405,4.370000000000001,-1.5,-6.700000000000003,5.2,-2.700000000000003
1993-94,1994,1994-04-29,Portland Trail Blazers,104,Houston Rockets,114,1,0.7073170731707317,4.19,105.9,101.4,4.5,95.0,0.573170731707317,2.6,108.1,105.5,2.6,98.8,0.13414634146341464,1.5900000000000003,-2.1999999999999886,-4.099999999999994,1.9,-3.799999999999997
1993-94,1994,1994-04-30,Miami Heat,86,Atlanta Hawks,104,1,0.6951219512195121,4.94,107.2,101.7,5.5,94.2,0.5121951219512195,2.4,109.5,106.7,2.8,93.8,0.18292682926829262,2.5400000000000005,-2.299999999999997,-5.0,2.7,0.4000000000000057
1993-94,1994,1994-04-30,Indiana Pacers,103,Orlando Magic,101,0,0.6097560975609756,3.68,110.8,106.7,4.1,95.2,0.573170731707317,3.26,107.8,104.2,3.6,93.3,0.03658536585365857,0.4200000000000004,3.0,2.5,0.49999999999999956,1.9000000000000057
1993-94,1994,1994-04-30,Utah Jazz,96,San Antonio Spurs,84,0,0.6707317073170732,5.05,110.4,104.6,5.8,90.1,0.6463414634146342,4.1,108.6,104.1,4.5,93.1,0.024390243902439046,0.9500000000000002,1.8000000000000114,0.5,1.2999999999999998,-3.0
1993-94,1994,1994-04-30,Denver Nuggets,87,Seattle SuperSonics,97,1,0.7682926829268293,8.68,111.1,101.5,9.6,95.1,0.5121951219512195,1.54,103.9,102.3,1.6,96.1,0.25609756097560976,7.14,7.199999999999989,-0.7999999999999972,8.0,-1.0
1993-94,1994,1994-05-01,Cleveland Cavaliers,96,Chicago Bulls,105,1,0.6707317073170732,2.87,106.1,102.7,3.4,91.9,0.573170731707317,3.64,109.4,105.1,4.3,91.7,0.09756097560975618,-0.77,-3.3000000000000114,-2.3999999999999915,-0.8999999999999999,0.20000000000000284
1993-94,1994,1994-05-01,Portland Trail Blazers,104,Houston Rockets,115,1,0.7073170731707317,4.19,105.9,101.4,4.5,95.0,0.573170731707317,2.6,108.1,105.5,2.6,98.8,0.13414634146341464,1.5900000000000003,-2.1999999999999886,-4.099999999999994,1.9,-3.799999999999997
1993-94,1994,1994-05-01,New Jersey Nets,81,New York Knicks,90,1,0.6951219512195121,6.48,105.7,98.2,7.5,92.8,0.5487804878048781,2.11,107.2,104.9,2.3,95.5,0.14634146341463405,4.370000000000001,-1.5,-6.700000000000003,5.2,-2.700000000000003
1993-94,1994,1994-05-01,Golden State Warriors,111,Phoenix Suns,117,1,0.6829268292682927,4.68,111.7,106.8,4.9,96.7,0.6097560975609756,1.76,108.3,106.5,1.8,99.1,0.07317073170731714,2.92,3.4000000000000057,0.29999999999999716,3.1000000000000005,-2.3999999999999915
1993-94,1994,1994-05-02,Seattle SuperSonics,93,Denver Nuggets,110,1,0.5121951219512195,1.54,103.9,102.3,1.6,96.1,0.7682926829268293,8.68,111.1,101.5,9.6,95.1,-0.25609756097560976,-7.14,-7.199999999999989,0.7999999999999972,-8.0,1.0
1993-94,1994,1994-05-02,Orlando Magic,86,Indiana Pacers,99,1,0.573170731707317,3.26,107.8,104.2,3.6,93.3,0.6097560975609756,3.68,110.8,106.7,4.1,95.2,-0.03658536585365857,-0.4200000000000004,-3.0,-2.5,-0.49999999999999956,-1.9000000000000057
1993-94,1994,1994-05-03,San Antonio Spurs,72,Utah Jazz,105,1,0.6463414634146342,4.1,108.6,104.1,4.5,93.1,0.6707317073170732,5.05,110.4,104.6,5.8,90.1,-0.024390243902439046,-0.9500000000000002,-1.8000000000000114,-0.5,-1.2999999999999998,3.0
1993-94,1994,1994-05-03,Houston Rockets,115,Portland Trail Blazers,118,1,0.573170731707317,2.6,108.1,105.5,2.6,98.8,0.7073170731707317,4.19,105.9,101.4,4.5,95.0,-0.13414634146341464,-1.5900000000000003,2.1999999999999886,4.099999999999994,-1.9,3.799999999999997
1993-94,1994,1994-05-03,Chicago Bulls,95,Cleveland Cavaliers,92,0,0.573170731707317,3.64,109.4,105.1,4.3,91.7,0.6707317073170732,2.87,106.1,102.7,3.4,91.9,-0.09756097560975618,0.77,3.3000000000000114,2.3999999999999915,0.8999999999999999,-0.20000000000000284
1993-94,1994,1994-05-03,Atlanta Hawks,86,Miami Heat,90,1,0.5121951219512195,2.4,109.5,106.7,2.8,93.8,0.6951219512195121,4.94,107.2,101.7,5.5,94.2,-0.18292682926829262,-2.5400000000000005,2.299999999999997,5.0,-2.7,-0.4000000000000057
1993-94,1994,1994-05-04,Phoenix Suns,140,Golden State Warriors,133,0,0.6097560975609756,1.76,108.3,106.5,1.8,99.1,0.6829268292682927,4.68,111.7,106.8,4.9,96.7,-0.07317073170731714,-2.92,-3.4000000000000057,-0.29999999999999716,-3.1000000000000005,2.3999999999999915
1993-94,1994,1994-05-04,New York Knicks,92,New Jersey Nets,93,1,0.5487804878048781,2.11,107.2,104.9,2.3,95.5,0.6951219512195121,6.48,105.7,98.2,7.5,92.8,-0.14634146341463405,-4.370000000000001,1.5,6.700000000000003,-5.2,2.700000000000003
1993-94,1994,1994-05-05,Seattle SuperSonics,85,Denver Nuggets,94,1,0.5121951219512195,1.54,103.9,102.3,1.6,96.1,0.7682926829268293,8.68,111.1,101.5,9.6,95.1,-0.25609756097560976,-7.14,-7.199999999999989,0.7999999999999972,-8.0,1.0
1993-94,1994,1994-05-05,Atlanta Hawks,103,Miami Heat,89,0,0.5121951219512195,2.4,109.5,106.7,2.8,93.8,0.6951219512195121,4.94,107.2,101.7,5.5,94.2,-0.18292682926829262,-2.5400000000000005,2.299999999999997,5.0,-2.7,-0.4000000000000057
1993-94,1994,1994-05-05,San Antonio Spurs,90,Utah Jazz,95,1,0.6463414634146342,4.1,108.6,104.1,4.5,93.1,0.6707317073170732,5.05,110.4,104.6,5.8,90.1,-0.024390243902439046,-0.9500000000000002,-1.8000000000000114,-0.5,-1.2999999999999998,3.0
1993-94,1994,1994-05-06,New York Knicks,102,New Jersey Nets,92,0,0.5487804878048781,2.11,107.2,104.9,2.3,95.5,0.6951219512195121,6.48,105.7,98.2,7.5,92.8,-0.14634146341463405,-4.370000000000001,1.5,6.700000000000003,-5.2,2.700000000000003
1993-94,1994,1994-05-06,Houston Rockets,92,Portland Trail Blazers,89,0,0.573170731707317,2.6,108.1,105.5,2.6,98.8,0.7073170731707317,4.19,105.9,101.4,4.5,95.0,-0.13414634146341464,-1.5900000000000003,2.1999999999999886,4.099999999999994,-1.9,3.799999999999997
1993-94,1994,1994-05-07,Denver Nuggets,98,Seattle SuperSonics,94,0,0.7682926829268293,8.68,111.1,101.5,9.6,95.1,0.5121951219512195,1.54,103.9,102.3,1.6,96.1,0.25609756097560976,7.14,7.199999999999989,-0.7999999999999972,8.0,-1.0
1993-94,1994,1994-05-08,Miami Heat,91,Atlanta Hawks,102,1,0.6951219512195121,4.94,107.2,101.7,5.5,94.2,0.5121951219512195,2.4,109.5,106.7,2.8,93.8,0.18292682926829262,2.5400000000000005,-2.299999999999997,-5.0,2.7,0.4000000000000057
1993-94,1994,1994-05-08,Phoenix Suns,91,Houston Rockets,87,0,0.7073170731707317,4.19,105.9,101.4,4.5,95.0,0.6829268292682927,4.68,111.7,106.8,4.9,96.7,0.024390243902438935,-0.4899999999999993,-5.799999999999997,-5.3999999999999915,-0.40000000000000036,-1.7000000000000028
1993-94,1994,1994-05-08,Chicago Bulls,86,New York Knicks,90,1,0.6951219512195121,6.48,105.7,98.2,7.5,92.8,0.6707317073170732,2.87,106.1,102.7,3.4,91.9,0.024390243902438935,3.6100000000000003,-0.3999999999999915,-4.5,4.1,0.8999999999999915
1993-94,1994,1994-05-10,Indiana Pacers,96,Atlanta Hawks,85,0,0.6951219512195121,4.94,107.2,101.7,5.5,94.2,0.573170731707317,3.26,107.8,104.2,3.6,93.3,0.12195121951219512,1.6800000000000006,-0.5999999999999943,-2.5,1.9,0.9000000000000057
1993-94,1994,1994-05-10,Denver Nuggets,91,Utah Jazz,100,1,0.6463414634146342,4.1,108.6,104.1,4.5,93.1,0.5121951219512195,1.54,103.9,102.3,1.6,96.1,0.13414634146341464,2.5599999999999996,4.699999999999989,1.7999999999999972,2.9,-3.0
1993-94,1994,1994-05-11,Phoenix Suns,124,Houston Rockets,117,0,0.7073170731707317,4.19,105.9,101.4,4.5,95.0,0.6829268292682927,4.68,111.7,106.8,4.9,96.7,0.024390243902438935,-0.4899999999999993,-5.799999999999997,-5.3999999999999915,-0.40000000000000036,-1.7000000000000028
1993-94,1994,1994-05-11,Chicago Bulls,91,New York Knicks,96,1,0.6951219512195121,6.48,105.7,98.2,7.5,92.8,0.6707317073170732,2.87,106.1,102.7,3.4,91.9,0.024390243902438935,3.6100000000000003,-0.3999999999999915,-4.5,4.1,0.8999999999999915
1993-94,1994,1994-05-12,Denver Nuggets,94,Utah Jazz,104,1,0.6463414634146342,4.1,108.6,104.1,4.5,93.1,0.5121951219512195,1.54,103.9,102.3,1.6,96.1,0.13414634146341464,2.5599999999999996,4.699999999999989,1.7999999999999972,2.9,-3.0
1993-94,1994,1994-05-12,Indiana Pacers,69,Atlanta Hawks,92,1,0.6951219512195121,4.94,107.2,101.7,5.5,94.2,0.573170731707317,3.26,107.8,104.2,3.6,93.3,0.12195121951219512,1.6800000000000006,-0.5999999999999943,-2.5,1.9,0.9000000000000057
1993-94,1994,1994-05-13,New York Knicks,102,Chicago Bulls,104,1,0.6707317073170732,2.87,106.1,102.7,3.4,91.9,0.6951219512195121,6.48,105.7,98.2,7.5,92.8,-0.024390243902438935,-3.6100000000000003,0.3999999999999915,4.5,-4.1,-0.8999999999999915
1993-94,1994,1994-05-13,Houston Rockets,118,Phoenix Suns,102,0,0.6829268292682927,4.68,111.7,106.8,4.9,96.7,0.7073170731707317,4.19,105.9,101.4,4.5,95.0,-0.024390243902438935,0.4899999999999993,5.799999999999997,5.3999999999999915,0.40000000000000036,1.7000000000000028
1993-94,1994,1994-05-14,Utah Jazz,111,Denver Nuggets,109,0,0.5121951219512195,1.54,103.9,102.3,1.6,96.1,0.6463414634146342,4.1,108.6,104.1,4.5,93.1,-0.13414634146341464,-2.5599999999999996,-4.699999999999989,-1.7999999999999972,-2.9,3.0
1993-94,1994,1994-05-14,Atlanta Hawks,81,Indiana Pacers,101,1,0.573170731707317,3.26,107.8,104.2,3.6,93.3,0.6951219512195121,4.94,107.2,101.7,5.5,94.2,-0.12195121951219512,-1.6800000000000006,0.5999999999999943,2.5,-1.9,-0.9000000000000057
1993-94,1994,1994-05-15,New York Knicks,83,Chicago Bulls,95,1,0.6707317073170732,2.87,106.1,102.7,3.4,91.9,0.6951219512195121,6.48,105.7,98.2,7.5,92.8,-0.024390243902438935,-3.6100000000000003,0.3999999999999915,4.5,-4.1,-0.8999999999999915
1993-94,1994,1994-05-15,Utah Jazz,82,Denver Nuggets,83,1,0.5121951219512195,1.54,103.9,102.3,1.6,96.1,0.6463414634146342,4.1,108.6,104.1,4.5,93.1,-0.13414634146341464,-2.5599999999999996,-4.699999999999989,-1.7999999999999972,-2.9,3.0
1993-94,1994,1994-05-15,Atlanta Hawks,86,Indiana Pacers,102,1,0.573170731707317,3.26,107.8,104.2,3.6,93.3,0.6951219512195121,4.94,107.2,101.7,5.5,94.2,-0.12195121951219512,-1.6800000000000006,0.5999999999999943,2.5,-1.9,-0.9000000000000057
1993-94,1994,1994-05-15,Houston Rockets,107,Phoenix Suns,96,0,0.6829268292682927,4.68,111.7,106.8,4.9,96.7,0.7073170731707317,4.19,105.9,101.4,4.5,95.0,-0.024390243902438935,0.4899999999999993,5.799999999999997,5.3999999999999915,0.40000000000000036,1.7000000000000028
1993-94,1994,1994-05-17,Denver Nuggets,109,Utah Jazz,101,0,0.6463414634146342,4.1,108.6,104.1,4.5,93.1,0.5121951219512195,1.54,103.9,102.3,1.6,96.1,0.13414634146341464,2.5599999999999996,4.699999999999989,1.7999999999999972,2.9,-3.0
1993-94,1994,1994-05-17,Phoenix Suns,86,Houston Rockets,109,1,0.7073170731707317,4.19,105.9,101.4,4.5,95.0,0.6829268292682927,4.68,111.7,106.8,4.9,96.7,0.024390243902438935,-0.4899999999999993,-5.799999999999997,-5.3999999999999915,-0.40000000000000036,-1.7000000000000028
1993-94,1994,1994-05-17,Indiana Pacers,76,Atlanta Hawks,88,1,0.6951219512195121,4.94,107.2,101.7,5.5,94.2,0.573170731707317,3.26,107.8,104.2,3.6,93.3,0.12195121951219512,1.6800000000000006,-0.5999999999999943,-2.5,1.9,0.9000000000000057
1993-94,1994,1994-05-18,Chicago Bulls,86,New York Knicks,87,1,0.6951219512195121,6.48,105.7,98.2,7.5,92.8,0.6707317073170732,2.87,106.1,102.7,3.4,91.9,0.024390243902438935,3.6100000000000003,-0.3999999999999915,-4.5,4.1,0.8999999999999915
1993-94,1994,1994-05-19,Utah Jazz,91,Denver Nuggets,94,1,0.5121951219512195,1.54,103.9,102.3,1.6,96.1,0.6463414634146342,4.1,108.6,104.1,4.5,93.1,-0.13414634146341464,-2.5599999999999996,-4.699999999999989,-1.7999999999999972,-2.9,3.0
1993-94,1994,1994-05-19,Atlanta Hawks,79,Indiana Pacers,98,1,0.573170731707317,3.26,107.8,104.2,3.6,93.3,0.6951219512195121,4.94,107.2,101.7,5.5,94.2,-0.12195121951219512,-1.6800000000000006,0.5999999999999943,2.5,-1.9,-0.9000000000000057
1993-94,1994,1994-05-19,Houston Rockets,89,Phoenix Suns,103,1,0.6829268292682927,4.68,111.7,106.8,4.9,96.7,0.7073170731707317,4.19,105.9,101.4,4.5,95.0,-0.024390243902438935,0.4899999999999993,5.799999999999997,5.3999999999999915,0.40000000000000036,1.7000000000000028
1993-94,1994,1994-05-20,New York Knicks,79,Chicago Bulls,93,1,0.6707317073170732,2.87,106.1,102.7,3.4,91.9,0.6951219512195121,6.48,105.7,98.2,7.5,92.8,-0.024390243902438935,-3.6100000000000003,0.3999999999999915,4.5,-4.1,-0.8999999999999915
1993-94,1994,1994-05-21,Phoenix Suns,94,Houston Rockets,104,1,0.7073170731707317,4.19,105.9,101.4,4.5,95.0,0.6829268292682927,4.68,111.7,106.8,4.9,96.7,0.024390243902438935,-0.4899999999999993,-5.799999999999997,-5.3999999999999915,-0.40000000000000036,-1.7000000000000028
1993-94,1994,1994-05-21,Denver Nuggets,81,Utah Jazz,91,1,0.6463414634146342,4.1,108.6,104.1,4.5,93.1,0.5121951219512195,1.54,103.9,102.3,1.6,96.1,0.13414634146341464,2.5599999999999996,4.699999999999989,1.7999999999999972,2.9,-3.0
1993-94,1994,1994-05-22,Chicago Bulls,77,New York Knicks,87,1,0.6951219512195121,6.48,105.7,98.2,7.5,92.8,0.6707317073170732,2.87,106.1,102.7,3.4,91.9,0.024390243902438935,3.6100000000000003,-0.3999999999999915,-4.5,4.1,0.8999999999999915
1993-94,1994,1994-05-23,Utah Jazz,88,Houston Rockets,100,1,0.7073170731707317,4.19,105.9,101.4,4.5,95.0,0.6463414634146342,4.1,108.6,104.1,4.5,93.1,0.060975609756097504,0.09000000000000075,-2.6999999999999886,-2.6999999999999886,0.0,1.9000000000000057
1993-94,1994,1994-05-24,Indiana Pacers,89,New York Knicks,100,1,0.6951219512195121,6.48,105.7,98.2,7.5,92.8,0.573170731707317,3.26,107.8,104.2,3.6,93.3,0.12195121951219512,3.2200000000000006,-2.0999999999999943,-6.0,3.9,-0.5
1993-94,1994,1994-05-25,Utah Jazz,99,Houston Rockets,104,1,0.7073170731707317,4.19,105.9,101.4,4.5,95.0,0.6463414634146342,4.1,108.6,104.1,4.5,93.1,0.060975609756097504,0.09000000000000075,-2.6999999999999886,-2.6999999999999886,0.0,1.9000000000000057
1993-94,1994,1994-05-26,Indiana Pacers,78,New York Knicks,89,1,0.6951219512195121,6.48,105.7,98.2,7.5,92.8,0.573170731707317,3.26,107.8,104.2,3.6,93.3,0.12195121951219512,3.2200000000000006,-2.0999999999999943,-6.0,3.9,-0.5
1993-94,1994,1994-05-27,Houston Rockets,86,Utah Jazz,95,1,0.6463414634146342,4.1,108.6,104.1,4.5,93.1,0.7073170731707317,4.19,105.9,101.4,4.5,95.0,-0.060975609756097504,-0.09000000000000075,2.6999999999999886,2.6999999999999886,0.0,-1.9000000000000057
1993-94,1994,1994-05-28,New York Knicks,68,Indiana Pacers,88,1,0.573170731707317,3.26,107.8,104.2,3.6,93.3,0.6951219512195121,6.48,105.7,98.2,7.5,92.8,-0.12195121951219512,-3.2200000000000006,2.0999999999999943,6.0,-3.9,0.5
1993-94,1994,1994-05-29,Houston Rockets,80,Utah Jazz,78,0,0.6463414634146342,4.1,108.6,104.1,4.5,93.1,0.7073170731707317,4.19,105.9,101.4,4.5,95.0,-0.060975609756097504,-0.09000000000000075,2.6999999999999886,2.6999999999999886,0.0,-1.9000000000000057
1993-94,1994,1994-05-30,New York Knicks,77,Indiana Pacers,83,1,0.573170731707317,3.26,107.8,104.2,3.6,93.3,0.6951219512195121,6.48,105.7,98.2,7.5,92.8,-0.12195121951219512,-3.2200000000000006,2.0999999999999943,6.0,-3.9,0.5
1993-94,1994,1994-05-31,Utah Jazz,83,Houston Rockets,94,1,0.7073170731707317,4.19,105.9,101.4,4.5,95.0,0.6463414634146342,4.1,108.6,104.1,4.5,93.1,0.060975609756097504,0.09000000000000075,-2.6999999999999886,-2.6999999999999886,0.0,1.9000000000000057
1993-94,1994,1994-06-01,Indiana Pacers,93,New York Knicks,86,0,0.6951219512195121,6.48,105.7,98.2,7.5,92.8,0.573170731707317,3.26,107.8,104.2,3.6,93.3,0.12195121951219512,3.2200000000000006,-2.0999999999999943,-6.0,3.9,-0.5
1993-94,1994,1994-06-03,New York Knicks,98,Indiana Pacers,91,0,0.573170731707317,3.26,107.8,104.2,3.6,93.3,0.6951219512195121,6.48,105.7,98.2,7.5,92.8,-0.12195121951219512,-3.2200000000000006,2.0999999999999943,6.0,-3.9,0.5
1993-94,1994,1994-06-05,Indiana Pacers,90,New York Knicks,94,1,0.6951219512195121,6.48,105.7,98.2,7.5,92.8,0.573170731707317,3.26,107.8,104.2,3.6,93.3,0.12195121951219512,3.2200000000000006,-2.0999999999999943,-6.0,3.9,-0.5
1993-94,1994,1994-06-08,New York Knicks,78,Houston Rockets,85,1,0.7073170731707317,4.19,105.9,101.4,4.5,95.0,0.6951219512195121,6.48,105.7,98.2,7.5,92.8,0.012195121951219523,-2.29,0.20000000000000284,3.200000000000003,-3.0,2.200000000000003
1993-94,1994,1994-06-10,New York Knicks,91,Houston Rockets,83,0,0.7073170731707317,4.19,105.9,101.4,4.5,95.0,0.6951219512195121,6.48,105.7,98.2,7.5,92.8,0.012195121951219523,-2.29,0.20000000000000284,3.200000000000003,-3.0,2.200000000000003
1993-94,1994,1994-06-12,Houston Rockets,93,New York Knicks,89,0,0.6951219512195121,6.48,105.7,98.2,7.5,92.8,0.7073170731707317,4.19,105.9,101.4,4.5,95.0,-0.012195121951219523,2.29,-0.20000000000000284,-3.200000000000003,3.0,-2.200000000000003
1993-94,1994,1994-06-15,Houston Rockets,82,New York Knicks,91,1,0.6951219512195121,6.48,105.7,98.2,7.5,92.8,0.7073170731707317,4.19,105.9,101.4,4.5,95.0,-0.012195121951219523,2.29,-0.20000000000000284,-3.200000000000003,3.0,-2.200000000000003
1993-94,1994,1994-06-17,Houston Rockets,84,New York Knicks,91,1,0.6951219512195121,6.48,105.7,98.2,7.5,92.8,0.7073170731707317,4.19,105.9,101.4,4.5,95.0,-0.012195121951219523,2.29,-0.20000000000000284,-3.200000000000003,3.0,-2.200000000000003
1993-94,1994,1994-06-19,New York Knicks,84,Houston Rockets,86,1,0.7073170731707317,4.19,105.9,101.4,4.5,95.0,0.6951219512195121,6.48,105.7,98.2,7.5,92.8,0.012195121951219523,-2.29,0.20000000000000284,3.200000000000003,-3.0,2.200000000000003
1993-94,1994,1994-06-22,New York Knicks,84,Houston Rockets,90,1,0.7073170731707317,4.19,105.9,101.4,4.5,95.0,0.6951219512195121,6.48,105.7,98.2,7.5,92.8,0.012195121951219523,-2.29,0.20000000000000284,3.200000000000003,-3.0,2.200000000000003
1994-95,1995,1995-04-27,Cleveland Cavaliers,79,New York Knicks,103,1,0.6707317073170732,2.78,107.2,103.8,3.4,91.2,0.524390243902439,0.55,105.3,104.6,0.7,84.8,0.14634146341463417,2.2299999999999995,1.9000000000000057,-0.7999999999999972,2.7,6.400000000000006
1994-95,1995,1995-04-27,Atlanta Hawks,82,Indiana Pacers,90,1,0.6341463414634146,3.35,109.6,105.6,4.0,90.0,0.5121951219512195,1.06,106.6,105.2,1.4,89.8,0.12195121951219512,2.29,3.0,0.3999999999999915,2.6,0.20000000000000284
1994-95,1995,1995-04-27,Houston Rockets,100,Utah Jazz,102,1,0.7317073170731707,7.76,114.3,105.7,8.6,92.6,0.573170731707317,2.32,109.7,107.4,2.3,94.2,0.1585365853658537,5.4399999999999995,4.599999999999994,-1.7000000000000028,6.3,-1.6000000000000085
1994-95,1995,1995-04-27,Los Angeles Lakers,71,Seattle SuperSonics,96,1,0.6951219512195121,7.91,114.8,106.3,8.5,95.5,0.5853658536585366,-0.01,109.1,109.4,-0.3,95.2,0.1097560975609756,7.92,5.700000000000003,-3.1000000000000085,8.8,0.29999999999999716
1994-95,1995,1995-04-28,Chicago Bulls,108,Charlotte Hornets,100,0,0.6097560975609756,2.87,109.6,106.1,3.5,91.2,0.573170731707317,4.32,109.5,104.3,5.2,92.0,0.03658536585365857,-1.4500000000000002,0.09999999999999432,1.7999999999999972,-1.7000000000000002,-0.7999999999999972
1994-95,1995,1995-04-28,Denver Nuggets,88,San Antonio Spurs,104,1,0.7560975609756098,5.9,111.7,105.4,6.3,94.6,0.5,0.96,109.1,108.2,0.9,91.5,0.25609756097560976,4.94,2.6000000000000085,-2.799999999999997,5.3999999999999995,3.0999999999999943
1994-95,1995,1995-04-28,Portland Trail Blazers,102,Phoenix Suns,129,1,0.7195121951219512,3.86,114.5,110.4,4.1,95.9,0.5365853658536586,3.8,109.7,105.7,4.0,93.8,0.18292682926829262,0.06000000000000005,4.799999999999997,4.700000000000003,0.09999999999999964,2.1000000000000085
1994-95,1995,1995-04-28,Boston Celtics,77,Orlando Magic,124,1,0.6951219512195121,6.44,115.1,107.8,7.3,95.1,0.4268292682926829,-1.92,108.6,110.6,-2.0,94.0,0.26829268292682923,8.36,6.5,-2.799999999999997,9.3,1.0999999999999943
1994-95,1995,1995-04-29,Atlanta Hawks,97,Indiana Pacers,105,1,0.6341463414634146,3.35,109.6,105.6,4.0,90.0,0.5121951219512195,1.06,106.6,105.2,1.4,89.8,0.12195121951219512,2.29,3.0,0.3999999999999915,2.6,0.20000000000000284
1994-95,1995,1995-04-29,Cleveland Cavaliers,90,New York Knicks,84,0,0.6707317073170732,2.78,107.2,103.8,3.4,91.2,0.524390243902439,0.55,105.3,104.6,0.7,84.8,0.14634146341463417,2.2299999999999995,1.9000000000000057,-0.7999999999999972,2.7,6.400000000000006
1994-95,1995,1995-04-29,Los Angeles Lakers,84,Seattle SuperSonics,82,0,0.6951219512195121,7.91,114.8,106.3,8.5,95.5,0.5853658536585366,-0.01,109.1,109.4,-0.3,95.2,0.1097560975609756,7.92,5.700000000000003,-3.1000000000000085,8.8,0.29999999999999716
1994-95,1995,1995-04-29,Houston Rockets,140,Utah Jazz,126,0,0.7317073170731707,7.76,114.3,105.7,8.6,92.6,0.573170731707317,2.32,109.7,107.4,2.3,94.2,0.1585365853658537,5.4399999999999995,4.599999999999994,-1.7000000000000028,6.3,-1.6000000000000085
1994-95,1995,1995-04-30,Chicago Bulls,89,Charlotte Hornets,106,1,0.6097560975609756,2.87,109.6,106.1,3.5,91.2,0.573170731707317,4.32,109.5,104.3,5.2,92.0,0.03658536585365857,-1.4500000000000002,0.09999999999999432,1.7999999999999972,-1.7000000000000002,-0.7999999999999972
1994-95,1995,1995-04-30,Boston Celtics,99,Orlando Magic,92,0,0.6951219512195121,6.44,115.1,107.8,7.3,95.1,0.4268292682926829,-1.92,108.6,110.6,-2.0,94.0,0.26829268292682923,8.36,6.5,-2.799999999999997,9.3,1.0999999999999943
1994-95,1995,1995-04-30,Portland Trail Blazers,94,Phoenix Suns,103,1,0.7195121951219512,3.86,114.5,110.4,4.1,95.9,0.5365853658536586,3.8,109.7,105.7,4.0,93.8,0.18292682926829262,0.06000000000000005,4.799999999999997,4.700000000000003,0.09999999999999964,2.1000000000000085
1994-95,1995,1995-04-30,Denver Nuggets,96,San Antonio Spurs,122,1,0.7560975609756098,5.9,111.7,105.4,6.3,94.6,0.5,0.96,109.1,108.2,0.9,91.5,0.25609756097560976,4.94,2.6000000000000085,-2.799999999999997,5.3999999999999995,3.0999999999999943
1994-95,1995,1995-05-01,New York Knicks,83,Cleveland Cavaliers,81,0,0.524390243902439,0.55,105.3,104.6,0.7,84.8,0.6707317073170732,2.78,107.2,103.8,3.4,91.2,-0.14634146341463417,-2.2299999999999995,-1.9000000000000057,0.7999999999999972,-2.7,-6.400000000000006
1994-95,1995,1995-05-01,Seattle SuperSonics,101,Los Angeles Lakers,105,1,0.5853658536585366,-0.01,109.1,109.4,-0.3,95.2,0.6951219512195121,7.91,114.8,106.3,8.5,95.5,-0.1097560975609756,-7.92,-5.700000000000003,3.1000000000000085,-8.8,-0.29999999999999716
1994-95,1995,1995-05-02,Phoenix Suns,117,Portland Trail Blazers,109,0,0.5365853658536586,3.8,109.7,105.7,4.0,93.8,0.7195121951219512,3.86,114.5,110.4,4.1,95.9,-0.18292682926829262,-0.06000000000000005,-4.799999999999997,-4.700000000000003,-0.09999999999999964,-2.1000000000000085
1994-95,1995,1995-05-02,San Antonio Spurs,99,Denver Nuggets,95,0,0.5,0.96,109.1,108.2,0.9,91.5,0.7560975609756098,5.9,111.7,105.4,6.3,94.6,-0.25609756097560976,-4.94,-2.6000000000000085,2.799999999999997,-5.3999999999999995,-3.0999999999999943
1994-95,1995,1995-05-02,Indiana Pacers,105,Atlanta Hawks,89,0,0.5121951219512195,1.06,106.6,105.2,1.4,89.8,0.6341463414634146,3.35,109.6,105.6,4.0,90.0,-0.12195121951219512,-2.29,-3.0,-0.3999999999999915,-2.6,-0.20000000000000284
1994-95,1995,1995-05-02,Charlotte Hornets,80,Chicago Bulls,103,1,0.573170731707317,4.32,109.5,104.3,5.2,92.0,0.6097560975609756,2.87,109.6,106.1,3.5,91.2,-0.03658536585365857,1.4500000000000002,-0.09999999999999432,-1.7999999999999972,1.7000000000000002,0.7999999999999972
1994-95,1995,1995-05-03,Orlando Magic,82,Boston Celtics,77,0,0.4268292682926829,-1.92,108.6,110.6,-2.0,94.0,0.6951219512195121,6.44,115.1,107.8,7.3,95.1,-0.26829268292682923,-8.36,-6.5,2.799999999999997,-9.3,-1.0999999999999943
1994-95,1995,1995-05-03,Utah Jazz,95,Houston Rockets,82,0,0.573170731707317,2.32,109.7,107.4,2.3,94.2,0.7317073170731707,7.76,114.3,105.7,8.6,92.6,-0.1585365853658537,-5.4399999999999995,-4.599999999999994,1.7000000000000028,-6.3,1.6000000000000085
1994-95,1995,1995-05-04,Charlotte Hornets,84,Chicago Bulls,85,1,0.573170731707317,4.32,109.5,104.3,5.2,92.0,0.6097560975609756,2.87,109.6,106.1,3.5,91.2,-0.03658536585365857,1.4500000000000002,-0.09999999999999432,-1.7999999999999972,1.7000000000000002,0.7999999999999972
1994-95,1995,1995-05-04,New York Knicks,93,Cleveland Cavaliers,80,0,0.524390243902439,0.55,105.3,104.6,0.7,84.8,0.6707317073170732,2.78,107.2,103.8,3.4,91.2,-0.14634146341463417,-2.2299999999999995,-1.9000000000000057,0.7999999999999972,-2.7,-6.400000000000006
1994-95,1995,1995-05-04,Seattle SuperSonics,110,Los Angeles Lakers,114,1,0.5853658536585366,-0.01,109.1,109.4,-0.3,95.2,0.6951219512195121,7.91,114.8,106.3,8.5,95.5,-0.1097560975609756,-7.92,-5.700000000000003,3.1000000000000085,-8.8,-0.29999999999999716
1994-95,1995,1995-05-05,Utah Jazz,106,Houston Rockets,123,1,0.573170731707317,2.32,109.7,107.4,2.3,94.2,0.7317073170731707,7.76,114.3,105.7,8.6,92.6,-0.1585365853658537,-5.4399999999999995,-4.599999999999994,1.7000000000000028,-6.3,1.6000000000000085
1994-95,1995,1995-05-05,Orlando Magic,95,Boston Celtics,92,0,0.4268292682926829,-1.92,108.6,110.6,-2.0,94.0,0.6951219512195121,6.44,115.1,107.8,7.3,95.1,-0.26829268292682923,-8.36,-6.5,2.799999999999997,-9.3,-1.0999999999999943
1994-95,1995,1995-05-06,Los Angeles Lakers,94,San Antonio Spurs,110,1,0.7560975609756098,5.9,111.7,105.4,6.3,94.6,0.5853658536585366,-0.01,109.1,109.4,-0.3,95.2,0.1707317073170732,5.91,2.6000000000000085,-4.0,6.6,-0.6000000000000085
1994-95,1995,1995-05-07,Indiana Pacers,107,New York Knicks,105,0,0.6707317073170732,2.78,107.2,103.8,3.4,91.2,0.6341463414634146,3.35,109.6,105.6,4.0,90.0,0.03658536585365857,-0.5700000000000003,-2.3999999999999915,-1.7999999999999972,-0.6000000000000001,1.2000000000000028
1994-95,1995,1995-05-07,Chicago Bulls,91,Orlando Magic,94,1,0.6951219512195121,6.44,115.1,107.8,7.3,95.1,0.573170731707317,4.32,109.5,104.3,5.2,92.0,0.12195121951219512,2.12,5.599999999999994,3.5,2.0999999999999996,3.0999999999999943
1994-95,1995,1995-05-07,Houston Rockets,95,Utah Jazz,91,0,0.7317073170731707,7.76,114.3,105.7,8.6,92.6,0.573170731707317,2.32,109.7,107.4,2.3,94.2,0.1585365853658537,5.4399999999999995,4.599999999999994,-1.7000000000000028,6.3,-1.6000000000000085
1994-95,1995,1995-05-08,Los Angeles Lakers,90,San Antonio Spurs,97,1,0.7560975609756098,5.9,111.7,105.4,6.3,94.6,0.5853658536585366,-0.01,109.1,109.4,-0.3,95.2,0.1707317073170732,5.91,2.6000000000000085,-4.0,6.6,-0.6000000000000085
1994-95,1995,1995-05-09,Indiana Pacers,77,New York Knicks,96,1,0.6707317073170732,2.78,107.2,103.8,3.4,91.2,0.6341463414634146,3.35,109.6,105.6,4.0,90.0,0.03658536585365857,-0.5700000000000003,-2.3999999999999915,-1.7999999999999972,-0.6000000000000001,1.2000000000000028
1994-95,1995,1995-05-09,Houston Rockets,108,Phoenix Suns,130,1,0.7195121951219512,3.86,114.5,110.4,4.1,95.9,0.573170731707317,2.32,109.7,107.4,2.3,94.2,0.14634146341463417,1.54,4.799999999999997,3.0,1.7999999999999998,1.7000000000000028
1994-95,1995,1995-05-10,Chicago Bulls,104,Orlando Magic,94,0,0.6951219512195121,6.44,115.1,107.8,7.3,95.1,0.573170731707317,4.32,109.5,104.3,5.2,92.0,0.12195121951219512,2.12,5.599999999999994,3.5,2.0999999999999996,3.0999999999999943
1994-95,1995,1995-05-11,Houston Rockets,94,Phoenix Suns,118,1,0.7195121951219512,3.86,114.5,110.4,4.1,95.9,0.573170731707317,2.32,109.7,107.4,2.3,94.2,0.14634146341463417,1.54,4.799999999999997,3.0,1.7999999999999998,1.7000000000000028
1994-95,1995,1995-05-11,New York Knicks,95,Indiana Pacers,97,1,0.6341463414634146,3.35,109.6,105.6,4.0,90.0,0.6707317073170732,2.78,107.2,103.8,3.4,91.2,-0.03658536585365857,0.5700000000000003,2.3999999999999915,1.7999999999999972,0.6000000000000001,-1.2000000000000028
1994-95,1995,1995-05-12,San Antonio Spurs,85,Los Angeles Lakers,92,1,0.5853658536585366,-0.01,109.1,109.4,-0.3,95.2,0.7560975609756098,5.9,111.7,105.4,6.3,94.6,-0.1707317073170732,-5.91,-2.6000000000000085,4.0,-6.6,0.6000000000000085
1994-95,1995,1995-05-12,Orlando Magic,110,Chicago Bulls,101,0,0.573170731707317,4.32,109.5,104.3,5.2,92.0,0.6951219512195121,6.44,115.1,107.8,7.3,95.1,-0.12195121951219512,-2.12,-5.599999999999994,-3.5,-2.0999999999999996,-3.0999999999999943
1994-95,1995,1995-05-13,Phoenix Suns,85,Houston Rockets,118,1,0.573170731707317,2.32,109.7,107.4,2.3,94.2,0.7195121951219512,3.86,114.5,110.4,4.1,95.9,-0.14634146341463417,-1.54,-4.799999999999997,-3.0,-1.7999999999999998,-1.7000000000000028
1994-95,1995,1995-05-13,New York Knicks,84,Indiana Pacers,98,1,0.6341463414634146,3.35,109.6,105.6,4.0,90.0,0.6707317073170732,2.78,107.2,103.8,3.4,91.2,-0.03658536585365857,0.5700000000000003,2.3999999999999915,1.7999999999999972,0.6000000000000001,-1.2000000000000028
1994-95,1995,1995-05-14,Orlando Magic,95,Chicago Bulls,106,1,0.573170731707317,4.32,109.5,104.3,5.2,92.0,0.6951219512195121,6.44,115.1,107.8,7.3,95.1,-0.12195121951219512,-2.12,-5.599999999999994,-3.5,-2.0999999999999996,-3.0999999999999943
1994-95,1995,1995-05-14,Phoenix Suns,114,Houston Rockets,110,0,0.573170731707317,2.32,109.7,107.4,2.3,94.2,0.7195121951219512,3.86,114.5,110.4,4.1,95.9,-0.14634146341463417,-1.54,-4.799999999999997,-3.0,-1.7999999999999998,-1.7000000000000028
1994-95,1995,1995-05-14,San Antonio Spurs,80,Los Angeles Lakers,71,0,0.5853658536585366,-0.01,109.1,109.4,-0.3,95.2,0.7560975609756098,5.9,111.7,105.4,6.3,94.6,-0.1707317073170732,-5.91,-2.6000000000000085,4.0,-6.6,0.6000000000000085
1994-95,1995,1995-05-16,Houston Rockets,103,Phoenix Suns,97,0,0.7195121951219512,3.86,114.5,110.4,4.1,95.9,0.573170731707317,2.32,109.7,107.4,2.3,94.2,0.14634146341463417,1.54,4.799999999999997,3.0,1.7999999999999998,1.7000000000000028
1994-95,1995,1995-05-16,Los Angeles Lakers,98,San Antonio Spurs,96,0,0.7560975609756098,5.9,111.7,105.4,6.3,94.6,0.5853658536585366,-0.01,109.1,109.4,-0.3,95.2,0.1707317073170732,5.91,2.6000000000000085,-4.0,6.6,-0.6000000000000085
1994-95,1995,1995-05-16,Chicago Bulls,95,Orlando Magic,103,1,0.6951219512195121,6.44,115.1,107.8,7.3,95.1,0.573170731707317,4.32,109.5,104.3,5.2,92.0,0.12195121951219512,2.12,5.599999999999994,3.5,2.0999999999999996,3.0999999999999943
1994-95,1995,1995-05-17,Indiana Pacers,95,New York Knicks,96,1,0.6707317073170732,2.78,107.2,103.8,3.4,91.2,0.6341463414634146,3.35,109.6,105.6,4.0,90.0,0.03658536585365857,-0.5700000000000003,-2.3999999999999915,-1.7999999999999972,-0.6000000000000001,1.2000000000000028
1994-95,1995,1995-05-18,Orlando Magic,108,Chicago Bulls,102,0,0.573170731707317,4.32,109.5,104.3,5.2,92.0,0.6951219512195121,6.44,115.1,107.8,7.3,95.1,-0.12195121951219512,-2.12,-5.599999999999994,-3.5,-2.0999999999999996,-3.0999999999999943
1994-95,1995,1995-05-18,Phoenix Suns,103,Houston Rockets,116,1,0.573170731707317,2.32,109.7,107.4,2.3,94.2,0.7195121951219512,3.86,114.5,110.4,4.1,95.9,-0.14634146341463417,-1.54,-4.799999999999997,-3.0,-1.7999999999999998,-1.7000000000000028
1994-95,1995,1995-05-18,San Antonio Spurs,100,Los Angeles Lakers,88,0,0.5853658536585366,-0.01,109.1,109.4,-0.3,95.2,0.7560975609756098,5.9,111.7,105.4,6.3,94.6,-0.1707317073170732,-5.91,-2.6000000000000085,4.0,-6.6,0.6000000000000085
1994-95,1995,1995-05-19,New York Knicks,92,Indiana Pacers,82,0,0.6341463414634146,3.35,109.6,105.6,4.0,90.0,0.6707317073170732,2.78,107.2,103.8,3.4,91.2,-0.03658536585365857,0.5700000000000003,2.3999999999999915,1.7999999999999972,0.6000000000000001,-1.2000000000000028
1994-95,1995,1995-05-20,Houston Rockets,115,Phoenix Suns,114,0,0.7195121951219512,3.86,114.5,110.4,4.1,95.9,0.573170731707317,2.32,109.7,107.4,2.3,94.2,0.14634146341463417,1.54,4.799999999999997,3.0,1.7999999999999998,1.7000000000000028
1994-95,1995,1995-05-21,Indiana Pacers,97,New York Knicks,95,0,0.6707317073170732,2.78,107.2,103.8,3.4,91.2,0.6341463414634146,3.35,109.6,105.6,4.0,90.0,0.03658536585365857,-0.5700000000000003,-2.3999999999999915,-1.7999999999999972,-0.6000000000000001,1.2000000000000028
1994-95,1995,1995-05-22,Houston Rockets,94,San Antonio Spurs,93,0,0.7560975609756098,5.9,111.7,105.4,6.3,94.6,0.573170731707317,2.32,109.7,107.4,2.3,94.2,0.18292682926829273,3.5800000000000005,2.0,-2.0,4.0,0.3999999999999915
1994-95,1995,1995-05-23,Indiana Pacers,101,Orlando Magic,105,1,0.6951219512195121,6.44,115.1,107.8,7.3,95.1,0.6341463414634146,3.35,109.6,105.6,4.0,90.0,0.060975609756097504,3.0900000000000003,5.5,2.200000000000003,3.3,5.099999999999994
1994-95,1995,1995-05-24,Houston Rockets,106,San Antonio Spurs,96,0,0.7560975609756098,5.9,111.7,105.4,6.3,94.6,0.573170731707317,2.32,109.7,107.4,2.3,94.2,0.18292682926829273,3.5800000000000005,2.0,-2.0,4.0,0.3999999999999915
1994-95,1995,1995-05-25,Indiana Pacers,114,Orlando Magic,119,1,0.6951219512195121,6.44,115.1,107.8,7.3,95.1,0.6341463414634146,3.35,109.6,105.6,4.0,90.0,0.060975609756097504,3.0900000000000003,5.5,2.200000000000003,3.3,5.099999999999994
1994-95,1995,1995-05-26,San Antonio Spurs,107,Houston Rockets,102,0,0.573170731707317,2.32,109.7,107.4,2.3,94.2,0.7560975609756098,5.9,111.7,105.4,6.3,94.6,-0.18292682926829273,-3.5800000000000005,-2.0,2.0,-4.0,-0.3999999999999915
1994-95,1995,1995-05-27,Orlando Magic,100,Indiana Pacers,105,1,0.6341463414634146,3.35,109.6,105.6,4.0,90.0,0.6951219512195121,6.44,115.1,107.8,7.3,95.1,-0.060975609756097504,-3.0900000000000003,-5.5,-2.200000000000003,-3.3,-5.099999999999994
1994-95,1995,1995-05-28,San Antonio Spurs,103,Houston Rockets,81,0,0.573170731707317,2.32,109.7,107.4,2.3,94.2,0.7560975609756098,5.9,111.7,105.4,6.3,94.6,-0.18292682926829273,-3.5800000000000005,-2.0,2.0,-4.0,-0.3999999999999915
1994-95,1995,1995-05-29,Orlando Magic,93,Indiana Pacers,94,1,0.6341463414634146,3.35,109.6,105.6,4.0,90.0,0.6951219512195121,6.44,115.1,107.8,7.3,95.1,-0.060975609756097504,-3.0900000000000003,-5.5,-2.200000000000003,-3.3,-5.099999999999994
1994-95,1995,1995-05-30,Houston Rockets,111,San Antonio Spurs,90,0,0.7560975609756098,5.9,111.7,105.4,6.3,94.6,0.573170731707317,2.32,109.7,107.4,2.3,94.2,0.18292682926829273,3.5800000000000005,2.0,-2.0,4.0,0.3999999999999915
1994-95,1995,1995-05-31,Indiana Pacers,106,Orlando Magic,108,1,0.6951219512195121,6.44,115.1,107.8,7.3,95.1,0.6341463414634146,3.35,109.6,105.6,4.0,90.0,0.060975609756097504,3.0900000000000003,5.5,2.200000000000003,3.3,5.099999999999994
1994-95,1995,1995-06-01,San Antonio Spurs,95,Houston Rockets,100,1,0.573170731707317,2.32,109.7,107.4,2.3,94.2,0.7560975609756098,5.9,111.7,105.4,6.3,94.6,-0.18292682926829273,-3.5800000000000005,-2.0,2.0,-4.0,-0.3999999999999915
1994-95,1995,1995-06-02,Orlando Magic,96,Indiana Pacers,123,1,0.6341463414634146,3.35,109.6,105.6,4.0,90.0,0.6951219512195121,6.44,115.1,107.8,7.3,95.1,-0.060975609756097504,-3.0900000000000003,-5.5,-2.200000000000003,-3.3,-5.099999999999994
1994-95,1995,1995-06-04,Indiana Pacers,81,Orlando Magic,105,1,0.6951219512195121,6.44,115.1,107.8,7.3,95.1,0.6341463414634146,3.35,109.6,105.6,4.0,90.0,0.060975609756097504,3.0900000000000003,5.5,2.200000000000003,3.3,5.099999999999994
1994-95,1995,1995-06-07,Houston Rockets,120,Orlando Magic,118,0,0.6951219512195121,6.44,115.1,107.8,7.3,95.1,0.573170731707317,2.32,109.7,107.4,2.3,94.2,0.12195121951219512,4.120000000000001,5.3999999999999915,0.3999999999999915,5.0,0.8999999999999915
1994-95,1995,1995-06-09,Houston Rockets,117,Orlando Magic,106,0,0.6951219512195121,6.44,115.1,107.8,7.3,95.1,0.573170731707317,2.32,109.7,107.4,2.3,94.2,0.12195121951219512,4.120000000000001,5.3999999999999915,0.3999999999999915,5.0,0.8999999999999915
1994-95,1995,1995-06-11,Orlando Magic,103,Houston Rockets,106,1,0.573170731707317,2.32,109.7,107.4,2.3,94.2,0.6951219512195121,6.44,115.1,107.8,7.3,95.1,-0.12195121951219512,-4.120000000000001,-5.3999999999999915,-0.3999999999999915,-5.0,-0.8999999999999915
1994-95,1995,1995-06-14,Orlando Magic,101,Houston Rockets,113,1,0.573170731707317,2.32,109.7,107.4,2.3,94.2,0.6951219512195121,6.44,115.1,107.8,7.3,95.1,-0.12195121951219512,-4.120000000000001,-5.3999999999999915,-0.3999999999999915,-5.0,-0.8999999999999915
1995-96,1996,1996-04-25,Atlanta Hawks,92,Indiana Pacers,80,0,0.6341463414634146,3.11,110.8,107.2,3.6,89.3,0.5609756097560976,1.29,109.4,108.0,1.4,89.6,0.07317073170731703,1.8199999999999998,1.3999999999999915,-0.7999999999999972,2.2,-0.29999999999999716
1995-96,1996,1996-04-25,New York Knicks,106,Cleveland Cavaliers,83,0,0.573170731707317,2.49,109.9,106.7,3.2,82.3,0.573170731707317,2.24,106.0,103.5,2.5,91.0,0.0,0.25,3.9000000000000057,3.200000000000003,0.7000000000000002,-8.700000000000003
1995-96,1996,1996-04-25,Portland Trail Blazers,102,Utah Jazz,110,1,0.6707317073170732,6.25,113.3,106.1,7.2,90.0,0.5365853658536586,2.21,106.0,103.5,2.5,92.6,0.13414634146341464,4.04,7.299999999999997,2.5999999999999943,4.7,-2.5999999999999943
1995-96,1996,1996-04-25,Houston Rockets,87,Los Angeles Lakers,83,0,0.6463414634146342,4.21,111.4,106.6,4.8,92.4,0.5853658536585366,1.63,109.3,107.4,1.9,93.2,0.060975609756097615,2.58,2.1000000000000085,-0.8000000000000114,2.9,-0.7999999999999972
1995-96,1996,1996-04-26,Miami Heat,85,Chicago Bulls,102,1,0.8780487804878049,11.8,115.2,101.8,13.4,91.1,0.5121951219512195,1.46,105.3,103.8,1.5,91.1,0.36585365853658536,10.34,9.900000000000006,-2.0,11.9,0.0
1995-96,1996,1996-04-26,Sacramento Kings,85,Seattle SuperSonics,97,1,0.7804878048780488,7.4,110.3,102.1,8.2,93.8,0.47560975609756095,-2.62,106.2,109.1,-2.9,93.4,0.30487804878048785,10.02,4.099999999999994,-7.0,11.1,0.3999999999999915
1995-96,1996,1996-04-26,Phoenix Suns,98,San Antonio Spurs,120,1,0.7195121951219512,5.98,110.2,103.5,6.7,93.3,0.5,0.28,110.3,110.0,0.3,93.2,0.2195121951219512,5.7,-0.09999999999999432,-6.5,6.4,0.09999999999999432
1995-96,1996,1996-04-26,Detroit Pistons,92,Orlando Magic,112,1,0.7317073170731707,5.4,112.9,106.9,6.0,91.8,0.5609756097560976,2.45,107.9,105.1,2.8,87.7,0.1707317073170731,2.95,5.0,1.8000000000000114,3.2,4.099999999999994
1995-96,1996,1996-04-27,New York Knicks,84,Cleveland Cavaliers,80,0,0.573170731707317,2.49,109.9,106.7,3.2,82.3,0.573170731707317,2.24,106.0,103.5,2.5,91.0,0.0,0.25,3.9000000000000057,3.200000000000003,0.7000000000000002,-8.700000000000003
1995-96,1996,1996-04-27,Atlanta Hawks,94,Indiana Pacers,102,1,0.6341463414634146,3.11,110.8,107.2,3.6,89.3,0.5609756097560976,1.29,109.4,108.0,1.4,89.6,0.07317073170731703,1.8199999999999998,1.3999999999999915,-0.7999999999999972,2.2,-0.29999999999999716
1995-96,1996,1996-04-27,Houston Rockets,94,Los Angeles Lakers,104,1,0.6463414634146342,4.21,111.4,106.6,4.8,92.4,0.5853658536585366,1.63,109.3,107.4,1.9,93.2,0.060975609756097615,2.58,2.1000000000000085,-0.8000000000000114,2.9,-0.7999999999999972
1995-96,1996,1996-04-27,Portland Trail Blazers,90,Utah Jazz,105,1,0.6707317073170732,6.25,113.3,106.1,7.2,90.0,0.5365853658536586,2.21,106.0,103.5,2.5,92.6,0.13414634146341464,4.04,7.299999999999997,2.5999999999999943,4.7,-2.5999999999999943
1995-96,1996,1996-04-28,Miami Heat,75,Chicago Bulls,106,1,0.8780487804878049,11.8,115.2,101.8,13.4,91.1,0.5121951219512195,1.46,105.3,103.8,1.5,91.1,0.36585365853658536,10.34,9.900000000000006,-2.0,11.9,0.0
1995-96,1996,1996-04-28,Detroit Pistons,77,Orlando Magic,92,1,0.7317073170731707,5.4,112.9,106.9,6.0,91.8,0.5609756097560976,2.45,107.9,105.1,2.8,87.7,0.1707317073170731,2.95,5.0,1.8000000000000114,3.2,4.099999999999994
1995-96,1996,1996-04-28,Phoenix Suns,105,San Antonio Spurs,110,1,0.7195121951219512,5.98,110.2,103.5,6.7,93.3,0.5,0.28,110.3,110.0,0.3,93.2,0.2195121951219512,5.7,-0.09999999999999432,-6.5,6.4,0.09999999999999432
1995-96,1996,1996-04-28,Sacramento Kings,90,Seattle SuperSonics,81,0,0.7804878048780488,7.4,110.3,102.1,8.2,93.8,0.47560975609756095,-2.62,106.2,109.1,-2.9,93.4,0.30487804878048785,10.02,4.099999999999994,-7.0,11.1,0.3999999999999915
1995-96,1996,1996-04-29,Indiana Pacers,83,Atlanta Hawks,90,1,0.5609756097560976,1.29,109.4,108.0,1.4,89.6,0.6341463414634146,3.11,110.8,107.2,3.6,89.3,-0.07317073170731703,-1.8199999999999998,-1.3999999999999915,0.7999999999999972,-2.2,0.29999999999999716
1995-96,1996,1996-04-29,Utah Jazz,91,Portland Trail Blazers,94,1,0.5365853658536586,2.21,106.0,103.5,2.5,92.6,0.6707317073170732,6.25,113.3,106.1,7.2,90.0,-0.13414634146341464,-4.04,-7.299999999999997,-2.5999999999999943,-4.7,2.5999999999999943
1995-96,1996,1996-04-30,Seattle SuperSonics,96,Sacramento Kings,89,0,0.47560975609756095,-2.62,106.2,109.1,-2.9,93.4,0.7804878048780488,7.4,110.3,102.1,8.2,93.8,-0.30487804878048785,-10.02,-4.099999999999994,7.0,-11.1,-0.3999999999999915
1995-96,1996,1996-04-30,Los Angeles Lakers,98,Houston Rockets,104,1,0.5853658536585366,1.63,109.3,107.4,1.9,93.2,0.6463414634146342,4.21,111.4,106.6,4.8,92.4,-0.060975609756097615,-2.58,-2.1000000000000085,0.8000000000000114,-2.9,0.7999999999999972
1995-96,1996,1996-04-30,Orlando Magic,101,Detroit Pistons,98,0,0.5609756097560976,2.45,107.9,105.1,2.8,87.7,0.7317073170731707,5.4,112.9,106.9,6.0,91.8,-0.1707317073170731,-2.95,-5.0,-1.8000000000000114,-3.2,-4.099999999999994
1995-96,1996,1996-05-01,Chicago Bulls,112,Miami Heat,91,0,0.5121951219512195,1.46,105.3,103.8,1.5,91.1,0.8780487804878049,11.8,115.2,101.8,13.4,91.1,-0.36585365853658536,-10.34,-9.900000000000006,2.0,-11.9,0.0
1995-96,1996,1996-05-01,Cleveland Cavaliers,76,New York Knicks,81,1,0.573170731707317,2.24,106.0,103.5,2.5,91.0,0.573170731707317,2.49,109.9,106.7,3.2,82.3,0.0,-0.25,-3.9000000000000057,-3.200000000000003,-0.7000000000000002,8.700000000000003
1995-96,1996,1996-05-01,San Antonio Spurs,93,Phoenix Suns,94,1,0.5,0.28,110.3,110.0,0.3,93.2,0.7195121951219512,5.98,110.2,103.5,6.7,93.3,-0.2195121951219512,-5.7,0.09999999999999432,6.5,-6.4,-0.09999999999999432
1995-96,1996,1996-05-01,Utah Jazz,90,Portland Trail Blazers,98,1,0.5365853658536586,2.21,106.0,103.5,2.5,92.6,0.6707317073170732,6.25,113.3,106.1,7.2,90.0,-0.13414634146341464,-4.04,-7.299999999999997,-2.5999999999999943,-4.7,2.5999999999999943
1995-96,1996,1996-05-02,Indiana Pacers,83,Atlanta Hawks,75,0,0.5609756097560976,1.29,109.4,108.0,1.4,89.6,0.6341463414634146,3.11,110.8,107.2,3.6,89.3,-0.07317073170731703,-1.8199999999999998,-1.3999999999999915,0.7999999999999972,-2.2,0.29999999999999716
1995-96,1996,1996-05-02,Los Angeles Lakers,94,Houston Rockets,102,1,0.5853658536585366,1.63,109.3,107.4,1.9,93.2,0.6463414634146342,4.21,111.4,106.6,4.8,92.4,-0.060975609756097615,-2.58,-2.1000000000000085,0.8000000000000114,-2.9,0.7999999999999972
1995-96,1996,1996-05-02,Seattle SuperSonics,101,Sacramento Kings,87,0,0.47560975609756095,-2.62,106.2,109.1,-2.9,93.4,0.7804878048780488,7.4,110.3,102.1,8.2,93.8,-0.30487804878048785,-10.02,-4.099999999999994,7.0,-11.1,-0.3999999999999915
1995-96,1996,1996-05-03,San Antonio Spurs,116,Phoenix Suns,98,0,0.5,0.28,110.3,110.0,0.3,93.2,0.7195121951219512,5.98,110.2,103.5,6.7,93.3,-0.2195121951219512,-5.7,0.09999999999999432,6.5,-6.4,-0.09999999999999432
1995-96,1996,1996-05-04,Houston Rockets,75,Seattle SuperSonics,108,1,0.7804878048780488,7.4,110.3,102.1,8.2,93.8,0.5853658536585366,1.63,109.3,107.4,1.9,93.2,0.19512195121951226,5.7700000000000005,1.0,-5.300000000000011,6.299999999999999,0.5999999999999943
1995-96,1996,1996-05-05,New York Knicks,84,Chicago Bulls,91,1,0.8780487804878049,11.8,115.2,101.8,13.4,91.1,0.573170731707317,2.24,106.0,103.5,2.5,91.0,0.30487804878048785,9.56,9.200000000000003,-1.7000000000000028,10.9,0.09999999999999432
1995-96,1996,1996-05-05,Atlanta Hawks,89,Indiana Pacers,87,0,0.6341463414634146,3.11,110.8,107.2,3.6,89.3,0.5609756097560976,1.29,109.4,108.0,1.4,89.6,0.07317073170731703,1.8199999999999998,1.3999999999999915,-0.7999999999999972,2.2,-0.29999999999999716
1995-96,1996,1996-05-05,Portland Trail Blazers,64,Utah Jazz,102,1,0.6707317073170732,6.25,113.3,106.1,7.2,90.0,0.5365853658536586,2.21,106.0,103.5,2.5,92.6,0.13414634146341464,4.04,7.299999999999997,2.5999999999999943,4.7,-2.5999999999999943
1995-96,1996,1996-05-06,Houston Rockets,101,Seattle SuperSonics,105,1,0.7804878048780488,7.4,110.3,102.1,8.2,93.8,0.5853658536585366,1.63,109.3,107.4,1.9,93.2,0.19512195121951226,5.7700000000000005,1.0,-5.300000000000011,6.299999999999999,0.5999999999999943
1995-96,1996,1996-05-07,New York Knicks,80,Chicago Bulls,91,1,0.8780487804878049,11.8,115.2,101.8,13.4,91.1,0.573170731707317,2.24,106.0,103.5,2.5,91.0,0.30487804878048785,9.56,9.200000000000003,-1.7000000000000028,10.9,0.09999999999999432
1995-96,1996,1996-05-07,Utah Jazz,95,San Antonio Spurs,75,0,0.7195121951219512,5.98,110.2,103.5,6.7,93.3,0.6707317073170732,6.25,113.3,106.1,7.2,90.0,0.04878048780487798,-0.2699999999999996,-3.0999999999999943,-2.5999999999999943,-0.5,3.299999999999997
1995-96,1996,1996-05-08,Atlanta Hawks,105,Orlando Magic,117,1,0.7317073170731707,5.4,112.9,106.9,6.0,91.8,0.5609756097560976,1.29,109.4,108.0,1.4,89.6,0.1707317073170731,4.11,3.5,-1.0999999999999943,4.6,2.200000000000003
1995-96,1996,1996-05-09,Utah Jazz,77,San Antonio Spurs,88,1,0.7195121951219512,5.98,110.2,103.5,6.7,93.3,0.6707317073170732,6.25,113.3,106.1,7.2,90.0,0.04878048780487798,-0.2699999999999996,-3.0999999999999943,-2.5999999999999943,-0.5,3.299999999999997
1995-96,1996,1996-05-10,Seattle SuperSonics,115,Houston Rockets,112,0,0.5853658536585366,1.63,109.3,107.4,1.9,93.2,0.7804878048780488,7.4,110.3,102.1,8.2,93.8,-0.19512195121951226,-5.7700000000000005,-1.0,5.300000000000011,-6.299999999999999,-0.5999999999999943
1995-96,1996,1996-05-10,Atlanta Hawks,94,Orlando Magic,120,1,0.7317073170731707,5.4,112.9,106.9,6.0,91.8,0.5609756097560976,1.29,109.4,108.0,1.4,89.6,0.1707317073170731,4.11,3.5,-1.0999999999999943,4.6,2.200000000000003
1995-96,1996,1996-05-11,Chicago Bulls,99,New York Knicks,102,1,0.573170731707317,2.24,106.0,103.5,2.5,91.0,0.8780487804878049,11.8,115.2,101.8,13.4,91.1,-0.30487804878048785,-9.56,-9.200000000000003,1.7000000000000028,-10.9,-0.09999999999999432
1995-96,1996,1996-05-11,San Antonio Spurs,75,Utah Jazz,105,1,0.6707317073170732,6.25,113.3,106.1,7.2,90.0,0.7195121951219512,5.98,110.2,103.5,6.7,93.3,-0.04878048780487798,0.2699999999999996,3.0999999999999943,2.5999999999999943,0.5,-3.299999999999997
1995-96,1996,1996-05-12,Orlando Magic,103,Atlanta Hawks,96,0,0.5609756097560976,1.29,109.4,108.0,1.4,89.6,0.7317073170731707,5.4,112.9,106.9,6.0,91.8,-0.1707317073170731,-4.11,-3.5,1.0999999999999943,-4.6,-2.200000000000003
1995-96,1996,1996-05-12,Seattle SuperSonics,114,Houston Rockets,107,0,0.5853658536585366,1.63,109.3,107.4,1.9,93.2,0.7804878048780488,7.4,110.3,102.1,8.2,93.8,-0.19512195121951226,-5.7700000000000005,-1.0,5.300000000000011,-6.299999999999999,-0.5999999999999943
1995-96,1996,1996-05-12,Chicago Bulls,94,New York Knicks,91,0,0.573170731707317,2.24,106.0,103.5,2.5,91.0,0.8780487804878049,11.8,115.2,101.8,13.4,91.1,-0.30487804878048785,-9.56,-9.200000000000003,1.7000000000000028,-10.9,-0.09999999999999432
1995-96,1996,1996-05-12,San Antonio Spurs,86,Utah Jazz,101,1,0.6707317073170732,6.25,113.3,106.1,7.2,90.0,0.7195121951219512,5.98,110.2,103.5,6.7,93.3,-0.04878048780487798,0.2699999999999996,3.0999999999999943,2.5999999999999943,0.5,-3.299999999999997
1995-96,1996,1996-05-13,Orlando Magic,99,Atlanta Hawks,104,1,0.5609756097560976,1.29,109.4,108.0,1.4,89.6,0.7317073170731707,5.4,112.9,106.9,6.0,91.8,-0.1707317073170731,-4.11,-3.5,1.0999999999999943,-4.6,-2.200000000000003
1995-96,1996,1996-05-14,New York Knicks,81,Chicago Bulls,94,1,0.8780487804878049,11.8,115.2,101.8,13.4,91.1,0.573170731707317,2.24,106.0,103.5,2.5,91.0,0.30487804878048785,9.56,9.200000000000003,-1.7000000000000028,10.9,0.09999999999999432
1995-96,1996,1996-05-14,Utah Jazz,87,San Antonio Spurs,98,1,0.7195121951219512,5.98,110.2,103.5,6.7,93.3,0.6707317073170732,6.25,113.3,106.1,7.2,90.0,0.04878048780487798,-0.2699999999999996,-3.0999999999999943,-2.5999999999999943,-0.5,3.299999999999997
1995-96,1996,1996-05-15,Atlanta Hawks,88,Orlando Magic,96,1,0.7317073170731707,5.4,112.9,106.9,6.0,91.8,0.5609756097560976,1.29,109.4,108.0,1.4,89.6,0.1707317073170731,4.11,3.5,-1.0999999999999943,4.6,2.200000000000003
1995-96,1996,1996-05-16,San Antonio Spurs,81,Utah Jazz,108,1,0.6707317073170732,6.25,113.3,106.1,7.2,90.0,0.7195121951219512,5.98,110.2,103.5,6.7,93.3,-0.04878048780487798,0.2699999999999996,3.0999999999999943,2.5999999999999943,0.5,-3.299999999999997
1995-96,1996,1996-05-18,Utah Jazz,72,Seattle SuperSonics,102,1,0.7804878048780488,7.4,110.3,102.1,8.2,93.8,0.6707317073170732,6.25,113.3,106.1,7.2,90.0,0.1097560975609756,1.1500000000000004,-3.0,-4.0,0.9999999999999991,3.799999999999997
1995-96,1996,1996-05-19,Orlando Magic,83,Chicago Bulls,121,1,0.8780487804878049,11.8,115.2,101.8,13.4,91.1,0.7317073170731707,5.4,112.9,106.9,6.0,91.8,0.14634146341463417,6.4,2.299999999999997,-5.1000000000000085,7.4,-0.7000000000000028
1995-96,1996,1996-05-20,Utah Jazz,87,Seattle SuperSonics,91,1,0.7804878048780488,7.4,110.3,102.1,8.2,93.8,0.6707317073170732,6.25,113.3,106.1,7.2,90.0,0.1097560975609756,1.1500000000000004,-3.0,-4.0,0.9999999999999991,3.799999999999997
1995-96,1996,1996-05-21,Orlando Magic,88,Chicago Bulls,93,1,0.8780487804878049,11.8,115.2,101.8,13.4,91.1,0.7317073170731707,5.4,112.9,106.9,6.0,91.8,0.14634146341463417,6.4,2.299999999999997,-5.1000000000000085,7.4,-0.7000000000000028
1995-96,1996,1996-05-24,Seattle SuperSonics,76,Utah Jazz,96,1,0.6707317073170732,6.25,113.3,106.1,7.2,90.0,0.7804878048780488,7.4,110.3,102.1,8.2,93.8,-0.1097560975609756,-1.1500000000000004,3.0,4.0,-0.9999999999999991,-3.799999999999997
1995-96,1996,1996-05-25,Chicago Bulls,86,Orlando Magic,67,0,0.7317073170731707,5.4,112.9,106.9,6.0,91.8,0.8780487804878049,11.8,115.2,101.8,13.4,91.1,-0.14634146341463417,-6.4,-2.299999999999997,5.1000000000000085,-7.4,0.7000000000000028
1995-96,1996,1996-05-26,Seattle SuperSonics,88,Utah Jazz,86,0,0.6707317073170732,6.25,113.3,106.1,7.2,90.0,0.7804878048780488,7.4,110.3,102.1,8.2,93.8,-0.1097560975609756,-1.1500000000000004,3.0,4.0,-0.9999999999999991,-3.799999999999997
1995-96,1996,1996-05-27,Chicago Bulls,106,Orlando Magic,101,0,0.7317073170731707,5.4,112.9,106.9,6.0,91.8,0.8780487804878049,11.8,115.2,101.8,13.4,91.1,-0.14634146341463417,-6.4,-2.299999999999997,5.1000000000000085,-7.4,0.7000000000000028
1995-96,1996,1996-05-28,Utah Jazz,98,Seattle SuperSonics,95,0,0.7804878048780488,7.4,110.3,102.1,8.2,93.8,0.6707317073170732,6.25,113.3,106.1,7.2,90.0,0.1097560975609756,1.1500000000000004,-3.0,-4.0,0.9999999999999991,3.799999999999997
1995-96,1996,1996-05-30,Seattle SuperSonics,83,Utah Jazz,118,1,0.6707317073170732,6.25,113.3,106.1,7.2,90.0,0.7804878048780488,7.4,110.3,102.1,8.2,93.8,-0.1097560975609756,-1.1500000000000004,3.0,4.0,-0.9999999999999991,-3.799999999999997
1995-96,1996,1996-06-02,Utah Jazz,86,Seattle SuperSonics,90,1,0.7804878048780488,7.4,110.3,102.1,8.2,93.8,0.6707317073170732,6.25,113.3,106.1,7.2,90.0,0.1097560975609756,1.1500000000000004,-3.0,-4.0,0.9999999999999991,3.799999999999997
1995-96,1996,1996-06-05,Seattle SuperSonics,90,Chicago Bulls,107,1,0.8780487804878049,11.8,115.2,101.8,13.4,91.1,0.7804878048780488,7.4,110.3,102.1,8.2,93.8,0.09756097560975607,4.4,4.900000000000006,-0.29999999999999716,5.200000000000001,-2.700000000000003
1995-96,1996,1996-06-07,Seattle SuperSonics,88,Chicago Bulls,92,1,0.8780487804878049,11.8,115.2,101.8,13.4,91.1,0.7804878048780488,7.4,110.3,102.1,8.2,93.8,0.09756097560975607,4.4,4.900000000000006,-0.29999999999999716,5.200000000000001,-2.700000000000003
1995-96,1996,1996-06-09,Chicago Bulls,108,Seattle SuperSonics,86,0,0.7804878048780488,7.4,110.3,102.1,8.2,93.8,0.8780487804878049,11.8,115.2,101.8,13.4,91.1,-0.09756097560975607,-4.4,-4.900000000000006,0.29999999999999716,-5.200000000000001,2.700000000000003
1995-96,1996,1996-06-12,Chicago Bulls,86,Seattle SuperSonics,107,1,0.7804878048780488,7.4,110.3,102.1,8.2,93.8,0.8780487804878049,11.8,115.2,101.8,13.4,91.1,-0.09756097560975607,-4.4,-4.900000000000006,0.29999999999999716,-5.200000000000001,2.700000000000003
1995-96,1996,1996-06-14,Chicago Bulls,78,Seattle SuperSonics,89,1,0.7804878048780488,7.4,110.3,102.1,8.2,93.8,0.8780487804878049,11.8,115.2,101.8,13.4,91.1,-0.09756097560975607,-4.4,-4.900000000000006,0.29999999999999716,-5.200000000000001,2.700000000000003
1995-96,1996,1996-06-16,Seattle SuperSonics,75,Chicago Bulls,87,1,0.8780487804878049,11.8,115.2,101.8,13.4,91.1,0.7804878048780488,7.4,110.3,102.1,8.2,93.8,0.09756097560975607,4.4,4.900000000000006,-0.29999999999999716,5.200000000000001,-2.700000000000003
1996-97,1997,1997-04-24,Orlando Magic,64,Miami Heat,99,1,0.7439024390243902,5.56,106.8,100.6,6.2,88.2,0.5487804878048781,-0.07,105.6,106.0,-0.4,88.3,0.19512195121951215,5.63,1.2000000000000028,-5.400000000000006,6.6000000000000005,-0.09999999999999432
1996-97,1997,1997-04-24,Minnesota Timberwolves,95,Houston Rockets,112,1,0.6951219512195121,3.85,108.8,104.0,4.8,91.6,0.4878048780487805,-1.82,105.5,107.1,-1.6,90.7,0.20731707317073167,5.67,3.299999999999997,-3.0999999999999943,6.4,0.8999999999999915
1996-97,1997,1997-04-24,Los Angeles Clippers,86,Utah Jazz,106,1,0.7804878048780488,7.97,113.6,104.0,9.6,90.0,0.43902439024390244,-2.66,105.1,107.6,-2.5,91.3,0.34146341463414637,10.629999999999999,8.5,-3.5999999999999943,12.1,-1.2999999999999972
1996-97,1997,1997-04-24,Charlotte Hornets,99,New York Knicks,109,1,0.6951219512195121,3.31,104.4,101.0,3.4,90.5,0.6585365853658537,2.13,110.9,108.9,2.0,88.6,0.03658536585365846,1.1800000000000002,-6.5,-7.900000000000006,1.4,1.9000000000000057
1996-97,1997,1997-04-25,Detroit Pistons,75,Atlanta Hawks,89,1,0.6829268292682927,5.52,108.5,102.3,6.2,86.8,0.6585365853658537,5.45,110.6,104.4,6.2,84.5,0.024390243902439046,0.0699999999999994,-2.0999999999999943,-2.1000000000000085,0.0,2.299999999999997
1996-97,1997,1997-04-25,Phoenix Suns,106,Seattle SuperSonics,101,0,0.6951219512195121,6.91,111.2,102.7,8.5,90.3,0.4878048780487805,0.21,109.3,108.6,0.7,93.2,0.20731707317073167,6.7,1.9000000000000057,-5.8999999999999915,7.8,-2.9000000000000057
1996-97,1997,1997-04-25,Portland Trail Blazers,77,Los Angeles Lakers,95,1,0.6829268292682927,3.66,108.3,103.7,4.6,91.1,0.5975609756097561,3.56,107.9,103.3,4.6,90.9,0.08536585365853666,0.10000000000000009,0.3999999999999915,0.4000000000000057,0.0,0.19999999999998863
1996-97,1997,1997-04-25,Washington Bullets,86,Chicago Bulls,98,1,0.8414634146341463,10.7,114.4,102.4,12.0,90.0,0.5365853658536586,1.77,106.6,104.9,1.7,92.4,0.30487804878048774,8.93,7.800000000000011,-2.5,10.3,-2.4000000000000057
1996-97,1997,1997-04-26,Minnesota Timberwolves,84,Houston Rockets,96,1,0.6951219512195121,3.85,108.8,104.0,4.8,91.6,0.4878048780487805,-1.82,105.5,107.1,-1.6,90.7,0.20731707317073167,5.67,3.299999999999997,-3.0999999999999943,6.4,0.8999999999999915
1996-97,1997,1997-04-26,Charlotte Hornets,93,New York Knicks,100,1,0.6951219512195121,3.31,104.4,101.0,3.4,90.5,0.6585365853658537,2.13,110.9,108.9,2.0,88.6,0.03658536585365846,1.1800000000000002,-6.5,-7.900000000000006,1.4,1.9000000000000057
1996-97,1997,1997-04-26,Los Angeles Clippers,99,Utah Jazz,105,1,0.7804878048780488,7.97,113.6,104.0,9.6,90.0,0.43902439024390244,-2.66,105.1,107.6,-2.5,91.3,0.34146341463414637,10.629999999999999,8.5,-3.5999999999999943,12.1,-1.2999999999999972
1996-97,1997,1997-04-27,Detroit Pistons,93,Atlanta Hawks,80,0,0.6829268292682927,5.52,108.5,102.3,6.2,86.8,0.6585365853658537,5.45,110.6,104.4,6.2,84.5,0.024390243902439046,0.0699999999999994,-2.0999999999999943,-2.1000000000000085,0.0,2.299999999999997
1996-97,1997,1997-04-27,Washington Bullets,104,Chicago Bulls,109,1,0.8414634146341463,10.7,114.4,102.4,12.0,90.0,0.5365853658536586,1.77,106.6,104.9,1.7,92.4,0.30487804878048774,8.93,7.800000000000011,-2.5,10.3,-2.4000000000000057
1996-97,1997,1997-04-27,Portland Trail Blazers,93,Los Angeles Lakers,107,1,0.6829268292682927,3.66,108.3,103.7,4.6,91.1,0.5975609756097561,3.56,107.9,103.3,4.6,90.9,0.08536585365853666,0.10000000000000009,0.3999999999999915,0.4000000000000057,0.0,0.19999999999998863
1996-97,1997,1997-04-27,Orlando Magic,87,Miami Heat,104,1,0.7439024390243902,5.56,106.8,100.6,6.2,88.2,0.5487804878048781,-0.07,105.6,106.0,-0.4,88.3,0.19512195121951215,5.63,1.2000000000000028,-5.400000000000006,6.6000000000000005,-0.09999999999999432
1996-97,1997,1997-04-27,Phoenix Suns,78,Seattle SuperSonics,122,1,0.6951219512195121,6.91,111.2,102.7,8.5,90.3,0.4878048780487805,0.21,109.3,108.6,0.7,93.2,0.20731707317073167,6.7,1.9000000000000057,-5.8999999999999915,7.8,-2.9000000000000057
1996-97,1997,1997-04-28,New York Knicks,104,Charlotte Hornets,95,0,0.6585365853658537,2.13,110.9,108.9,2.0,88.6,0.6951219512195121,3.31,104.4,101.0,3.4,90.5,-0.03658536585365846,-1.1800000000000002,6.5,7.900000000000006,-1.4,-1.9000000000000057
1996-97,1997,1997-04-28,Utah Jazz,104,Los Angeles Clippers,92,0,0.43902439024390244,-2.66,105.1,107.6,-2.5,91.3,0.7804878048780488,7.97,113.6,104.0,9.6,90.0,-0.34146341463414637,-10.629999999999999,-8.5,3.5999999999999943,-12.1,1.2999999999999972
1996-97,1997,1997-04-29,Seattle SuperSonics,103,Phoenix Suns,110,1,0.4878048780487805,0.21,109.3,108.6,0.7,93.2,0.6951219512195121,6.91,111.2,102.7,8.5,90.3,-0.20731707317073167,-6.7,-1.9000000000000057,5.8999999999999915,-7.8,2.9000000000000057
1996-97,1997,1997-04-29,Houston Rockets,125,Minnesota Timberwolves,120,0,0.4878048780487805,-1.82,105.5,107.1,-1.6,90.7,0.6951219512195121,3.85,108.8,104.0,4.8,91.6,-0.20731707317073167,-5.67,-3.299999999999997,3.0999999999999943,-6.4,-0.8999999999999915
1996-97,1997,1997-04-29,Miami Heat,75,Orlando Magic,88,1,0.5487804878048781,-0.07,105.6,106.0,-0.4,88.3,0.7439024390243902,5.56,106.8,100.6,6.2,88.2,-0.19512195121951215,-5.63,-1.2000000000000028,5.400000000000006,-6.6000000000000005,0.09999999999999432
1996-97,1997,1997-04-29,Atlanta Hawks,91,Detroit Pistons,99,1,0.6585365853658537,5.45,110.6,104.4,6.2,84.5,0.6829268292682927,5.52,108.5,102.3,6.2,86.8,-0.024390243902439046,-0.0699999999999994,2.0999999999999943,2.1000000000000085,0.0,-2.299999999999997
1996-97,1997,1997-04-30,Los Angeles Lakers,90,Portland Trail Blazers,98,1,0.5975609756097561,3.56,107.9,103.3,4.6,90.9,0.6829268292682927,3.66,108.3,103.7,4.6,91.1,-0.08536585365853666,-0.10000000000000009,-0.3999999999999915,-0.4000000000000057,0.0,-0.19999999999998863
1996-97,1997,1997-04-30,Chicago Bulls,96,Washington Bullets,95,0,0.5365853658536586,1.77,106.6,104.9,1.7,92.4,0.8414634146341463,10.7,114.4,102.4,12.0,90.0,-0.30487804878048774,-8.93,-7.800000000000011,2.5,-10.3,2.4000000000000057
1996-97,1997,1997-05-01,Miami Heat,91,Orlando Magic,99,1,0.5487804878048781,-0.07,105.6,106.0,-0.4,88.3,0.7439024390243902,5.56,106.8,100.6,6.2,88.2,-0.19512195121951215,-5.63,-1.2000000000000028,5.400000000000006,-6.6000000000000005,0.09999999999999432
1996-97,1997,1997-05-01,Seattle SuperSonics,122,Phoenix Suns,115,0,0.4878048780487805,0.21,109.3,108.6,0.7,93.2,0.6951219512195121,6.91,111.2,102.7,8.5,90.3,-0.20731707317073167,-6.7,-1.9000000000000057,5.8999999999999915,-7.8,2.9000000000000057
1996-97,1997,1997-05-02,Atlanta Hawks,94,Detroit Pistons,82,0,0.6585365853658537,5.45,110.6,104.4,6.2,84.5,0.6829268292682927,5.52,108.5,102.3,6.2,86.8,-0.024390243902439046,-0.0699999999999994,2.0999999999999943,2.1000000000000085,0.0,-2.299999999999997
1996-97,1997,1997-05-02,Los Angeles Lakers,95,Portland Trail Blazers,91,0,0.5975609756097561,3.56,107.9,103.3,4.6,90.9,0.6829268292682927,3.66,108.3,103.7,4.6,91.1,-0.08536585365853666,-0.10000000000000009,-0.3999999999999915,-0.4000000000000057,0.0,-0.19999999999998863
1996-97,1997,1997-05-03,Phoenix Suns,92,Seattle SuperSonics,116,1,0.6951219512195121,6.91,111.2,102.7,8.5,90.3,0.4878048780487805,0.21,109.3,108.6,0.7,93.2,0.20731707317073167,6.7,1.9000000000000057,-5.8999999999999915,7.8,-2.9000000000000057
1996-97,1997,1997-05-04,Detroit Pistons,79,Atlanta Hawks,84,1,0.6829268292682927,5.52,108.5,102.3,6.2,86.8,0.6585365853658537,5.45,110.6,104.4,6.2,84.5,0.024390243902439046,0.0699999999999994,-2.0999999999999943,-2.1000000000000085,0.0,2.299999999999997
1996-97,1997,1997-05-04,Orlando Magic,83,Miami Heat,91,1,0.7439024390243902,5.56,106.8,100.6,6.2,88.2,0.5487804878048781,-0.07,105.6,106.0,-0.4,88.3,0.19512195121951215,5.63,1.2000000000000028,-5.400000000000006,6.6000000000000005,-0.09999999999999432
1996-97,1997,1997-05-04,Los Angeles Lakers,77,Utah Jazz,93,1,0.7804878048780488,7.97,113.6,104.0,9.6,90.0,0.6829268292682927,3.66,108.3,103.7,4.6,91.1,0.09756097560975607,4.31,5.299999999999997,0.29999999999999716,5.0,-1.0999999999999943
1996-97,1997,1997-05-05,Seattle SuperSonics,102,Houston Rockets,112,1,0.6951219512195121,3.85,108.8,104.0,4.8,91.6,0.6951219512195121,6.91,111.2,102.7,8.5,90.3,0.0,-3.06,-2.4000000000000057,1.2999999999999972,-3.7,1.2999999999999972
1996-97,1997,1997-05-06,Atlanta Hawks,97,Chicago Bulls,100,1,0.8414634146341463,10.7,114.4,102.4,12.0,90.0,0.6829268292682927,5.52,108.5,102.3,6.2,86.8,0.15853658536585358,5.18,5.900000000000006,0.10000000000000853,5.8,3.200000000000003
1996-97,1997,1997-05-06,Los Angeles Lakers,101,Utah Jazz,103,1,0.7804878048780488,7.97,113.6,104.0,9.6,90.0,0.6829268292682927,3.66,108.3,103.7,4.6,91.1,0.09756097560975607,4.31,5.299999999999997,0.29999999999999716,5.0,-1.0999999999999943
1996-97,1997,1997-05-07,New York Knicks,88,Miami Heat,79,0,0.7439024390243902,5.56,106.8,100.6,6.2,88.2,0.6951219512195121,3.31,104.4,101.0,3.4,90.5,0.04878048780487809,2.2499999999999996,2.3999999999999915,-0.4000000000000057,2.8000000000000003,-2.299999999999997
1996-97,1997,1997-05-07,Seattle SuperSonics,106,Houston Rockets,101,0,0.6951219512195121,3.85,108.8,104.0,4.8,91.6,0.6951219512195121,6.91,111.2,102.7,8.5,90.3,0.0,-3.06,-2.4000000000000057,1.2999999999999972,-3.7,1.2999999999999972
1996-97,1997,1997-05-08,Atlanta Hawks,103,Chicago Bulls,95,0,0.8414634146341463,10.7,114.4,102.4,12.0,90.0,0.6829268292682927,5.52,108.5,102.3,6.2,86.8,0.15853658536585358,5.18,5.900000000000006,0.10000000000000853,5.8,3.200000000000003
1996-97,1997,1997-05-08,Utah Jazz,84,Los Angeles Lakers,104,1,0.6829268292682927,3.66,108.3,103.7,4.6,91.1,0.7804878048780488,7.97,113.6,104.0,9.6,90.0,-0.09756097560975607,-4.31,-5.299999999999997,-0.29999999999999716,-5.0,1.0999999999999943
1996-97,1997,1997-05-09,New York Knicks,84,Miami Heat,88,1,0.7439024390243902,5.56,106.8,100.6,6.2,88.2,0.6951219512195121,3.31,104.4,101.0,3.4,90.5,0.04878048780487809,2.2499999999999996,2.3999999999999915,-0.4000000000000057,2.8000000000000003,-2.299999999999997
1996-97,1997,1997-05-09,Houston Rockets,97,Seattle SuperSonics,93,0,0.6951219512195121,6.91,111.2,102.7,8.5,90.3,0.6951219512195121,3.85,108.8,104.0,4.8,91.6,0.0,3.06,2.4000000000000057,-1.2999999999999972,3.7,-1.2999999999999972
1996-97,1997,1997-05-10,Chicago Bulls,100,Atlanta Hawks,80,0,0.6829268292682927,5.52,108.5,102.3,6.2,86.8,0.8414634146341463,10.7,114.4,102.4,12.0,90.0,-0.15853658536585358,-5.18,-5.900000000000006,-0.10000000000000853,-5.8,-3.200000000000003
1996-97,1997,1997-05-10,Utah Jazz,110,Los Angeles Lakers,95,0,0.6829268292682927,3.66,108.3,103.7,4.6,91.1,0.7804878048780488,7.97,113.6,104.0,9.6,90.0,-0.09756097560975607,-4.31,-5.299999999999997,-0.29999999999999716,-5.0,1.0999999999999943
1996-97,1997,1997-05-11,Chicago Bulls,89,Atlanta Hawks,80,0,0.6829268292682927,5.52,108.5,102.3,6.2,86.8,0.8414634146341463,10.7,114.4,102.4,12.0,90.0,-0.15853658536585358,-5.18,-5.900000000000006,-0.10000000000000853,-5.8,-3.200000000000003
1996-97,1997,1997-05-11,Miami Heat,73,New York Knicks,77,1,0.6951219512195121,3.31,104.4,101.0,3.4,90.5,0.7439024390243902,5.56,106.8,100.6,6.2,88.2,-0.04878048780487809,-2.2499999999999996,-2.3999999999999915,0.4000000000000057,-2.8000000000000003,2.299999999999997
1996-97,1997,1997-05-11,Houston Rockets,110,Seattle SuperSonics,106,0,0.6951219512195121,6.91,111.2,102.7,8.5,90.3,0.6951219512195121,3.85,108.8,104.0,4.8,91.6,0.0,3.06,2.4000000000000057,-1.2999999999999972,3.7,-1.2999999999999972
1996-97,1997,1997-05-12,Miami Heat,76,New York Knicks,89,1,0.6951219512195121,3.31,104.4,101.0,3.4,90.5,0.7439024390243902,5.56,106.8,100.6,6.2,88.2,-0.04878048780487809,-2.2499999999999996,-2.3999999999999915,0.4000000000000057,-2.8000000000000003,2.299999999999997
1996-97,1997,1997-05-12,Los Angeles Lakers,93,Utah Jazz,98,1,0.7804878048780488,7.97,113.6,104.0,9.6,90.0,0.6829268292682927,3.66,108.3,103.7,4.6,91.1,0.09756097560975607,4.31,5.299999999999997,0.29999999999999716,5.0,-1.0999999999999943
1996-97,1997,1997-05-13,Atlanta Hawks,92,Chicago Bulls,107,1,0.8414634146341463,10.7,114.4,102.4,12.0,90.0,0.6829268292682927,5.52,108.5,102.3,6.2,86.8,0.15853658536585358,5.18,5.900000000000006,0.10000000000000853,5.8,3.200000000000003
1996-97,1997,1997-05-13,Seattle SuperSonics,100,Houston Rockets,94,0,0.6951219512195121,3.85,108.8,104.0,4.8,91.6,0.6951219512195121,6.91,111.2,102.7,8.5,90.3,0.0,-3.06,-2.4000000000000057,1.2999999999999972,-3.7,1.2999999999999972
1996-97,1997,1997-05-14,New York Knicks,81,Miami Heat,96,1,0.7439024390243902,5.56,106.8,100.6,6.2,88.2,0.6951219512195121,3.31,104.4,101.0,3.4,90.5,0.04878048780487809,2.2499999999999996,2.3999999999999915,-0.4000000000000057,2.8000000000000003,-2.299999999999997
1996-97,1997,1997-05-15,Houston Rockets,96,Seattle SuperSonics,99,1,0.6951219512195121,6.91,111.2,102.7,8.5,90.3,0.6951219512195121,3.85,108.8,104.0,4.8,91.6,0.0,3.06,2.4000000000000057,-1.2999999999999972,3.7,-1.2999999999999972
1996-97,1997,1997-05-16,Miami Heat,95,New York Knicks,90,0,0.6951219512195121,3.31,104.4,101.0,3.4,90.5,0.7439024390243902,5.56,106.8,100.6,6.2,88.2,-0.04878048780487809,-2.2499999999999996,-2.3999999999999915,0.4000000000000057,-2.8000000000000003,2.299999999999997
1996-97,1997,1997-05-17,Seattle SuperSonics,91,Houston Rockets,96,1,0.6951219512195121,3.85,108.8,104.0,4.8,91.6,0.6951219512195121,6.91,111.2,102.7,8.5,90.3,0.0,-3.06,-2.4000000000000057,1.2999999999999972,-3.7,1.2999999999999972
1996-97,1997,1997-05-18,New York Knicks,90,Miami Heat,101,1,0.7439024390243902,5.56,106.8,100.6,6.2,88.2,0.6951219512195121,3.31,104.4,101.0,3.4,90.5,0.04878048780487809,2.2499999999999996,2.3999999999999915,-0.4000000000000057,2.8000000000000003,-2.299999999999997
1996-97,1997,1997-05-19,Houston Rockets,86,Utah Jazz,101,1,0.7804878048780488,7.97,113.6,104.0,9.6,90.0,0.6951219512195121,3.85,108.8,104.0,4.8,91.6,0.08536585365853666,4.119999999999999,4.799999999999997,0.0,4.8,-1.5999999999999943
1996-97,1997,1997-05-20,Miami Heat,77,Chicago Bulls,84,1,0.8414634146341463,10.7,114.4,102.4,12.0,90.0,0.7439024390243902,5.56,106.8,100.6,6.2,88.2,0.09756097560975607,5.14,7.6000000000000085,1.8000000000000114,5.8,1.7999999999999972
1996-97,1997,1997-05-21,Houston Rockets,92,Utah Jazz,104,1,0.7804878048780488,7.97,113.6,104.0,9.6,90.0,0.6951219512195121,3.85,108.8,104.0,4.8,91.6,0.08536585365853666,4.119999999999999,4.799999999999997,0.0,4.8,-1.5999999999999943
1996-97,1997,1997-05-22,Miami Heat,68,Chicago Bulls,75,1,0.8414634146341463,10.7,114.4,102.4,12.0,90.0,0.7439024390243902,5.56,106.8,100.6,6.2,88.2,0.09756097560975607,5.14,7.6000000000000085,1.8000000000000114,5.8,1.7999999999999972
1996-97,1997,1997-05-23,Utah Jazz,100,Houston Rockets,118,1,0.6951219512195121,3.85,108.8,104.0,4.8,91.6,0.7804878048780488,7.97,113.6,104.0,9.6,90.0,-0.08536585365853666,-4.119999999999999,-4.799999999999997,0.0,-4.8,1.5999999999999943
1996-97,1997,1997-05-24,Chicago Bulls,98,Miami Heat,74,0,0.7439024390243902,5.56,106.8,100.6,6.2,88.2,0.8414634146341463,10.7,114.4,102.4,12.0,90.0,-0.09756097560975607,-5.14,-7.6000000000000085,-1.8000000000000114,-5.8,-1.7999999999999972
1996-97,1997,1997-05-25,Utah Jazz,92,Houston Rockets,95,1,0.6951219512195121,3.85,108.8,104.0,4.8,91.6,0.7804878048780488,7.97,113.6,104.0,9.6,90.0,-0.08536585365853666,-4.119999999999999,-4.799999999999997,0.0,-4.8,1.5999999999999943
1996-97,1997,1997-05-26,Chicago Bulls,80,Miami Heat,87,1,0.7439024390243902,5.56,106.8,100.6,6.2,88.2,0.8414634146341463,10.7,114.4,102.4,12.0,90.0,-0.09756097560975607,-5.14,-7.6000000000000085,-1.8000000000000114,-5.8,-1.7999999999999972
1996-97,1997,1997-05-27,Houston Rockets,91,Utah Jazz,96,1,0.7804878048780488,7.97,113.6,104.0,9.6,90.0,0.6951219512195121,3.85,108.8,104.0,4.8,91.6,0.08536585365853666,4.119999999999999,4.799999999999997,0.0,4.8,-1.5999999999999943
1996-97,1997,1997-05-28,Miami Heat,87,Chicago Bulls,100,1,0.8414634146341463,10.7,114.4,102.4,12.0,90.0,0.7439024390243902,5.56,106.8,100.6,6.2,88.2,0.09756097560975607,5.14,7.6000000000000085,1.8000000000000114,5.8,1.7999999999999972
1996-97,1997,1997-05-29,Utah Jazz,103,Houston Rockets,100,0,0.6951219512195121,3.85,108.8,104.0,4.8,91.6,0.7804878048780488,7.97,113.6,104.0,9.6,90.0,-0.08536585365853666,-4.119999999999999,-4.799999999999997,0.0,-4.8,1.5999999999999943
1996-97,1997,1997-06-01,Utah Jazz,82,Chicago Bulls,84,1,0.8414634146341463,10.7,114.4,102.4,12.0,90.0,0.7804878048780488,7.97,113.6,104.0,9.6,90.0,0.060975609756097504,2.7299999999999995,0.8000000000000114,-1.5999999999999943,2.4000000000000004,0.0
1996-97,1997,1997-06-04,Utah Jazz,85,Chicago Bulls,97,1,0.8414634146341463,10.7,114.4,102.4,12.0,90.0,0.7804878048780488,7.97,113.6,104.0,9.6,90.0,0.060975609756097504,2.7299999999999995,0.8000000000000114,-1.5999999999999943,2.4000000000000004,0.0
1996-97,1997,1997-06-06,Chicago Bulls,93,Utah Jazz,104,1,0.7804878048780488,7.97,113.6,104.0,9.6,90.0,0.8414634146341463,10.7,114.4,102.4,12.0,90.0,-0.060975609756097504,-2.7299999999999995,-0.8000000000000114,1.5999999999999943,-2.4000000000000004,0.0
1996-97,1997,1997-06-08,Chicago Bulls,73,Utah Jazz,78,1,0.7804878048780488,7.97,113.6,104.0,9.6,90.0,0.8414634146341463,10.7,114.4,102.4,12.0,90.0,-0.060975609756097504,-2.7299999999999995,-0.8000000000000114,1.5999999999999943,-2.4000000000000004,0.0
1996-97,1997,1997-06-11,Chicago Bulls,90,Utah Jazz,88,0,0.7804878048780488,7.97,113.6,104.0,9.6,90.0,0.8414634146341463,10.7,114.4,102.4,12.0,90.0,-0.060975609756097504,-2.7299999999999995,-0.8000000000000114,1.5999999999999943,-2.4000000000000004,0.0
1996-97,1997,1997-06-13,Utah Jazz,86,Chicago Bulls,90,1,0.8414634146341463,10.7,114.4,102.4,12.0,90.0,0.7804878048780488,7.97,113.6,104.0,9.6,90.0,0.060975609756097504,2.7299999999999995,0.8000000000000114,-1.5999999999999943,2.4000000000000004,0.0
1997-98,1998,1998-04-23,Cleveland Cavaliers,77,Indiana Pacers,106,1,0.7073170731707317,6.25,108.4,101.5,6.9,87.9,0.573170731707317,3.06,102.1,99.1,3.0,89.9,0.13414634146341464,3.19,6.300000000000011,2.4000000000000057,3.9000000000000004,-2.0
1997-98,1998,1998-04-23,Atlanta Hawks,87,Charlotte Hornets,97,1,0.6219512195121951,2.45,107.5,105.3,2.2,89.4,0.6097560975609756,3.85,108.2,104.3,3.9,87.7,0.012195121951219523,-1.4,-0.7000000000000028,1.0,-1.6999999999999997,1.7000000000000028
1997-98,1998,1998-04-23,Houston Rockets,103,Utah Jazz,90,0,0.7560975609756098,5.73,112.7,105.4,7.3,89.2,0.5,-1.23,107.7,108.6,-0.9,91.0,0.25609756097560976,6.960000000000001,5.0,-3.1999999999999886,8.2,-1.7999999999999972
1997-98,1998,1998-04-23,San Antonio Spurs,102,Phoenix Suns,96,0,0.6829268292682927,4.44,107.4,101.8,5.6,91.4,0.6829268292682927,3.3,103.8,99.4,4.4,88.4,0.0,1.1400000000000006,3.6000000000000085,2.3999999999999915,1.1999999999999993,3.0
1997-98,1998,1998-04-24,New Jersey Nets,93,Chicago Bulls,96,1,0.7560975609756098,7.24,107.7,99.8,7.9,89.0,0.524390243902439,1.88,108.3,106.6,1.7,91.0,0.23170731707317072,5.36,-0.5999999999999943,-6.799999999999997,6.2,-2.0
1997-98,1998,1998-04-24,Minnesota Timberwolves,83,Seattle SuperSonics,108,1,0.7439024390243902,6.33,111.6,103.6,8.0,89.8,0.5487804878048781,0.17,107.8,107.1,0.7,92.6,0.19512195121951215,6.16,3.799999999999997,-3.5,7.3,-2.799999999999997
1997-98,1998,1998-04-24,New York Knicks,79,Miami Heat,94,1,0.6707317073170732,5.09,107.6,102.0,5.6,87.9,0.524390243902439,2.74,103.0,100.3,2.7,88.2,0.14634146341463417,2.3499999999999996,4.599999999999994,1.7000000000000028,2.8999999999999995,-0.29999999999999716
1997-98,1998,1998-04-24,Portland Trail Blazers,102,Los Angeles Lakers,104,1,0.7439024390243902,6.88,111.9,103.7,8.2,93.6,0.5609756097560976,0.83,104.0,102.4,1.6,90.0,0.18292682926829262,6.05,7.900000000000006,1.2999999999999972,6.6,3.5999999999999943
1997-98,1998,1998-04-25,Atlanta Hawks,85,Charlotte Hornets,92,1,0.6219512195121951,2.45,107.5,105.3,2.2,89.4,0.6097560975609756,3.85,108.2,104.3,3.9,87.7,0.012195121951219523,-1.4,-0.7000000000000028,1.0,-1.6999999999999997,1.7000000000000028
1997-98,1998,1998-04-25,Cleveland Cavaliers,86,Indiana Pacers,92,1,0.7073170731707317,6.25,108.4,101.5,6.9,87.9,0.573170731707317,3.06,102.1,99.1,3.0,89.9,0.13414634146341464,3.19,6.300000000000011,2.4000000000000057,3.9000000000000004,-2.0
1997-98,1998,1998-04-25,San Antonio Spurs,101,Phoenix Suns,108,1,0.6829268292682927,4.44,107.4,101.8,5.6,91.4,0.6829268292682927,3.3,103.8,99.4,4.4,88.4,0.0,1.1400000000000006,3.6000000000000085,2.3999999999999915,1.1999999999999993,3.0
1997-98,1998,1998-04-25,Houston Rockets,90,Utah Jazz,105,1,0.7560975609756098,5.73,112.7,105.4,7.3,89.2,0.5,-1.23,107.7,108.6,-0.9,91.0,0.25609756097560976,6.960000000000001,5.0,-3.1999999999999886,8.2,-1.7999999999999972
1997-98,1998,1998-04-26,New Jersey Nets,91,Chicago Bulls,96,1,0.7560975609756098,7.24,107.7,99.8,7.9,89.0,0.524390243902439,1.88,108.3,106.6,1.7,91.0,0.23170731707317072,5.36,-0.5999999999999943,-6.799999999999997,6.2,-2.0
1997-98,1998,1998-04-26,Portland Trail Blazers,99,Los Angeles Lakers,108,1,0.7439024390243902,6.88,111.9,103.7,8.2,93.6,0.5609756097560976,0.83,104.0,102.4,1.6,90.0,0.18292682926829262,6.05,7.900000000000006,1.2999999999999972,6.6,3.5999999999999943
1997-98,1998,1998-04-26,New York Knicks,96,Miami Heat,86,0,0.6707317073170732,5.09,107.6,102.0,5.6,87.9,0.524390243902439,2.74,103.0,100.3,2.7,88.2,0.14634146341463417,2.3499999999999996,4.599999999999994,1.7000000000000028,2.8999999999999995,-0.29999999999999716
1997-98,1998,1998-04-26,Minnesota Timberwolves,98,Seattle SuperSonics,93,0,0.7439024390243902,6.33,111.6,103.6,8.0,89.8,0.5487804878048781,0.17,107.8,107.1,0.7,92.6,0.19512195121951215,6.16,3.799999999999997,-3.5,7.3,-2.799999999999997
1997-98,1998,1998-04-27,Indiana Pacers,77,Cleveland Cavaliers,86,1,0.573170731707317,3.06,102.1,99.1,3.0,89.9,0.7073170731707317,6.25,108.4,101.5,6.9,87.9,-0.13414634146341464,-3.19,-6.300000000000011,-2.4000000000000057,-3.9000000000000004,2.0
1997-98,1998,1998-04-27,Phoenix Suns,88,San Antonio Spurs,100,1,0.6829268292682927,3.3,103.8,99.4,4.4,88.4,0.6829268292682927,4.44,107.4,101.8,5.6,91.4,0.0,-1.1400000000000006,-3.6000000000000085,-2.3999999999999915,-1.1999999999999993,-3.0
1997-98,1998,1998-04-28,Los Angeles Lakers,94,Portland Trail Blazers,99,1,0.5609756097560976,0.83,104.0,102.4,1.6,90.0,0.7439024390243902,6.88,111.9,103.7,8.2,93.6,-0.18292682926829262,-6.05,-7.900000000000006,-1.2999999999999972,-6.6,-3.5999999999999943
1997-98,1998,1998-04-28,Seattle SuperSonics,90,Minnesota Timberwolves,98,1,0.5487804878048781,0.17,107.8,107.1,0.7,92.6,0.7439024390243902,6.33,111.6,103.6,8.0,89.8,-0.19512195121951215,-6.16,-3.799999999999997,3.5,-7.3,2.799999999999997
1997-98,1998,1998-04-28,Miami Heat,91,New York Knicks,85,0,0.524390243902439,2.74,103.0,100.3,2.7,88.2,0.6707317073170732,5.09,107.6,102.0,5.6,87.9,-0.14634146341463417,-2.3499999999999996,-4.599999999999994,-1.7000000000000028,-2.8999999999999995,0.29999999999999716
1997-98,1998,1998-04-28,Charlotte Hornets,64,Atlanta Hawks,96,1,0.6097560975609756,3.85,108.2,104.3,3.9,87.7,0.6219512195121951,2.45,107.5,105.3,2.2,89.4,-0.012195121951219523,1.4,0.7000000000000028,-1.0,1.6999999999999997,-1.7000000000000028
1997-98,1998,1998-04-29,Utah Jazz,85,Houston Rockets,89,1,0.5,-1.23,107.7,108.6,-0.9,91.0,0.7560975609756098,5.73,112.7,105.4,7.3,89.2,-0.25609756097560976,-6.960000000000001,-5.0,3.1999999999999886,-8.2,1.7999999999999972
1997-98,1998,1998-04-29,Chicago Bulls,116,New Jersey Nets,101,0,0.524390243902439,1.88,108.3,106.6,1.7,91.0,0.7560975609756098,7.24,107.7,99.8,7.9,89.0,-0.23170731707317072,-5.36,0.5999999999999943,6.799999999999997,-6.2,2.0
1997-98,1998,1998-04-29,Phoenix Suns,80,San Antonio Spurs,99,1,0.6829268292682927,3.3,103.8,99.4,4.4,88.4,0.6829268292682927,4.44,107.4,101.8,5.6,91.4,0.0,-1.1400000000000006,-3.6000000000000085,-2.3999999999999915,-1.1999999999999993,-3.0
1997-98,1998,1998-04-30,Indiana Pacers,80,Cleveland Cavaliers,74,0,0.573170731707317,3.06,102.1,99.1,3.0,89.9,0.7073170731707317,6.25,108.4,101.5,6.9,87.9,-0.13414634146341464,-3.19,-6.300000000000011,-2.4000000000000057,-3.9000000000000004,2.0
1997-98,1998,1998-04-30,Seattle SuperSonics,92,Minnesota Timberwolves,88,0,0.5487804878048781,0.17,107.8,107.1,0.7,92.6,0.7439024390243902,6.33,111.6,103.6,8.0,89.8,-0.19512195121951215,-6.16,-3.799999999999997,3.5,-7.3,2.799999999999997
1997-98,1998,1998-04-30,Miami Heat,85,New York Knicks,90,1,0.524390243902439,2.74,103.0,100.3,2.7,88.2,0.6707317073170732,5.09,107.6,102.0,5.6,87.9,-0.14634146341463417,-2.3499999999999996,-4.599999999999994,-1.7000000000000028,-2.8999999999999995,0.29999999999999716
1997-98,1998,1998-04-30,Los Angeles Lakers,110,Portland Trail Blazers,99,0,0.5609756097560976,0.83,104.0,102.4,1.6,90.0,0.7439024390243902,6.88,111.9,103.7,8.2,93.6,-0.18292682926829262,-6.05,-7.900000000000006,-1.2999999999999972,-6.6,-3.5999999999999943
1997-98,1998,1998-05-01,Charlotte Hornets,91,Atlanta Hawks,82,0,0.6097560975609756,3.85,108.2,104.3,3.9,87.7,0.6219512195121951,2.45,107.5,105.3,2.2,89.4,-0.012195121951219523,1.4,0.7000000000000028,-1.0,1.6999999999999997,-1.7000000000000028
1997-98,1998,1998-05-01,Utah Jazz,93,Houston Rockets,71,0,0.5,-1.23,107.7,108.6,-0.9,91.0,0.7560975609756098,5.73,112.7,105.4,7.3,89.2,-0.25609756097560976,-6.960000000000001,-5.0,3.1999999999999886,-8.2,1.7999999999999972
1997-98,1998,1998-05-02,Minnesota Timberwolves,84,Seattle SuperSonics,97,1,0.7439024390243902,6.33,111.6,103.6,8.0,89.8,0.5487804878048781,0.17,107.8,107.1,0.7,92.6,0.19512195121951215,6.16,3.799999999999997,-3.5,7.3,-2.799999999999997
1997-98,1998,1998-05-03,Charlotte Hornets,70,Chicago Bulls,83,1,0.7560975609756098,7.24,107.7,99.8,7.9,89.0,0.6219512195121951,2.45,107.5,105.3,2.2,89.4,0.13414634146341464,4.79,0.20000000000000284,-5.5,5.7,-0.4000000000000057
1997-98,1998,1998-05-03,New York Knicks,98,Miami Heat,81,0,0.6707317073170732,5.09,107.6,102.0,5.6,87.9,0.524390243902439,2.74,103.0,100.3,2.7,88.2,0.14634146341463417,2.3499999999999996,4.599999999999994,1.7000000000000028,2.8999999999999995,-0.29999999999999716
1997-98,1998,1998-05-03,Houston Rockets,70,Utah Jazz,84,1,0.7560975609756098,5.73,112.7,105.4,7.3,89.2,0.5,-1.23,107.7,108.6,-0.9,91.0,0.25609756097560976,6.960000000000001,5.0,-3.1999999999999886,8.2,-1.7999999999999972
1997-98,1998,1998-05-04,Los Angeles Lakers,92,Seattle SuperSonics,106,1,0.7439024390243902,6.33,111.6,103.6,8.0,89.8,0.7439024390243902,6.88,111.9,103.7,8.2,93.6,0.0,-0.5499999999999998,-0.30000000000001137,-0.10000000000000853,-0.1999999999999993,-3.799999999999997
1997-98,1998,1998-05-05,San Antonio Spurs,82,Utah Jazz,83,1,0.7560975609756098,5.73,112.7,105.4,7.3,89.2,0.6829268292682927,3.3,103.8,99.4,4.4,88.4,0.07317073170731703,2.4300000000000006,8.900000000000006,6.0,2.8999999999999995,0.7999999999999972
1997-98,1998,1998-05-05,New York Knicks,83,Indiana Pacers,93,1,0.7073170731707317,6.25,108.4,101.5,6.9,87.9,0.524390243902439,2.74,103.0,100.3,2.7,88.2,0.18292682926829262,3.51,5.400000000000006,1.2000000000000028,4.2,-0.29999999999999716
1997-98,1998,1998-05-06,Charlotte Hornets,78,Chicago Bulls,76,0,0.7560975609756098,7.24,107.7,99.8,7.9,89.0,0.6219512195121951,2.45,107.5,105.3,2.2,89.4,0.13414634146341464,4.79,0.20000000000000284,-5.5,5.7,-0.4000000000000057
1997-98,1998,1998-05-06,Los Angeles Lakers,92,Seattle SuperSonics,68,0,0.7439024390243902,6.33,111.6,103.6,8.0,89.8,0.7439024390243902,6.88,111.9,103.7,8.2,93.6,0.0,-0.5499999999999998,-0.30000000000001137,-0.10000000000000853,-0.1999999999999993,-3.799999999999997
1997-98,1998,1998-05-07,New York Knicks,77,Indiana Pacers,85,1,0.7073170731707317,6.25,108.4,101.5,6.9,87.9,0.524390243902439,2.74,103.0,100.3,2.7,88.2,0.18292682926829262,3.51,5.400000000000006,1.2000000000000028,4.2,-0.29999999999999716
1997-98,1998,1998-05-07,San Antonio Spurs,106,Utah Jazz,109,1,0.7560975609756098,5.73,112.7,105.4,7.3,89.2,0.6829268292682927,3.3,103.8,99.4,4.4,88.4,0.07317073170731703,2.4300000000000006,8.900000000000006,6.0,2.8999999999999995,0.7999999999999972
1997-98,1998,1998-05-08,Chicago Bulls,103,Charlotte Hornets,89,0,0.6219512195121951,2.45,107.5,105.3,2.2,89.4,0.7560975609756098,7.24,107.7,99.8,7.9,89.0,-0.13414634146341464,-4.79,-0.20000000000000284,5.5,-5.7,0.4000000000000057
1997-98,1998,1998-05-08,Seattle SuperSonics,103,Los Angeles Lakers,119,1,0.7439024390243902,6.88,111.9,103.7,8.2,93.6,0.7439024390243902,6.33,111.6,103.6,8.0,89.8,0.0,0.5499999999999998,0.30000000000001137,0.10000000000000853,0.1999999999999993,3.799999999999997
1997-98,1998,1998-05-09,Indiana Pacers,76,New York Knicks,83,1,0.524390243902439,2.74,103.0,100.3,2.7,88.2,0.7073170731707317,6.25,108.4,101.5,6.9,87.9,-0.18292682926829262,-3.51,-5.400000000000006,-1.2000000000000028,-4.2,0.29999999999999716
1997-98,1998,1998-05-09,Utah Jazz,64,San Antonio Spurs,86,1,0.6829268292682927,3.3,103.8,99.4,4.4,88.4,0.7560975609756098,5.73,112.7,105.4,7.3,89.2,-0.07317073170731703,-2.4300000000000006,-8.900000000000006,-6.0,-2.8999999999999995,-0.7999999999999972
1997-98,1998,1998-05-10,Chicago Bulls,94,Charlotte Hornets,80,0,0.6219512195121951,2.45,107.5,105.3,2.2,89.4,0.7560975609756098,7.24,107.7,99.8,7.9,89.0,-0.13414634146341464,-4.79,-0.20000000000000284,5.5,-5.7,0.4000000000000057
1997-98,1998,1998-05-10,Seattle SuperSonics,100,Los Angeles Lakers,112,1,0.7439024390243902,6.88,111.9,103.7,8.2,93.6,0.7439024390243902,6.33,111.6,103.6,8.0,89.8,0.0,0.5499999999999998,0.30000000000001137,0.10000000000000853,0.1999999999999993,3.799999999999997
1997-98,1998,1998-05-10,Indiana Pacers,118,New York Knicks,107,0,0.524390243902439,2.74,103.0,100.3,2.7,88.2,0.7073170731707317,6.25,108.4,101.5,6.9,87.9,-0.18292682926829262,-3.51,-5.400000000000006,-1.2000000000000028,-4.2,0.29999999999999716
1997-98,1998,1998-05-10,Utah Jazz,82,San Antonio Spurs,73,0,0.6829268292682927,3.3,103.8,99.4,4.4,88.4,0.7560975609756098,5.73,112.7,105.4,7.3,89.2,-0.07317073170731703,-2.4300000000000006,-8.900000000000006,-6.0,-2.8999999999999995,-0.7999999999999972
1997-98,1998,1998-05-12,Los Angeles Lakers,110,Seattle SuperSonics,95,0,0.7439024390243902,6.33,111.6,103.6,8.0,89.8,0.7439024390243902,6.88,111.9,103.7,8.2,93.6,0.0,-0.5499999999999998,-0.30000000000001137,-0.10000000000000853,-0.1999999999999993,-3.799999999999997
1997-98,1998,1998-05-12,San Antonio Spurs,77,Utah Jazz,87,1,0.7560975609756098,5.73,112.7,105.4,7.3,89.2,0.6829268292682927,3.3,103.8,99.4,4.4,88.4,0.07317073170731703,2.4300000000000006,8.900000000000006,6.0,2.8999999999999995,0.7999999999999972
1997-98,1998,1998-05-13,New York Knicks,88,Indiana Pacers,99,1,0.7073170731707317,6.25,108.4,101.5,6.9,87.9,0.524390243902439,2.74,103.0,100.3,2.7,88.2,0.18292682926829262,3.51,5.400000000000006,1.2000000000000028,4.2,-0.29999999999999716
1997-98,1998,1998-05-13,Charlotte Hornets,84,Chicago Bulls,93,1,0.7560975609756098,7.24,107.7,99.8,7.9,89.0,0.6219512195121951,2.45,107.5,105.3,2.2,89.4,0.13414634146341464,4.79,0.20000000000000284,-5.5,5.7,-0.4000000000000057
1997-98,1998,1998-05-16,Los Angeles Lakers,77,Utah Jazz,112,1,0.7560975609756098,5.73,112.7,105.4,7.3,89.2,0.7439024390243902,6.88,111.9,103.7,8.2,93.6,0.012195121951219523,-1.1499999999999995,0.7999999999999972,1.7000000000000028,-0.8999999999999995,-4.3999999999999915
1997-98,1998,1998-05-17,Indiana Pacers,79,Chicago Bulls,85,1,0.7560975609756098,7.24,107.7,99.8,7.9,89.0,0.7073170731707317,6.25,108.4,101.5,6.9,87.9,0.04878048780487809,0.9900000000000002,-0.7000000000000028,-1.7000000000000028,1.0,1.0999999999999943
1997-98,1998,1998-05-18,Los Angeles Lakers,95,Utah Jazz,99,1,0.7560975609756098,5.73,112.7,105.4,7.3,89.2,0.7439024390243902,6.88,111.9,103.7,8.2,93.6,0.012195121951219523,-1.1499999999999995,0.7999999999999972,1.7000000000000028,-0.8999999999999995,-4.3999999999999915
1997-98,1998,1998-05-19,Indiana Pacers,98,Chicago Bulls,104,1,0.7560975609756098,7.24,107.7,99.8,7.9,89.0,0.7073170731707317,6.25,108.4,101.5,6.9,87.9,0.04878048780487809,0.9900000000000002,-0.7000000000000028,-1.7000000000000028,1.0,1.0999999999999943
1997-98,1998,1998-05-22,Utah Jazz,109,Los Angeles Lakers,98,0,0.7439024390243902,6.88,111.9,103.7,8.2,93.6,0.7560975609756098,5.73,112.7,105.4,7.3,89.2,-0.012195121951219523,1.1499999999999995,-0.7999999999999972,-1.7000000000000028,0.8999999999999995,4.3999999999999915
1997-98,1998,1998-05-23,Chicago Bulls,105,Indiana Pacers,107,1,0.7073170731707317,6.25,108.4,101.5,6.9,87.9,0.7560975609756098,7.24,107.7,99.8,7.9,89.0,-0.04878048780487809,-0.9900000000000002,0.7000000000000028,1.7000000000000028,-1.0,-1.0999999999999943
1997-98,1998,1998-05-24,Utah Jazz,96,Los Angeles Lakers,92,0,0.7439024390243902,6.88,111.9,103.7,8.2,93.6,0.7560975609756098,5.73,112.7,105.4,7.3,89.2,-0.012195121951219523,1.1499999999999995,-0.7999999999999972,-1.7000000000000028,0.8999999999999995,4.3999999999999915
1997-98,1998,1998-05-25,Chicago Bulls,94,Indiana Pacers,96,1,0.7073170731707317,6.25,108.4,101.5,6.9,87.9,0.7560975609756098,7.24,107.7,99.8,7.9,89.0,-0.04878048780487809,-0.9900000000000002,0.7000000000000028,1.7000000000000028,-1.0,-1.0999999999999943
1997-98,1998,1998-05-27,Indiana Pacers,87,Chicago Bulls,106,1,0.7560975609756098,7.24,107.7,99.8,7.9,89.0,0.7073170731707317,6.25,108.4,101.5,6.9,87.9,0.04878048780487809,0.9900000000000002,-0.7000000000000028,-1.7000000000000028,1.0,1.0999999999999943
1997-98,1998,1998-05-29,Chicago Bulls,89,Indiana Pacers,92,1,0.7073170731707317,6.25,108.4,101.5,6.9,87.9,0.7560975609756098,7.24,107.7,99.8,7.9,89.0,-0.04878048780487809,-0.9900000000000002,0.7000000000000028,1.7000000000000028,-1.0,-1.0999999999999943
1997-98,1998,1998-05-31,Indiana Pacers,83,Chicago Bulls,88,1,0.7560975609756098,7.24,107.7,99.8,7.9,89.0,0.7073170731707317,6.25,108.4,101.5,6.9,87.9,0.04878048780487809,0.9900000000000002,-0.7000000000000028,-1.7000000000000028,1.0,1.0999999999999943
1997-98,1998,1998-06-03,Chicago Bulls,85,Utah Jazz,88,1,0.7560975609756098,5.73,112.7,105.4,7.3,89.2,0.7560975609756098,7.24,107.7,99.8,7.9,89.0,0.0,-1.5099999999999998,5.0,5.6000000000000085,-0.6000000000000005,0.20000000000000284
1997-98,1998,1998-06-05,Chicago Bulls,93,Utah Jazz,88,0,0.7560975609756098,5.73,112.7,105.4,7.3,89.2,0.7560975609756098,7.24,107.7,99.8,7.9,89.0,0.0,-1.5099999999999998,5.0,5.6000000000000085,-0.6000000000000005,0.20000000000000284
1997-98,1998,1998-06-07,Utah Jazz,54,Chicago Bulls,96,1,0.7560975609756098,7.24,107.7,99.8,7.9,89.0,0.7560975609756098,5.73,112.7,105.4,7.3,89.2,0.0,1.5099999999999998,-5.0,-5.6000000000000085,0.6000000000000005,-0.20000000000000284
1997-98,1998,1998-06-10,Utah Jazz,82,Chicago Bulls,86,1,0.7560975609756098,7.24,107.7,99.8,7.9,89.0,0.7560975609756098,5.73,112.7,105.4,7.3,89.2,0.0,1.5099999999999998,-5.0,-5.6000000000000085,0.6000000000000005,-0.20000000000000284
1997-98,1998,1998-06-12,Utah Jazz,83,Chicago Bulls,81,0,0.7560975609756098,7.24,107.7,99.8,7.9,89.0,0.7560975609756098,5.73,112.7,105.4,7.3,89.2,0.0,1.5099999999999998,-5.0,-5.6000000000000085,0.6000000000000005,-0.20000000000000284
1997-98,1998,1998-06-14,Chicago Bulls,87,Utah Jazz,86,0,0.7560975609756098,5.73,112.7,105.4,7.3,89.2,0.7560975609756098,7.24,107.7,99.8,7.9,89.0,0.0,-1.5099999999999998,5.0,5.6000000000000085,-0.6000000000000005,0.20000000000000284
1998-99,1999,1999-05-08,New York Knicks,95,Miami Heat,75,0,0.66,5.11,104.7,98.9,5.8,84.8,0.54,1.45,98.6,97.5,1.1,86.9,0.12,3.66,6.1000000000000085,1.4000000000000057,4.699999999999999,-2.1000000000000085
1998-99,1999,1999-05-08,Detroit Pistons,70,Atlanta Hawks,90,1,0.62,2.82,100.5,97.1,3.4,85.3,0.58,3.97,104.2,100.3,3.9,86.3,0.040000000000000036,-1.1500000000000004,-3.700000000000003,-3.200000000000003,-0.5,-1.0
1998-99,1999,1999-05-08,Sacramento Kings,87,Utah Jazz,117,1,0.74,5.54,105.8,98.4,7.4,87.0,0.54,-0.89,102.7,103.1,-0.4,96.0,0.19999999999999996,6.43,3.0999999999999943,-4.699999999999989,7.800000000000001,-9.0
1998-99,1999,1999-05-08,Phoenix Suns,85,Portland Trail Blazers,95,1,0.7,5.67,104.8,97.7,7.1,89.2,0.54,2.15,105.8,103.3,2.5,90.0,0.15999999999999992,3.52,-1.0,-5.599999999999994,4.6,-0.7999999999999972
1998-99,1999,1999-05-09,Milwaukee Bucks,88,Indiana Pacers,110,1,0.66,3.86,108.7,104.4,4.3,86.4,0.56,1.66,104.9,103.0,1.9,87.0,0.09999999999999998,2.2,3.799999999999997,1.4000000000000057,2.4,-0.5999999999999943
1998-99,1999,1999-05-09,Houston Rockets,100,Los Angeles Lakers,101,1,0.62,2.68,107.6,104.3,3.3,91.6,0.62,1.39,105.4,102.9,2.5,88.8,0.0,1.2900000000000003,2.1999999999999886,1.3999999999999915,0.7999999999999998,2.799999999999997
1998-99,1999,1999-05-09,Philadelphia 76ers,104,Orlando Magic,90,0,0.66,3.11,100.3,97.4,2.9,88.8,0.56,2.56,99.9,97.6,2.3,88.6,0.09999999999999998,0.5499999999999998,0.3999999999999915,-0.19999999999998863,0.6000000000000001,0.20000000000000284
1998-99,1999,1999-05-09,Minnesota Timberwolves,86,San Antonio Spurs,99,1,0.74,7.12,104.0,95.0,9.0,88.6,0.5,-0.17,101.9,101.5,0.4,91.0,0.24,7.29,2.0999999999999943,-6.5,8.6,-2.4000000000000057
1998-99,1999,1999-05-10,Detroit Pistons,69,Atlanta Hawks,89,1,0.62,2.82,100.5,97.1,3.4,85.3,0.58,3.97,104.2,100.3,3.9,86.3,0.040000000000000036,-1.1500000000000004,-3.700000000000003,-3.200000000000003,-0.5,-1.0
1998-99,1999,1999-05-10,New York Knicks,73,Miami Heat,83,1,0.66,5.11,104.7,98.9,5.8,84.8,0.54,1.45,98.6,97.5,1.1,86.9,0.12,3.66,6.1000000000000085,1.4000000000000057,4.699999999999999,-2.1000000000000085
1998-99,1999,1999-05-10,Phoenix Suns,99,Portland Trail Blazers,110,1,0.7,5.67,104.8,97.7,7.1,89.2,0.54,2.15,105.8,103.3,2.5,90.0,0.15999999999999992,3.52,-1.0,-5.599999999999994,4.6,-0.7999999999999972
1998-99,1999,1999-05-10,Sacramento Kings,101,Utah Jazz,90,0,0.74,5.54,105.8,98.4,7.4,87.0,0.54,-0.89,102.7,103.1,-0.4,96.0,0.19999999999999996,6.43,3.0999999999999943,-4.699999999999989,7.800000000000001,-9.0
1998-99,1999,1999-05-11,Milwaukee Bucks,107,Indiana Pacers,108,1,0.66,3.86,108.7,104.4,4.3,86.4,0.56,1.66,104.9,103.0,1.9,87.0,0.09999999999999998,2.2,3.799999999999997,1.4000000000000057,2.4,-0.5999999999999943
1998-99,1999,1999-05-11,Houston Rockets,98,Los Angeles Lakers,110,1,0.62,2.68,107.6,104.3,3.3,91.6,0.62,1.39,105.4,102.9,2.5,88.8,0.0,1.2900000000000003,2.1999999999999886,1.3999999999999915,0.7999999999999998,2.799999999999997
1998-99,1999,1999-05-11,Philadelphia 76ers,68,Orlando Magic,79,1,0.66,3.11,100.3,97.4,2.9,88.8,0.56,2.56,99.9,97.6,2.3,88.6,0.09999999999999998,0.5499999999999998,0.3999999999999915,-0.19999999999998863,0.6000000000000001,0.20000000000000284
1998-99,1999,1999-05-11,Minnesota Timberwolves,80,San Antonio Spurs,71,0,0.74,7.12,104.0,95.0,9.0,88.6,0.5,-0.17,101.9,101.5,0.4,91.0,0.24,7.29,2.0999999999999943,-6.5,8.6,-2.4000000000000057
1998-99,1999,1999-05-12,Portland Trail Blazers,103,Phoenix Suns,93,0,0.54,2.15,105.8,103.3,2.5,90.0,0.7,5.67,104.8,97.7,7.1,89.2,-0.15999999999999992,-3.52,1.0,5.599999999999994,-4.6,0.7999999999999972
1998-99,1999,1999-05-12,Utah Jazz,81,Sacramento Kings,84,1,0.54,-0.89,102.7,103.1,-0.4,96.0,0.74,5.54,105.8,98.4,7.4,87.0,-0.19999999999999996,-6.43,-3.0999999999999943,4.699999999999989,-7.800000000000001,9.0
1998-99,1999,1999-05-12,Miami Heat,73,New York Knicks,97,1,0.54,1.45,98.6,97.5,1.1,86.9,0.66,5.11,104.7,98.9,5.8,84.8,-0.12,-3.66,-6.1000000000000085,-1.4000000000000057,-4.699999999999999,2.1000000000000085
1998-99,1999,1999-05-12,Atlanta Hawks,63,Detroit Pistons,79,1,0.58,3.97,104.2,100.3,3.9,86.3,0.62,2.82,100.5,97.1,3.4,85.3,-0.040000000000000036,1.1500000000000004,3.700000000000003,3.200000000000003,0.5,1.0
1998-99,1999,1999-05-13,Los Angeles Lakers,88,Houston Rockets,102,1,0.62,1.39,105.4,102.9,2.5,88.8,0.62,2.68,107.6,104.3,3.3,91.6,0.0,-1.2900000000000003,-2.1999999999999886,-1.3999999999999915,-0.7999999999999998,-2.799999999999997
1998-99,1999,1999-05-13,Indiana Pacers,99,Milwaukee Bucks,91,0,0.56,1.66,104.9,103.0,1.9,87.0,0.66,3.86,108.7,104.4,4.3,86.4,-0.09999999999999998,-2.2,-3.799999999999997,-1.4000000000000057,-2.4,0.5999999999999943
1998-99,1999,1999-05-13,San Antonio Spurs,85,Minnesota Timberwolves,71,0,0.5,-0.17,101.9,101.5,0.4,91.0,0.74,7.12,104.0,95.0,9.0,88.6,-0.24,-7.29,-2.0999999999999943,6.5,-8.6,2.4000000000000057
1998-99,1999,1999-05-13,Orlando Magic,85,Philadelphia 76ers,97,1,0.56,2.56,99.9,97.6,2.3,88.6,0.66,3.11,100.3,97.4,2.9,88.8,-0.09999999999999998,-0.5499999999999998,-0.3999999999999915,0.19999999999998863,-0.6000000000000001,-0.20000000000000284
1998-99,1999,1999-05-14,Atlanta Hawks,82,Detroit Pistons,103,1,0.58,3.97,104.2,100.3,3.9,86.3,0.62,2.82,100.5,97.1,3.4,85.3,-0.040000000000000036,1.1500000000000004,3.700000000000003,3.200000000000003,0.5,1.0
1998-99,1999,1999-05-14,Miami Heat,87,New York Knicks,72,0,0.54,1.45,98.6,97.5,1.1,86.9,0.66,5.11,104.7,98.9,5.8,84.8,-0.12,-3.66,-6.1000000000000085,-1.4000000000000057,-4.699999999999999,2.1000000000000085
1998-99,1999,1999-05-14,Utah Jazz,90,Sacramento Kings,89,0,0.54,-0.89,102.7,103.1,-0.4,96.0,0.74,5.54,105.8,98.4,7.4,87.0,-0.19999999999999996,-6.43,-3.0999999999999943,4.699999999999989,-7.800000000000001,9.0
1998-99,1999,1999-05-15,Los Angeles Lakers,98,Houston Rockets,88,0,0.62,1.39,105.4,102.9,2.5,88.8,0.62,2.68,107.6,104.3,3.3,91.6,0.0,-1.2900000000000003,-2.1999999999999886,-1.3999999999999915,-0.7999999999999998,-2.799999999999997
1998-99,1999,1999-05-15,San Antonio Spurs,92,Minnesota Timberwolves,85,0,0.5,-0.17,101.9,101.5,0.4,91.0,0.74,7.12,104.0,95.0,9.0,88.6,-0.24,-7.29,-2.0999999999999943,6.5,-8.6,2.4000000000000057
1998-99,1999,1999-05-15,Orlando Magic,91,Philadelphia 76ers,101,1,0.56,2.56,99.9,97.6,2.3,88.6,0.66,3.11,100.3,97.4,2.9,88.8,-0.09999999999999998,-0.5499999999999998,-0.3999999999999915,0.19999999999998863,-0.6000000000000001,-0.20000000000000284
1998-99,1999,1999-05-16,Detroit Pistons,75,Atlanta Hawks,87,1,0.62,2.82,100.5,97.1,3.4,85.3,0.58,3.97,104.2,100.3,3.9,86.3,0.040000000000000036,-1.1500000000000004,-3.700000000000003,-3.200000000000003,-0.5,-1.0
1998-99,1999,1999-05-16,New York Knicks,78,Miami Heat,77,0,0.66,5.11,104.7,98.9,5.8,84.8,0.54,1.45,98.6,97.5,1.1,86.9,0.12,3.66,6.1000000000000085,1.4000000000000057,4.699999999999999,-2.1000000000000085
1998-99,1999,1999-05-16,Sacramento Kings,92,Utah Jazz,99,1,0.74,5.54,105.8,98.4,7.4,87.0,0.54,-0.89,102.7,103.1,-0.4,96.0,0.19999999999999996,6.43,3.0999999999999943,-4.699999999999989,7.800000000000001,-9.0
1998-99,1999,1999-05-17,Philadelphia 76ers,90,Indiana Pacers,94,1,0.66,3.86,108.7,104.4,4.3,86.4,0.56,2.56,99.9,97.6,2.3,88.6,0.09999999999999998,1.2999999999999998,8.799999999999997,6.800000000000011,2.0,-2.1999999999999886
1998-99,1999,1999-05-17,Los Angeles Lakers,81,San Antonio Spurs,87,1,0.74,7.12,104.0,95.0,9.0,88.6,0.62,2.68,107.6,104.3,3.3,91.6,0.12,4.4399999999999995,-3.5999999999999943,-9.299999999999997,5.7,-3.0
1998-99,1999,1999-05-18,New York Knicks,100,Atlanta Hawks,92,0,0.62,2.82,100.5,97.1,3.4,85.3,0.54,1.45,98.6,97.5,1.1,86.9,0.07999999999999996,1.3699999999999999,1.9000000000000057,-0.4000000000000057,2.3,-1.6000000000000085
1998-99,1999,1999-05-18,Portland Trail Blazers,83,Utah Jazz,93,1,0.74,5.54,105.8,98.4,7.4,87.0,0.7,5.67,104.8,97.7,7.1,89.2,0.040000000000000036,-0.1299999999999999,1.0,0.7000000000000028,0.3000000000000007,-2.200000000000003
1998-99,1999,1999-05-19,Philadelphia 76ers,82,Indiana Pacers,85,1,0.66,3.86,108.7,104.4,4.3,86.4,0.56,2.56,99.9,97.6,2.3,88.6,0.09999999999999998,1.2999999999999998,8.799999999999997,6.800000000000011,2.0,-2.1999999999999886
1998-99,1999,1999-05-19,Los Angeles Lakers,76,San Antonio Spurs,79,1,0.74,7.12,104.0,95.0,9.0,88.6,0.62,2.68,107.6,104.3,3.3,91.6,0.12,4.4399999999999995,-3.5999999999999943,-9.299999999999997,5.7,-3.0
1998-99,1999,1999-05-20,New York Knicks,77,Atlanta Hawks,70,0,0.62,2.82,100.5,97.1,3.4,85.3,0.54,1.45,98.6,97.5,1.1,86.9,0.07999999999999996,1.3699999999999999,1.9000000000000057,-0.4000000000000057,2.3,-1.6000000000000085
1998-99,1999,1999-05-20,Portland Trail Blazers,84,Utah Jazz,81,0,0.74,5.54,105.8,98.4,7.4,87.0,0.7,5.67,104.8,97.7,7.1,89.2,0.040000000000000036,-0.1299999999999999,1.0,0.7000000000000028,0.3000000000000007,-2.200000000000003
1998-99,1999,1999-05-21,Indiana Pacers,97,Philadelphia 76ers,86,0,0.56,2.56,99.9,97.6,2.3,88.6,0.66,3.86,108.7,104.4,4.3,86.4,-0.09999999999999998,-1.2999999999999998,-8.799999999999997,-6.800000000000011,-2.0,2.1999999999999886
1998-99,1999,1999-05-22,San Antonio Spurs,103,Los Angeles Lakers,91,0,0.62,2.68,107.6,104.3,3.3,91.6,0.74,7.12,104.0,95.0,9.0,88.6,-0.12,-4.4399999999999995,3.5999999999999943,9.299999999999997,-5.7,3.0
1998-99,1999,1999-05-22,Utah Jazz,87,Portland Trail Blazers,97,1,0.7,5.67,104.8,97.7,7.1,89.2,0.74,5.54,105.8,98.4,7.4,87.0,-0.040000000000000036,0.1299999999999999,-1.0,-0.7000000000000028,-0.3000000000000007,2.200000000000003
1998-99,1999,1999-05-23,San Antonio Spurs,118,Los Angeles Lakers,107,0,0.62,2.68,107.6,104.3,3.3,91.6,0.74,7.12,104.0,95.0,9.0,88.6,-0.12,-4.4399999999999995,3.5999999999999943,9.299999999999997,-5.7,3.0
1998-99,1999,1999-05-23,Atlanta Hawks,78,New York Knicks,90,1,0.54,1.45,98.6,97.5,1.1,86.9,0.62,2.82,100.5,97.1,3.4,85.3,-0.07999999999999996,-1.3699999999999999,-1.9000000000000057,0.4000000000000057,-2.3,1.6000000000000085
1998-99,1999,1999-05-23,Indiana Pacers,89,Philadelphia 76ers,86,0,0.56,2.56,99.9,97.6,2.3,88.6,0.66,3.86,108.7,104.4,4.3,86.4,-0.09999999999999998,-1.2999999999999998,-8.799999999999997,-6.800000000000011,-2.0,2.1999999999999886
1998-99,1999,1999-05-23,Utah Jazz,75,Portland Trail Blazers,81,1,0.7,5.67,104.8,97.7,7.1,89.2,0.74,5.54,105.8,98.4,7.4,87.0,-0.040000000000000036,0.1299999999999999,-1.0,-0.7000000000000028,-0.3000000000000007,2.200000000000003
1998-99,1999,1999-05-24,Atlanta Hawks,66,New York Knicks,79,1,0.54,1.45,98.6,97.5,1.1,86.9,0.62,2.82,100.5,97.1,3.4,85.3,-0.07999999999999996,-1.3699999999999999,-1.9000000000000057,0.4000000000000057,-2.3,1.6000000000000085
1998-99,1999,1999-05-25,Portland Trail Blazers,71,Utah Jazz,88,1,0.74,5.54,105.8,98.4,7.4,87.0,0.7,5.67,104.8,97.7,7.1,89.2,0.040000000000000036,-0.1299999999999999,1.0,0.7000000000000028,0.3000000000000007,-2.200000000000003
1998-99,1999,1999-05-27,Utah Jazz,80,Portland Trail Blazers,92,1,0.7,5.67,104.8,97.7,7.1,89.2,0.74,5.54,105.8,98.4,7.4,87.0,-0.040000000000000036,0.1299999999999999,-1.0,-0.7000000000000028,-0.3000000000000007,2.200000000000003
1998-99,1999,1999-05-29,Portland Trail Blazers,76,San Antonio Spurs,80,1,0.74,7.12,104.0,95.0,9.0,88.6,0.7,5.67,104.8,97.7,7.1,89.2,0.040000000000000036,1.4500000000000002,-0.7999999999999972,-2.700000000000003,1.9000000000000004,-0.6000000000000085
1998-99,1999,1999-05-30,New York Knicks,93,Indiana Pacers,90,0,0.66,3.86,108.7,104.4,4.3,86.4,0.54,1.45,98.6,97.5,1.1,86.9,0.12,2.41,10.100000000000009,6.900000000000006,3.1999999999999997,-0.5
1998-99,1999,1999-05-31,Portland Trail Blazers,85,San Antonio Spurs,86,1,0.74,7.12,104.0,95.0,9.0,88.6,0.7,5.67,104.8,97.7,7.1,89.2,0.040000000000000036,1.4500000000000002,-0.7999999999999972,-2.700000000000003,1.9000000000000004,-0.6000000000000085
1998-99,1999,1999-06-01,New York Knicks,86,Indiana Pacers,88,1,0.66,3.86,108.7,104.4,4.3,86.4,0.54,1.45,98.6,97.5,1.1,86.9,0.12,2.41,10.100000000000009,6.900000000000006,3.1999999999999997,-0.5
1998-99,1999,1999-06-04,San Antonio Spurs,85,Portland Trail Blazers,63,0,0.7,5.67,104.8,97.7,7.1,89.2,0.74,7.12,104.0,95.0,9.0,88.6,-0.040000000000000036,-1.4500000000000002,0.7999999999999972,2.700000000000003,-1.9000000000000004,0.6000000000000085
1998-99,1999,1999-06-05,Indiana Pacers,91,New York Knicks,92,1,0.54,1.45,98.6,97.5,1.1,86.9,0.66,3.86,108.7,104.4,4.3,86.4,-0.12,-2.41,-10.100000000000009,-6.900000000000006,-3.1999999999999997,0.5
1998-99,1999,1999-06-06,San Antonio Spurs,94,Portland Trail Blazers,80,0,0.7,5.67,104.8,97.7,7.1,89.2,0.74,7.12,104.0,95.0,9.0,88.6,-0.040000000000000036,-1.4500000000000002,0.7999999999999972,2.700000000000003,-1.9000000000000004,0.6000000000000085
1998-99,1999,1999-06-07,Indiana Pacers,90,New York Knicks,78,0,0.54,1.45,98.6,97.5,1.1,86.9,0.66,3.86,108.7,104.4,4.3,86.4,-0.12,-2.41,-10.100000000000009,-6.900000000000006,-3.1999999999999997,0.5
1998-99,1999,1999-06-09,New York Knicks,101,Indiana Pacers,94,0,0.66,3.86,108.7,104.4,4.3,86.4,0.54,1.45,98.6,97.5,1.1,86.9,0.12,2.41,10.100000000000009,6.900000000000006,3.1999999999999997,-0.5
1998-99,1999,1999-06-11,Indiana Pacers,82,New York Knicks,90,1,0.54,1.45,98.6,97.5,1.1,86.9,0.66,3.86,108.7,104.4,4.3,86.4,-0.12,-2.41,-10.100000000000009,-6.900000000000006,-3.1999999999999997,0.5
1998-99,1999,1999-06-16,New York Knicks,77,San Antonio Spurs,89,1,0.74,7.12,104.0,95.0,9.0,88.6,0.54,1.45,98.6,97.5,1.1,86.9,0.19999999999999996,5.67,5.400000000000006,-2.5,7.9,1.6999999999999886
1998-99,1999,1999-06-18,New York Knicks,67,San Antonio Spurs,80,1,0.74,7.12,104.0,95.0,9.0,88.6,0.54,1.45,98.6,97.5,1.1,86.9,0.19999999999999996,5.67,5.400000000000006,-2.5,7.9,1.6999999999999886
1998-99,1999,1999-06-21,San Antonio Spurs,81,New York Knicks,89,1,0.54,1.45,98.6,97.5,1.1,86.9,0.74,7.12,104.0,95.0,9.0,88.6,-0.19999999999999996,-5.67,-5.400000000000006,2.5,-7.9,-1.6999999999999886
1998-99,1999,1999-06-23,San Antonio Spurs,96,New York Knicks,89,0,0.54,1.45,98.6,97.5,1.1,86.9,0.74,7.12,104.0,95.0,9.0,88.6,-0.19999999999999996,-5.67,-5.400000000000006,2.5,-7.9,-1.6999999999999886
1998-99,1999,1999-06-25,San Antonio Spurs,78,New York Knicks,77,0,0.54,1.45,98.6,97.5,1.1,86.9,0.74,7.12,104.0,95.0,9.0,88.6,-0.19999999999999996,-5.67,-5.400000000000006,2.5,-7.9,-1.6999999999999886
1999-00,2000,2000-04-22,Detroit Pistons,85,Miami Heat,95,1,0.6341463414634146,2.75,104.5,101.0,3.5,89.7,0.5121951219512195,1.13,107.3,105.8,1.5,95.7,0.12195121951219512,1.62,-2.799999999999997,-4.799999999999997,2.0,-6.0
1999-00,2000,2000-04-22,Philadelphia 76ers,92,Charlotte Hornets,82,0,0.5975609756097561,2.33,104.3,101.4,2.9,93.9,0.5975609756097561,1.02,101.5,100.0,1.5,92.7,0.0,1.31,2.799999999999997,1.4000000000000057,1.4,1.2000000000000028
1999-00,2000,2000-04-22,Seattle SuperSonics,93,Utah Jazz,104,1,0.6707317073170732,4.52,107.3,102.3,5.0,89.6,0.5487804878048781,1.17,105.6,104.6,1.0,93.4,0.12195121951219512,3.3499999999999996,1.7000000000000028,-2.299999999999997,4.0,-3.8000000000000114
1999-00,2000,2000-04-22,Phoenix Suns,72,San Antonio Spurs,70,0,0.6463414634146342,5.92,105.0,98.6,6.4,90.8,0.6463414634146342,5.24,104.6,99.0,5.6,94.0,0.0,0.6799999999999997,0.4000000000000057,-0.4000000000000057,0.8000000000000007,-3.200000000000003
1999-00,2000,2000-04-23,Milwaukee Bucks,85,Indiana Pacers,88,1,0.6829268292682927,4.15,108.5,103.6,4.9,93.1,0.5121951219512195,-0.06,108.2,107.9,0.3,92.7,0.1707317073170732,4.21,0.29999999999999716,-4.300000000000011,4.6000000000000005,0.3999999999999915
1999-00,2000,2000-04-23,Sacramento Kings,107,Los Angeles Lakers,117,1,0.8170731707317073,8.41,107.3,98.2,9.1,93.3,0.5365853658536586,3.04,105.0,102.1,2.9,99.3,0.2804878048780487,5.37,2.299999999999997,-3.8999999999999915,6.199999999999999,-6.0
1999-00,2000,2000-04-23,Toronto Raptors,88,New York Knicks,92,1,0.6097560975609756,1.3,102.5,100.9,1.6,89.2,0.5487804878048781,-0.46,104.7,104.9,-0.2,92.5,0.060975609756097504,1.76,-2.200000000000003,-4.0,1.8,-3.299999999999997
1999-00,2000,2000-04-23,Minnesota Timberwolves,88,Portland Trail Blazers,91,1,0.7195121951219512,6.36,107.9,100.8,7.1,89.9,0.6097560975609756,2.67,106.1,103.4,2.7,91.8,0.1097560975609756,3.6900000000000004,1.8000000000000114,-2.6000000000000085,4.3999999999999995,-1.8999999999999915
1999-00,2000,2000-04-24,Philadelphia 76ers,98,Charlotte Hornets,108,1,0.5975609756097561,2.33,104.3,101.4,2.9,93.9,0.5975609756097561,1.02,101.5,100.0,1.5,92.7,0.0,1.31,2.799999999999997,1.4000000000000057,1.4,1.2000000000000028
1999-00,2000,2000-04-24,Seattle SuperSonics,87,Utah Jazz,101,1,0.6707317073170732,4.52,107.3,102.3,5.0,89.6,0.5487804878048781,1.17,105.6,104.6,1.0,93.4,0.12195121951219512,3.3499999999999996,1.7000000000000028,-2.299999999999997,4.0,-3.8000000000000114
1999-00,2000,2000-04-25,Detroit Pistons,82,Miami Heat,84,1,0.6341463414634146,2.75,104.5,101.0,3.5,89.7,0.5121951219512195,1.13,107.3,105.8,1.5,95.7,0.12195121951219512,1.62,-2.799999999999997,-4.799999999999997,2.0,-6.0
1999-00,2000,2000-04-25,Phoenix Suns,70,San Antonio Spurs,85,1,0.6463414634146342,5.92,105.0,98.6,6.4,90.8,0.6463414634146342,5.24,104.6,99.0,5.6,94.0,0.0,0.6799999999999997,0.4000000000000057,-0.4000000000000057,0.8000000000000007,-3.200000000000003
1999-00,2000,2000-04-26,Toronto Raptors,83,New York Knicks,84,1,0.6097560975609756,1.3,102.5,100.9,1.6,89.2,0.5487804878048781,-0.46,104.7,104.9,-0.2,92.5,0.060975609756097504,1.76,-2.200000000000003,-4.0,1.8,-3.299999999999997
1999-00,2000,2000-04-26,Minnesota Timberwolves,82,Portland Trail Blazers,86,1,0.7195121951219512,6.36,107.9,100.8,7.1,89.9,0.6097560975609756,2.67,106.1,103.4,2.7,91.8,0.1097560975609756,3.6900000000000004,1.8000000000000114,-2.6000000000000085,4.3999999999999995,-1.8999999999999915
1999-00,2000,2000-04-27,Milwaukee Bucks,104,Indiana Pacers,91,0,0.6829268292682927,4.15,108.5,103.6,4.9,93.1,0.5121951219512195,-0.06,108.2,107.9,0.3,92.7,0.1707317073170732,4.21,0.29999999999999716,-4.300000000000011,4.6000000000000005,0.3999999999999915
1999-00,2000,2000-04-27,Sacramento Kings,89,Los Angeles Lakers,113,1,0.8170731707317073,8.41,107.3,98.2,9.1,93.3,0.5365853658536586,3.04,105.0,102.1,2.9,99.3,0.2804878048780487,5.37,2.299999999999997,-3.8999999999999915,6.199999999999999,-6.0
1999-00,2000,2000-04-28,Charlotte Hornets,76,Philadelphia 76ers,81,1,0.5975609756097561,1.02,101.5,100.0,1.5,92.7,0.5975609756097561,2.33,104.3,101.4,2.9,93.9,0.0,-1.31,-2.799999999999997,-1.4000000000000057,-1.4,-1.2000000000000028
1999-00,2000,2000-04-29,Utah Jazz,78,Seattle SuperSonics,89,1,0.5487804878048781,1.17,105.6,104.6,1.0,93.4,0.6707317073170732,4.52,107.3,102.3,5.0,89.6,-0.12195121951219512,-3.3499999999999996,-1.7000000000000028,2.299999999999997,-4.0,3.8000000000000114
1999-00,2000,2000-04-29,San Antonio Spurs,94,Phoenix Suns,101,1,0.6463414634146342,5.24,104.6,99.0,5.6,94.0,0.6463414634146342,5.92,105.0,98.6,6.4,90.8,0.0,-0.6799999999999997,-0.4000000000000057,0.4000000000000057,-0.8000000000000007,3.200000000000003
1999-00,2000,2000-04-29,Miami Heat,91,Detroit Pistons,72,0,0.5121951219512195,1.13,107.3,105.8,1.5,95.7,0.6341463414634146,2.75,104.5,101.0,3.5,89.7,-0.12195121951219512,-1.62,2.799999999999997,4.799999999999997,-2.0,6.0
1999-00,2000,2000-04-29,Indiana Pacers,109,Milwaukee Bucks,96,0,0.5121951219512195,-0.06,108.2,107.9,0.3,92.7,0.6829268292682927,4.15,108.5,103.6,4.9,93.1,-0.1707317073170732,-4.21,-0.29999999999999716,4.300000000000011,-4.6000000000000005,-0.3999999999999915
1999-00,2000,2000-04-30,Portland Trail Blazers,87,Minnesota Timberwolves,94,1,0.6097560975609756,2.67,106.1,103.4,2.7,91.8,0.7195121951219512,6.36,107.9,100.8,7.1,89.9,-0.1097560975609756,-3.6900000000000004,-1.8000000000000114,2.6000000000000085,-4.3999999999999995,1.8999999999999915
1999-00,2000,2000-04-30,Los Angeles Lakers,91,Sacramento Kings,99,1,0.5365853658536586,3.04,105.0,102.1,2.9,99.3,0.8170731707317073,8.41,107.3,98.2,9.1,93.3,-0.2804878048780487,-5.37,-2.299999999999997,3.8999999999999915,-6.199999999999999,6.0
1999-00,2000,2000-04-30,New York Knicks,87,Toronto Raptors,80,0,0.5487804878048781,-0.46,104.7,104.9,-0.2,92.5,0.6097560975609756,1.3,102.5,100.9,1.6,89.2,-0.060975609756097504,-1.76,2.200000000000003,4.0,-1.8,3.299999999999997
1999-00,2000,2000-05-01,Indiana Pacers,87,Milwaukee Bucks,100,1,0.5121951219512195,-0.06,108.2,107.9,0.3,92.7,0.6829268292682927,4.15,108.5,103.6,4.9,93.1,-0.1707317073170732,-4.21,-0.29999999999999716,4.300000000000011,-4.6000000000000005,-0.3999999999999915
1999-00,2000,2000-05-01,Charlotte Hornets,99,Philadelphia 76ers,105,1,0.5975609756097561,1.02,101.5,100.0,1.5,92.7,0.5975609756097561,2.33,104.3,101.4,2.9,93.9,0.0,-1.31,-2.799999999999997,-1.4000000000000057,-1.4,-1.2000000000000028
1999-00,2000,2000-05-02,Los Angeles Lakers,88,Sacramento Kings,101,1,0.5365853658536586,3.04,105.0,102.1,2.9,99.3,0.8170731707317073,8.41,107.3,98.2,9.1,93.3,-0.2804878048780487,-5.37,-2.299999999999997,3.8999999999999915,-6.199999999999999,6.0
1999-00,2000,2000-05-02,San Antonio Spurs,78,Phoenix Suns,89,1,0.6463414634146342,5.24,104.6,99.0,5.6,94.0,0.6463414634146342,5.92,105.0,98.6,6.4,90.8,0.0,-0.6799999999999997,-0.4000000000000057,0.4000000000000057,-0.8000000000000007,3.200000000000003
1999-00,2000,2000-05-02,Portland Trail Blazers,85,Minnesota Timberwolves,77,0,0.6097560975609756,2.67,106.1,103.4,2.7,91.8,0.7195121951219512,6.36,107.9,100.8,7.1,89.9,-0.1097560975609756,-3.6900000000000004,-1.8000000000000114,2.6000000000000085,-4.3999999999999995,1.8999999999999915
1999-00,2000,2000-05-03,Utah Jazz,93,Seattle SuperSonics,104,1,0.5487804878048781,1.17,105.6,104.6,1.0,93.4,0.6707317073170732,4.52,107.3,102.3,5.0,89.6,-0.12195121951219512,-3.3499999999999996,-1.7000000000000028,2.299999999999997,-4.0,3.8000000000000114
1999-00,2000,2000-05-04,Milwaukee Bucks,95,Indiana Pacers,96,1,0.6829268292682927,4.15,108.5,103.6,4.9,93.1,0.5121951219512195,-0.06,108.2,107.9,0.3,92.7,0.1707317073170732,4.21,0.29999999999999716,-4.300000000000011,4.6000000000000005,0.3999999999999915
1999-00,2000,2000-05-05,Sacramento Kings,86,Los Angeles Lakers,113,1,0.8170731707317073,8.41,107.3,98.2,9.1,93.3,0.5365853658536586,3.04,105.0,102.1,2.9,99.3,0.2804878048780487,5.37,2.299999999999997,-3.8999999999999915,6.199999999999999,-6.0
1999-00,2000,2000-05-05,Seattle SuperSonics,93,Utah Jazz,96,1,0.6707317073170732,4.52,107.3,102.3,5.0,89.6,0.5487804878048781,1.17,105.6,104.6,1.0,93.4,0.12195121951219512,3.3499999999999996,1.7000000000000028,-2.299999999999997,4.0,-3.8000000000000114
1999-00,2000,2000-05-06,Philadelphia 76ers,91,Indiana Pacers,108,1,0.6829268292682927,4.15,108.5,103.6,4.9,93.1,0.5975609756097561,1.02,101.5,100.0,1.5,92.7,0.08536585365853666,3.1300000000000003,7.0,3.5999999999999943,3.4000000000000004,0.3999999999999915
1999-00,2000,2000-05-07,Phoenix Suns,77,Los Angeles Lakers,105,1,0.8170731707317073,8.41,107.3,98.2,9.1,93.3,0.6463414634146342,5.24,104.6,99.0,5.6,94.0,0.1707317073170731,3.17,2.700000000000003,-0.7999999999999972,3.5,-0.7000000000000028
1999-00,2000,2000-05-07,New York Knicks,83,Miami Heat,87,1,0.6341463414634146,2.75,104.5,101.0,3.5,89.7,0.6097560975609756,1.3,102.5,100.9,1.6,89.2,0.024390243902439046,1.45,2.0,0.09999999999999432,1.9,0.5
1999-00,2000,2000-05-07,Utah Jazz,75,Portland Trail Blazers,94,1,0.7195121951219512,6.36,107.9,100.8,7.1,89.9,0.6707317073170732,4.52,107.3,102.3,5.0,89.6,0.04878048780487798,1.8400000000000007,0.6000000000000085,-1.5,2.0999999999999996,0.30000000000001137
1999-00,2000,2000-05-08,Philadelphia 76ers,97,Indiana Pacers,103,1,0.6829268292682927,4.15,108.5,103.6,4.9,93.1,0.5975609756097561,1.02,101.5,100.0,1.5,92.7,0.08536585365853666,3.1300000000000003,7.0,3.5999999999999943,3.4000000000000004,0.3999999999999915
1999-00,2000,2000-05-09,Utah Jazz,85,Portland Trail Blazers,103,1,0.7195121951219512,6.36,107.9,100.8,7.1,89.9,0.6707317073170732,4.52,107.3,102.3,5.0,89.6,0.04878048780487798,1.8400000000000007,0.6000000000000085,-1.5,2.0999999999999996,0.30000000000001137
1999-00,2000,2000-05-09,New York Knicks,82,Miami Heat,76,0,0.6341463414634146,2.75,104.5,101.0,3.5,89.7,0.6097560975609756,1.3,102.5,100.9,1.6,89.2,0.024390243902439046,1.45,2.0,0.09999999999999432,1.9,0.5
1999-00,2000,2000-05-10,Indiana Pacers,97,Philadelphia 76ers,89,0,0.5975609756097561,1.02,101.5,100.0,1.5,92.7,0.6829268292682927,4.15,108.5,103.6,4.9,93.1,-0.08536585365853666,-3.1300000000000003,-7.0,-3.5999999999999943,-3.4000000000000004,-0.3999999999999915
1999-00,2000,2000-05-10,Phoenix Suns,96,Los Angeles Lakers,97,1,0.8170731707317073,8.41,107.3,98.2,9.1,93.3,0.6463414634146342,5.24,104.6,99.0,5.6,94.0,0.1707317073170731,3.17,2.700000000000003,-0.7999999999999972,3.5,-0.7000000000000028
1999-00,2000,2000-05-11,Portland Trail Blazers,103,Utah Jazz,84,0,0.6707317073170732,4.52,107.3,102.3,5.0,89.6,0.7195121951219512,6.36,107.9,100.8,7.1,89.9,-0.04878048780487798,-1.8400000000000007,-0.6000000000000085,1.5,-2.0999999999999996,-0.30000000000001137
1999-00,2000,2000-05-12,Miami Heat,77,New York Knicks,76,0,0.6097560975609756,1.3,102.5,100.9,1.6,89.2,0.6341463414634146,2.75,104.5,101.0,3.5,89.7,-0.024390243902439046,-1.45,-2.0,-0.09999999999999432,-1.9,-0.5
1999-00,2000,2000-05-12,Los Angeles Lakers,105,Phoenix Suns,99,0,0.6463414634146342,5.24,104.6,99.0,5.6,94.0,0.8170731707317073,8.41,107.3,98.2,9.1,93.3,-0.1707317073170731,-3.17,-2.700000000000003,0.7999999999999972,-3.5,0.7000000000000028
1999-00,2000,2000-05-13,Indiana Pacers,90,Philadelphia 76ers,92,1,0.5975609756097561,1.02,101.5,100.0,1.5,92.7,0.6829268292682927,4.15,108.5,103.6,4.9,93.1,-0.08536585365853666,-3.1300000000000003,-7.0,-3.5999999999999943,-3.4000000000000004,-0.3999999999999915
1999-00,2000,2000-05-14,Portland Trail Blazers,85,Utah Jazz,88,1,0.6707317073170732,4.52,107.3,102.3,5.0,89.6,0.7195121951219512,6.36,107.9,100.8,7.1,89.9,-0.04878048780487798,-1.8400000000000007,-0.6000000000000085,1.5,-2.0999999999999996,-0.30000000000001137
1999-00,2000,2000-05-14,Los Angeles Lakers,98,Phoenix Suns,117,1,0.6463414634146342,5.24,104.6,99.0,5.6,94.0,0.8170731707317073,8.41,107.3,98.2,9.1,93.3,-0.1707317073170731,-3.17,-2.700000000000003,0.7999999999999972,-3.5,0.7000000000000028
1999-00,2000,2000-05-14,Miami Heat,83,New York Knicks,91,1,0.6097560975609756,1.3,102.5,100.9,1.6,89.2,0.6341463414634146,2.75,104.5,101.0,3.5,89.7,-0.024390243902439046,-1.45,-2.0,-0.09999999999999432,-1.9,-0.5
1999-00,2000,2000-05-15,Philadelphia 76ers,107,Indiana Pacers,86,0,0.6829268292682927,4.15,108.5,103.6,4.9,93.1,0.5975609756097561,1.02,101.5,100.0,1.5,92.7,0.08536585365853666,3.1300000000000003,7.0,3.5999999999999943,3.4000000000000004,0.3999999999999915
1999-00,2000,2000-05-16,Phoenix Suns,65,Los Angeles Lakers,87,1,0.8170731707317073,8.41,107.3,98.2,9.1,93.3,0.6463414634146342,5.24,104.6,99.0,5.6,94.0,0.1707317073170731,3.17,2.700000000000003,-0.7999999999999972,3.5,-0.7000000000000028
1999-00,2000,2000-05-16,Utah Jazz,79,Portland Trail Blazers,81,1,0.7195121951219512,6.36,107.9,100.8,7.1,89.9,0.6707317073170732,4.52,107.3,102.3,5.0,89.6,0.04878048780487798,1.8400000000000007,0.6000000000000085,-1.5,2.0999999999999996,0.30000000000001137
1999-00,2000,2000-05-17,New York Knicks,81,Miami Heat,87,1,0.6341463414634146,2.75,104.5,101.0,3.5,89.7,0.6097560975609756,1.3,102.5,100.9,1.6,89.2,0.024390243902439046,1.45,2.0,0.09999999999999432,1.9,0.5
1999-00,2000,2000-05-19,Miami Heat,70,New York Knicks,72,1,0.6097560975609756,1.3,102.5,100.9,1.6,89.2,0.6341463414634146,2.75,104.5,101.0,3.5,89.7,-0.024390243902439046,-1.45,-2.0,-0.09999999999999432,-1.9,-0.5
1999-00,2000,2000-05-19,Indiana Pacers,106,Philadelphia 76ers,90,0,0.5975609756097561,1.02,101.5,100.0,1.5,92.7,0.6829268292682927,4.15,108.5,103.6,4.9,93.1,-0.08536585365853666,-3.1300000000000003,-7.0,-3.5999999999999943,-3.4000000000000004,-0.3999999999999915
1999-00,2000,2000-05-20,Portland Trail Blazers,94,Los Angeles Lakers,109,1,0.8170731707317073,8.41,107.3,98.2,9.1,93.3,0.7195121951219512,6.36,107.9,100.8,7.1,89.9,0.09756097560975607,2.05,-0.6000000000000085,-2.5999999999999943,2.0,3.3999999999999915
1999-00,2000,2000-05-21,New York Knicks,83,Miami Heat,82,0,0.6341463414634146,2.75,104.5,101.0,3.5,89.7,0.6097560975609756,1.3,102.5,100.9,1.6,89.2,0.024390243902439046,1.45,2.0,0.09999999999999432,1.9,0.5
1999-00,2000,2000-05-22,Portland Trail Blazers,106,Los Angeles Lakers,77,0,0.8170731707317073,8.41,107.3,98.2,9.1,93.3,0.7195121951219512,6.36,107.9,100.8,7.1,89.9,0.09756097560975607,2.05,-0.6000000000000085,-2.5999999999999943,2.0,3.3999999999999915
1999-00,2000,2000-05-23,New York Knicks,88,Indiana Pacers,102,1,0.6829268292682927,4.15,108.5,103.6,4.9,93.1,0.6097560975609756,1.3,102.5,100.9,1.6,89.2,0.07317073170731714,2.8500000000000005,6.0,2.6999999999999886,3.3000000000000003,3.8999999999999915
1999-00,2000,2000-05-25,New York Knicks,84,Indiana Pacers,88,1,0.6829268292682927,4.15,108.5,103.6,4.9,93.1,0.6097560975609756,1.3,102.5,100.9,1.6,89.2,0.07317073170731714,2.8500000000000005,6.0,2.6999999999999886,3.3000000000000003,3.8999999999999915
1999-00,2000,2000-05-26,Los Angeles Lakers,93,Portland Trail Blazers,91,0,0.7195121951219512,6.36,107.9,100.8,7.1,89.9,0.8170731707317073,8.41,107.3,98.2,9.1,93.3,-0.09756097560975607,-2.05,0.6000000000000085,2.5999999999999943,-2.0,-3.3999999999999915
1999-00,2000,2000-05-27,Indiana Pacers,95,New York Knicks,98,1,0.6097560975609756,1.3,102.5,100.9,1.6,89.2,0.6829268292682927,4.15,108.5,103.6,4.9,93.1,-0.07317073170731714,-2.8500000000000005,-6.0,-2.6999999999999886,-3.3000000000000003,-3.8999999999999915
1999-00,2000,2000-05-28,Los Angeles Lakers,103,Portland Trail Blazers,91,0,0.7195121951219512,6.36,107.9,100.8,7.1,89.9,0.8170731707317073,8.41,107.3,98.2,9.1,93.3,-0.09756097560975607,-2.05,0.6000000000000085,2.5999999999999943,-2.0,-3.3999999999999915
1999-00,2000,2000-05-29,Indiana Pacers,89,New York Knicks,91,1,0.6097560975609756,1.3,102.5,100.9,1.6,89.2,0.6829268292682927,4.15,108.5,103.6,4.9,93.1,-0.07317073170731714,-2.8500000000000005,-6.0,-2.6999999999999886,-3.3000000000000003,-3.8999999999999915
1999-00,2000,2000-05-30,Portland Trail Blazers,96,Los Angeles Lakers,88,0,0.8170731707317073,8.41,107.3,98.2,9.1,93.3,0.7195121951219512,6.36,107.9,100.8,7.1,89.9,0.09756097560975607,2.05,-0.6000000000000085,-2.5999999999999943,2.0,3.3999999999999915
1999-00,2000,2000-05-31,New York Knicks,79,Indiana Pacers,88,1,0.6829268292682927,4.15,108.5,103.6,4.9,93.1,0.6097560975609756,1.3,102.5,100.9,1.6,89.2,0.07317073170731714,2.8500000000000005,6.0,2.6999999999999886,3.3000000000000003,3.8999999999999915
1999-00,2000,2000-06-02,Indiana Pacers,93,New York Knicks,80,0,0.6097560975609756,1.3,102.5,100.9,1.6,89.2,0.6829268292682927,4.15,108.5,103.6,4.9,93.1,-0.07317073170731714,-2.8500000000000005,-6.0,-2.6999999999999886,-3.3000000000000003,-3.8999999999999915
1999-00,2000,2000-06-02,Los Angeles Lakers,93,Portland Trail Blazers,103,1,0.7195121951219512,6.36,107.9,100.8,7.1,89.9,0.8170731707317073,8.41,107.3,98.2,9.1,93.3,-0.09756097560975607,-2.05,0.6000000000000085,2.5999999999999943,-2.0,-3.3999999999999915
1999-00,2000,2000-06-04,Portland Trail Blazers,84,Los Angeles Lakers,89,1,0.8170731707317073,8.41,107.3,98.2,9.1,93.3,0.7195121951219512,6.36,107.9,100.8,7.1,89.9,0.09756097560975607,2.05,-0.6000000000000085,-2.5999999999999943,2.0,3.3999999999999915
1999-00,2000,2000-06-07,Indiana Pacers,87,Los Angeles Lakers,104,1,0.8170731707317073,8.41,107.3,98.2,9.1,93.3,0.6829268292682927,4.15,108.5,103.6,4.9,93.1,0.13414634146341453,4.26,-1.2000000000000028,-5.3999999999999915,4.199999999999999,0.20000000000000284
1999-00,2000,2000-06-09,Indiana Pacers,104,Los Angeles Lakers,111,1,0.8170731707317073,8.41,107.3,98.2,9.1,93.3,0.6829268292682927,4.15,108.5,103.6,4.9,93.1,0.13414634146341453,4.26,-1.2000000000000028,-5.3999999999999915,4.199999999999999,0.20000000000000284
1999-00,2000,2000-06-11,Los Angeles Lakers,91,Indiana Pacers,100,1,0.6829268292682927,4.15,108.5,103.6,4.9,93.1,0.8170731707317073,8.41,107.3,98.2,9.1,93.3,-0.13414634146341453,-4.26,1.2000000000000028,5.3999999999999915,-4.199999999999999,-0.20000000000000284
1999-00,2000,2000-06-14,Los Angeles Lakers,120,Indiana Pacers,118,0,0.6829268292682927,4.15,108.5,103.6,4.9,93.1,0.8170731707317073,8.41,107.3,98.2,9.1,93.3,-0.13414634146341453,-4.26,1.2000000000000028,5.3999999999999915,-4.199999999999999,-0.20000000000000284
1999-00,2000,2000-06-16,Los Angeles Lakers,87,Indiana Pacers,120,1,0.6829268292682927,4.15,108.5,103.6,4.9,93.1,0.8170731707317073,8.41,107.3,98.2,9.1,93.3,-0.13414634146341453,-4.26,1.2000000000000028,5.3999999999999915,-4.199999999999999,-0.20000000000000284
1999-00,2000,2000-06-19,Indiana Pacers,111,Los Angeles Lakers,116,1,0.8170731707317073,8.41,107.3,98.2,9.1,93.3,0.6829268292682927,4.15,108.5,103.6,4.9,93.1,0.13414634146341453,4.26,-1.2000000000000028,-5.3999999999999915,4.199999999999999,0.20000000000000284
2000-01,2001,2001-04-21,Indiana Pacers,79,Philadelphia 76ers,78,0,0.6829268292682927,3.64,103.6,98.9,4.7,90.6,0.5,-0.77,102.0,102.2,-0.2,89.4,0.18292682926829273,4.41,1.5999999999999943,-3.299999999999997,4.9,1.1999999999999886
2000-01,2001,2001-04-21,Dallas Mavericks,86,Utah Jazz,88,1,0.6463414634146342,5.0,107.6,102.4,5.2,89.8,0.6463414634146342,4.61,107.1,102.6,4.5,93.2,0.0,0.3899999999999997,0.5,-0.19999999999998863,0.7000000000000002,-3.4000000000000057
2000-01,2001,2001-04-21,Minnesota Timberwolves,82,San Antonio Spurs,87,1,0.7073170731707317,7.92,106.6,98.0,8.6,89.6,0.573170731707317,1.81,105.2,103.7,1.5,91.8,0.13414634146341464,6.109999999999999,1.3999999999999915,-5.700000000000003,7.1,-2.200000000000003
2000-01,2001,2001-04-21,Charlotte Hornets,106,Miami Heat,80,0,0.6097560975609756,1.73,101.1,98.5,2.6,87.1,0.5609756097560976,1.45,101.8,99.5,2.3,89.4,0.04878048780487798,0.28,-0.7000000000000028,-1.0,0.30000000000000027,-2.3000000000000114
2000-01,2001,2001-04-22,Toronto Raptors,85,New York Knicks,92,1,0.5853658536585366,1.98,101.2,98.2,3.0,86.7,0.573170731707317,1.69,105.9,103.4,2.5,90.9,0.012195121951219523,0.29000000000000004,-4.700000000000003,-5.200000000000003,0.5,-4.200000000000003
2000-01,2001,2001-04-22,Phoenix Suns,86,Sacramento Kings,83,0,0.6707317073170732,6.07,105.6,99.6,6.0,94.4,0.6219512195121951,2.63,100.3,98.0,2.3,93.1,0.04878048780487809,3.4400000000000004,5.299999999999997,1.5999999999999943,3.7,1.3000000000000114
2000-01,2001,2001-04-22,Portland Trail Blazers,93,Los Angeles Lakers,106,1,0.6829268292682927,3.74,108.4,104.8,3.6,91.7,0.6097560975609756,4.52,106.5,101.8,4.7,89.1,0.07317073170731714,-0.7799999999999994,1.9000000000000057,3.0,-1.1,2.6000000000000085
2000-01,2001,2001-04-22,Orlando Magic,90,Milwaukee Bucks,103,1,0.6341463414634146,3.14,108.8,104.6,4.2,92.1,0.524390243902439,0.39,103.2,102.1,1.1,93.2,0.1097560975609756,2.75,5.599999999999994,2.5,3.1,-1.1000000000000085
2000-01,2001,2001-04-23,Charlotte Hornets,102,Miami Heat,76,0,0.6097560975609756,1.73,101.1,98.5,2.6,87.1,0.5609756097560976,1.45,101.8,99.5,2.3,89.4,0.04878048780487798,0.28,-0.7000000000000028,-1.0,0.30000000000000027,-2.3000000000000114
2000-01,2001,2001-04-23,Minnesota Timberwolves,69,San Antonio Spurs,86,1,0.7073170731707317,7.92,106.6,98.0,8.6,89.6,0.573170731707317,1.81,105.2,103.7,1.5,91.8,0.13414634146341464,6.109999999999999,1.3999999999999915,-5.700000000000003,7.1,-2.200000000000003
2000-01,2001,2001-04-24,Indiana Pacers,98,Philadelphia 76ers,116,1,0.6829268292682927,3.64,103.6,98.9,4.7,90.6,0.5,-0.77,102.0,102.2,-0.2,89.4,0.18292682926829273,4.41,1.5999999999999943,-3.299999999999997,4.9,1.1999999999999886
2000-01,2001,2001-04-24,Dallas Mavericks,98,Utah Jazz,109,1,0.6463414634146342,5.0,107.6,102.4,5.2,89.8,0.6463414634146342,4.61,107.1,102.6,4.5,93.2,0.0,0.3899999999999997,0.5,-0.19999999999998863,0.7000000000000002,-3.4000000000000057
2000-01,2001,2001-04-25,Orlando Magic,96,Milwaukee Bucks,103,1,0.6341463414634146,3.14,108.8,104.6,4.2,92.1,0.524390243902439,0.39,103.2,102.1,1.1,93.2,0.1097560975609756,2.75,5.599999999999994,2.5,3.1,-1.1000000000000085
2000-01,2001,2001-04-25,Phoenix Suns,90,Sacramento Kings,116,1,0.6707317073170732,6.07,105.6,99.6,6.0,94.4,0.6219512195121951,2.63,100.3,98.0,2.3,93.1,0.04878048780487809,3.4400000000000004,5.299999999999997,1.5999999999999943,3.7,1.3000000000000114
2000-01,2001,2001-04-26,Toronto Raptors,94,New York Knicks,74,0,0.5853658536585366,1.98,101.2,98.2,3.0,86.7,0.573170731707317,1.69,105.9,103.4,2.5,90.9,0.012195121951219523,0.29000000000000004,-4.700000000000003,-5.200000000000003,0.5,-4.200000000000003
2000-01,2001,2001-04-26,Portland Trail Blazers,88,Los Angeles Lakers,106,1,0.6829268292682927,3.74,108.4,104.8,3.6,91.7,0.6097560975609756,4.52,106.5,101.8,4.7,89.1,0.07317073170731714,-0.7799999999999994,1.9000000000000057,3.0,-1.1,2.6000000000000085
2000-01,2001,2001-04-27,Miami Heat,79,Charlotte Hornets,94,1,0.5609756097560976,1.45,101.8,99.5,2.3,89.4,0.6097560975609756,1.73,101.1,98.5,2.6,87.1,-0.04878048780487798,-0.28,0.7000000000000028,1.0,-0.30000000000000027,2.3000000000000114
2000-01,2001,2001-04-28,Philadelphia 76ers,92,Indiana Pacers,87,0,0.5,-0.77,102.0,102.2,-0.2,89.4,0.6829268292682927,3.64,103.6,98.9,4.7,90.6,-0.18292682926829273,-4.41,-1.5999999999999943,3.299999999999997,-4.9,-1.1999999999999886
2000-01,2001,2001-04-28,Utah Jazz,91,Dallas Mavericks,94,1,0.6463414634146342,4.61,107.1,102.6,4.5,93.2,0.6463414634146342,5.0,107.6,102.4,5.2,89.8,0.0,-0.3899999999999997,-0.5,0.19999999999998863,-0.7000000000000002,3.4000000000000057
2000-01,2001,2001-04-28,San Antonio Spurs,84,Minnesota Timberwolves,93,1,0.573170731707317,1.81,105.2,103.7,1.5,91.8,0.7073170731707317,7.92,106.6,98.0,8.6,89.6,-0.13414634146341464,-6.109999999999999,-1.3999999999999915,5.700000000000003,-7.1,2.200000000000003
2000-01,2001,2001-04-28,Milwaukee Bucks,116,Orlando Magic,121,1,0.524390243902439,0.39,103.2,102.1,1.1,93.2,0.6341463414634146,3.14,108.8,104.6,4.2,92.1,-0.1097560975609756,-2.75,-5.599999999999994,-2.5,-3.1,1.1000000000000085
2000-01,2001,2001-04-29,New York Knicks,97,Toronto Raptors,89,0,0.573170731707317,1.69,105.9,103.4,2.5,90.9,0.5853658536585366,1.98,101.2,98.2,3.0,86.7,-0.012195121951219523,-0.29000000000000004,4.700000000000003,5.200000000000003,-0.5,4.200000000000003
2000-01,2001,2001-04-29,Sacramento Kings,104,Phoenix Suns,96,0,0.6219512195121951,2.63,100.3,98.0,2.3,93.1,0.6707317073170732,6.07,105.6,99.6,6.0,94.4,-0.04878048780487809,-3.4400000000000004,-5.299999999999997,-1.5999999999999943,-3.7,-1.3000000000000114
2000-01,2001,2001-04-29,Los Angeles Lakers,99,Portland Trail Blazers,86,0,0.6097560975609756,4.52,106.5,101.8,4.7,89.1,0.6829268292682927,3.74,108.4,104.8,3.6,91.7,-0.07317073170731714,0.7799999999999994,-1.9000000000000057,-3.0,1.1,-2.6000000000000085
2000-01,2001,2001-04-30,San Antonio Spurs,97,Minnesota Timberwolves,84,0,0.573170731707317,1.81,105.2,103.7,1.5,91.8,0.7073170731707317,7.92,106.6,98.0,8.6,89.6,-0.13414634146341464,-6.109999999999999,-1.3999999999999915,5.700000000000003,-7.1,2.200000000000003
2000-01,2001,2001-05-01,Milwaukee Bucks,112,Orlando Magic,104,0,0.524390243902439,0.39,103.2,102.1,1.1,93.2,0.6341463414634146,3.14,108.8,104.6,4.2,92.1,-0.1097560975609756,-2.75,-5.599999999999994,-2.5,-3.1,1.1000000000000085
2000-01,2001,2001-05-01,Utah Jazz,77,Dallas Mavericks,107,1,0.6463414634146342,4.61,107.1,102.6,4.5,93.2,0.6463414634146342,5.0,107.6,102.4,5.2,89.8,0.0,-0.3899999999999997,-0.5,0.19999999999998863,-0.7000000000000002,3.4000000000000057
2000-01,2001,2001-05-02,New York Knicks,93,Toronto Raptors,100,1,0.573170731707317,1.69,105.9,103.4,2.5,90.9,0.5853658536585366,1.98,101.2,98.2,3.0,86.7,-0.012195121951219523,-0.29000000000000004,4.700000000000003,5.200000000000003,-0.5,4.200000000000003
2000-01,2001,2001-05-02,Philadelphia 76ers,88,Indiana Pacers,85,0,0.5,-0.77,102.0,102.2,-0.2,89.4,0.6829268292682927,3.64,103.6,98.9,4.7,90.6,-0.18292682926829273,-4.41,-1.5999999999999943,3.299999999999997,-4.9,-1.1999999999999886
2000-01,2001,2001-05-02,Sacramento Kings,89,Phoenix Suns,82,0,0.6219512195121951,2.63,100.3,98.0,2.3,93.1,0.6707317073170732,6.07,105.6,99.6,6.0,94.4,-0.04878048780487809,-3.4400000000000004,-5.299999999999997,-1.5999999999999943,-3.7,-1.3000000000000114
2000-01,2001,2001-05-03,Dallas Mavericks,84,Utah Jazz,83,0,0.6463414634146342,5.0,107.6,102.4,5.2,89.8,0.6463414634146342,4.61,107.1,102.6,4.5,93.2,0.0,0.3899999999999997,0.5,-0.19999999999998863,0.7000000000000002,-3.4000000000000057
2000-01,2001,2001-05-04,Toronto Raptors,93,New York Knicks,89,0,0.5853658536585366,1.98,101.2,98.2,3.0,86.7,0.573170731707317,1.69,105.9,103.4,2.5,90.9,0.012195121951219523,0.29000000000000004,-4.700000000000003,-5.200000000000003,0.5,-4.200000000000003
2000-01,2001,2001-05-05,Dallas Mavericks,78,San Antonio Spurs,94,1,0.7073170731707317,7.92,106.6,98.0,8.6,89.6,0.6463414634146342,4.61,107.1,102.6,4.5,93.2,0.060975609756097504,3.3099999999999996,-0.5,-4.599999999999994,4.1,-3.6000000000000085
2000-01,2001,2001-05-06,Charlotte Hornets,92,Milwaukee Bucks,104,1,0.6341463414634146,3.14,108.8,104.6,4.2,92.1,0.5609756097560976,1.45,101.8,99.5,2.3,89.4,0.07317073170731703,1.6900000000000002,7.0,5.099999999999994,1.9000000000000004,2.6999999999999886
2000-01,2001,2001-05-06,Sacramento Kings,105,Los Angeles Lakers,108,1,0.6829268292682927,3.74,108.4,104.8,3.6,91.7,0.6707317073170732,6.07,105.6,99.6,6.0,94.4,0.012195121951219523,-2.33,2.8000000000000114,5.200000000000003,-2.4,-2.700000000000003
2000-01,2001,2001-05-06,Toronto Raptors,96,Philadelphia 76ers,93,0,0.6829268292682927,3.64,103.6,98.9,4.7,90.6,0.573170731707317,1.69,105.9,103.4,2.5,90.9,0.10975609756097571,1.9500000000000002,-2.3000000000000114,-4.5,2.2,-0.30000000000001137
2000-01,2001,2001-05-07,Dallas Mavericks,86,San Antonio Spurs,100,1,0.7073170731707317,7.92,106.6,98.0,8.6,89.6,0.6463414634146342,4.61,107.1,102.6,4.5,93.2,0.060975609756097504,3.3099999999999996,-0.5,-4.599999999999994,4.1,-3.6000000000000085
2000-01,2001,2001-05-08,Charlotte Hornets,90,Milwaukee Bucks,91,1,0.6341463414634146,3.14,108.8,104.6,4.2,92.1,0.5609756097560976,1.45,101.8,99.5,2.3,89.4,0.07317073170731703,1.6900000000000002,7.0,5.099999999999994,1.9000000000000004,2.6999999999999886
2000-01,2001,2001-05-08,Sacramento Kings,90,Los Angeles Lakers,96,1,0.6829268292682927,3.74,108.4,104.8,3.6,91.7,0.6707317073170732,6.07,105.6,99.6,6.0,94.4,0.012195121951219523,-2.33,2.8000000000000114,5.200000000000003,-2.4,-2.700000000000003
2000-01,2001,2001-05-09,Toronto Raptors,92,Philadelphia 76ers,97,1,0.6829268292682927,3.64,103.6,98.9,4.7,90.6,0.573170731707317,1.69,105.9,103.4,2.5,90.9,0.10975609756097571,1.9500000000000002,-2.3000000000000114,-4.5,2.2,-0.30000000000001137
2000-01,2001,2001-05-09,San Antonio Spurs,104,Dallas Mavericks,90,0,0.6463414634146342,4.61,107.1,102.6,4.5,93.2,0.7073170731707317,7.92,106.6,98.0,8.6,89.6,-0.060975609756097504,-3.3099999999999996,0.5,4.599999999999994,-4.1,3.6000000000000085
2000-01,2001,2001-05-10,Milwaukee Bucks,92,Charlotte Hornets,102,1,0.5609756097560976,1.45,101.8,99.5,2.3,89.4,0.6341463414634146,3.14,108.8,104.6,4.2,92.1,-0.07317073170731703,-1.6900000000000002,-7.0,-5.099999999999994,-1.9000000000000004,-2.6999999999999886
2000-01,2001,2001-05-11,Philadelphia 76ers,78,Toronto Raptors,102,1,0.573170731707317,1.69,105.9,103.4,2.5,90.9,0.6829268292682927,3.64,103.6,98.9,4.7,90.6,-0.10975609756097571,-1.9500000000000002,2.3000000000000114,4.5,-2.2,0.30000000000001137
2000-01,2001,2001-05-11,Los Angeles Lakers,103,Sacramento Kings,81,0,0.6707317073170732,6.07,105.6,99.6,6.0,94.4,0.6829268292682927,3.74,108.4,104.8,3.6,91.7,-0.012195121951219523,2.33,-2.8000000000000114,-5.200000000000003,2.4,2.700000000000003
2000-01,2001,2001-05-12,San Antonio Spurs,108,Dallas Mavericks,112,1,0.6463414634146342,4.61,107.1,102.6,4.5,93.2,0.7073170731707317,7.92,106.6,98.0,8.6,89.6,-0.060975609756097504,-3.3099999999999996,0.5,4.599999999999994,-4.1,3.6000000000000085
2000-01,2001,2001-05-13,Milwaukee Bucks,78,Charlotte Hornets,85,1,0.5609756097560976,1.45,101.8,99.5,2.3,89.4,0.6341463414634146,3.14,108.8,104.6,4.2,92.1,-0.07317073170731703,-1.6900000000000002,-7.0,-5.099999999999994,-1.9000000000000004,-2.6999999999999886
2000-01,2001,2001-05-13,Philadelphia 76ers,84,Toronto Raptors,79,0,0.573170731707317,1.69,105.9,103.4,2.5,90.9,0.6829268292682927,3.64,103.6,98.9,4.7,90.6,-0.10975609756097571,-1.9500000000000002,2.3000000000000114,4.5,-2.2,0.30000000000001137
2000-01,2001,2001-05-13,Los Angeles Lakers,119,Sacramento Kings,113,0,0.6707317073170732,6.07,105.6,99.6,6.0,94.4,0.6829268292682927,3.74,108.4,104.8,3.6,91.7,-0.012195121951219523,2.33,-2.8000000000000114,-5.200000000000003,2.4,2.700000000000003
2000-01,2001,2001-05-14,Dallas Mavericks,87,San Antonio Spurs,105,1,0.7073170731707317,7.92,106.6,98.0,8.6,89.6,0.6463414634146342,4.61,107.1,102.6,4.5,93.2,0.060975609756097504,3.3099999999999996,-0.5,-4.599999999999994,4.1,-3.6000000000000085
2000-01,2001,2001-05-15,Charlotte Hornets,94,Milwaukee Bucks,86,0,0.6341463414634146,3.14,108.8,104.6,4.2,92.1,0.5609756097560976,1.45,101.8,99.5,2.3,89.4,0.07317073170731703,1.6900000000000002,7.0,5.099999999999994,1.9000000000000004,2.6999999999999886
2000-01,2001,2001-05-16,Toronto Raptors,88,Philadelphia 76ers,121,1,0.6829268292682927,3.64,103.6,98.9,4.7,90.6,0.573170731707317,1.69,105.9,103.4,2.5,90.9,0.10975609756097571,1.9500000000000002,-2.3000000000000114,-4.5,2.2,-0.30000000000001137
2000-01,2001,2001-05-17,Milwaukee Bucks,104,Charlotte Hornets,97,0,0.5609756097560976,1.45,101.8,99.5,2.3,89.4,0.6341463414634146,3.14,108.8,104.6,4.2,92.1,-0.07317073170731703,-1.6900000000000002,-7.0,-5.099999999999994,-1.9000000000000004,-2.6999999999999886
2000-01,2001,2001-05-18,Philadelphia 76ers,89,Toronto Raptors,101,1,0.573170731707317,1.69,105.9,103.4,2.5,90.9,0.6829268292682927,3.64,103.6,98.9,4.7,90.6,-0.10975609756097571,-1.9500000000000002,2.3000000000000114,4.5,-2.2,0.30000000000001137
2000-01,2001,2001-05-19,Los Angeles Lakers,104,San Antonio Spurs,90,0,0.7073170731707317,7.92,106.6,98.0,8.6,89.6,0.6829268292682927,3.74,108.4,104.8,3.6,91.7,0.024390243902438935,4.18,-1.8000000000000114,-6.799999999999997,5.0,-2.1000000000000085
2000-01,2001,2001-05-20,Charlotte Hornets,95,Milwaukee Bucks,104,1,0.6341463414634146,3.14,108.8,104.6,4.2,92.1,0.5609756097560976,1.45,101.8,99.5,2.3,89.4,0.07317073170731703,1.6900000000000002,7.0,5.099999999999994,1.9000000000000004,2.6999999999999886
2000-01,2001,2001-05-20,Toronto Raptors,87,Philadelphia 76ers,88,1,0.6829268292682927,3.64,103.6,98.9,4.7,90.6,0.573170731707317,1.69,105.9,103.4,2.5,90.9,0.10975609756097571,1.9500000000000002,-2.3000000000000114,-4.5,2.2,-0.30000000000001137
2000-01,2001,2001-05-21,Los Angeles Lakers,88,San Antonio Spurs,81,0,0.7073170731707317,7.92,106.6,98.0,8.6,89.6,0.6829268292682927,3.74,108.4,104.8,3.6,91.7,0.024390243902438935,4.18,-1.8000000000000114,-6.799999999999997,5.0,-2.1000000000000085
2000-01,2001,2001-05-22,Milwaukee Bucks,85,Philadelphia 76ers,93,1,0.6829268292682927,3.64,103.6,98.9,4.7,90.6,0.6341463414634146,3.14,108.8,104.6,4.2,92.1,0.04878048780487809,0.5,-5.200000000000003,-5.699999999999989,0.5,-1.5
2000-01,2001,2001-05-24,Milwaukee Bucks,92,Philadelphia 76ers,78,0,0.6829268292682927,3.64,103.6,98.9,4.7,90.6,0.6341463414634146,3.14,108.8,104.6,4.2,92.1,0.04878048780487809,0.5,-5.200000000000003,-5.699999999999989,0.5,-1.5
2000-01,2001,2001-05-25,San Antonio Spurs,72,Los Angeles Lakers,111,1,0.6829268292682927,3.74,108.4,104.8,3.6,91.7,0.7073170731707317,7.92,106.6,98.0,8.6,89.6,-0.024390243902438935,-4.18,1.8000000000000114,6.799999999999997,-5.0,2.1000000000000085
2000-01,2001,2001-05-26,Philadelphia 76ers,74,Milwaukee Bucks,80,1,0.6341463414634146,3.14,108.8,104.6,4.2,92.1,0.6829268292682927,3.64,103.6,98.9,4.7,90.6,-0.04878048780487809,-0.5,5.200000000000003,5.699999999999989,-0.5,1.5
2000-01,2001,2001-05-27,San Antonio Spurs,82,Los Angeles Lakers,111,1,0.6829268292682927,3.74,108.4,104.8,3.6,91.7,0.7073170731707317,7.92,106.6,98.0,8.6,89.6,-0.024390243902438935,-4.18,1.8000000000000114,6.799999999999997,-5.0,2.1000000000000085
2000-01,2001,2001-05-28,Philadelphia 76ers,89,Milwaukee Bucks,83,0,0.6341463414634146,3.14,108.8,104.6,4.2,92.1,0.6829268292682927,3.64,103.6,98.9,4.7,90.6,-0.04878048780487809,-0.5,5.200000000000003,5.699999999999989,-0.5,1.5
2000-01,2001,2001-05-30,Milwaukee Bucks,88,Philadelphia 76ers,89,1,0.6829268292682927,3.64,103.6,98.9,4.7,90.6,0.6341463414634146,3.14,108.8,104.6,4.2,92.1,0.04878048780487809,0.5,-5.200000000000003,-5.699999999999989,0.5,-1.5
2000-01,2001,2001-06-01,Philadelphia 76ers,100,Milwaukee Bucks,110,1,0.6341463414634146,3.14,108.8,104.6,4.2,92.1,0.6829268292682927,3.64,103.6,98.9,4.7,90.6,-0.04878048780487809,-0.5,5.200000000000003,5.699999999999989,-0.5,1.5
2000-01,2001,2001-06-03,Milwaukee Bucks,91,Philadelphia 76ers,108,1,0.6829268292682927,3.64,103.6,98.9,4.7,90.6,0.6341463414634146,3.14,108.8,104.6,4.2,92.1,0.04878048780487809,0.5,-5.200000000000003,-5.699999999999989,0.5,-1.5
2000-01,2001,2001-06-06,Philadelphia 76ers,107,Los Angeles Lakers,101,0,0.6829268292682927,3.74,108.4,104.8,3.6,91.7,0.6829268292682927,3.64,103.6,98.9,4.7,90.6,0.0,0.10000000000000009,4.800000000000011,5.8999999999999915,-1.1,1.1000000000000085
2000-01,2001,2001-06-08,Philadelphia 76ers,89,Los Angeles Lakers,98,1,0.6829268292682927,3.74,108.4,104.8,3.6,91.7,0.6829268292682927,3.64,103.6,98.9,4.7,90.6,0.0,0.10000000000000009,4.800000000000011,5.8999999999999915,-1.1,1.1000000000000085
2000-01,2001,2001-06-10,Los Angeles Lakers,96,Philadelphia 76ers,91,0,0.6829268292682927,3.64,103.6,98.9,4.7,90.6,0.6829268292682927,3.74,108.4,104.8,3.6,91.7,0.0,-0.10000000000000009,-4.800000000000011,-5.8999999999999915,1.1,-1.1000000000000085
2000-01,2001,2001-06-13,Los Angeles Lakers,100,Philadelphia 76ers,86,0,0.6829268292682927,3.64,103.6,98.9,4.7,90.6,0.6829268292682927,3.74,108.4,104.8,3.6,91.7,0.0,-0.10000000000000009,-4.800000000000011,-5.8999999999999915,1.1,-1.1000000000000085
2000-01,2001,2001-06-15,Los Angeles Lakers,108,Philadelphia 76ers,96,0,0.6829268292682927,3.64,103.6,98.9,4.7,90.6,0.6829268292682927,3.74,108.4,104.8,3.6,91.7,0.0,-0.10000000000000009,-4.800000000000011,-5.8999999999999915,1.1,-1.1000000000000085
2001-02,2002,2002-04-20,Indiana Pacers,89,New Jersey Nets,83,0,0.6341463414634146,3.67,104.0,99.5,4.5,91.8,0.5121951219512195,-0.07,104.1,103.8,0.3,91.9,0.12195121951219512,3.7399999999999998,-0.09999999999999432,-4.299999999999997,4.2,-0.10000000000000853
2001-02,2002,2002-04-20,Utah Jazz,86,Sacramento Kings,89,1,0.7439024390243902,7.61,109.0,101.1,7.9,95.6,0.5365853658536586,1.21,105.6,104.6,1.0,90.3,0.20731707317073167,6.4,3.4000000000000057,-3.5,6.9,5.299999999999997
2001-02,2002,2002-04-20,Seattle SuperSonics,89,San Antonio Spurs,110,1,0.7073170731707317,6.28,106.5,99.7,6.8,90.0,0.5487804878048781,3.24,108.9,105.6,3.3,89.0,0.15853658536585358,3.04,-2.4000000000000057,-5.8999999999999915,3.5,1.0
2001-02,2002,2002-04-20,Orlando Magic,79,Charlotte Hornets,80,1,0.5365853658536586,0.57,104.3,103.3,1.0,89.7,0.5365853658536586,1.25,107.0,105.3,1.7,93.2,0.0,-0.68,-2.700000000000003,-2.0,-0.7,-3.5
2001-02,2002,2002-04-21,Philadelphia 76ers,82,Boston Celtics,92,1,0.5975609756097561,1.75,103.4,101.0,2.4,92.5,0.524390243902439,1.27,102.1,100.3,1.8,88.9,0.07317073170731703,0.48,1.3000000000000114,0.7000000000000028,0.5999999999999999,3.5999999999999943
2001-02,2002,2002-04-21,Minnesota Timberwolves,94,Dallas Mavericks,101,1,0.6951219512195121,4.41,112.2,107.7,4.5,92.8,0.6097560975609756,3.58,109.0,105.3,3.7,90.5,0.08536585365853655,0.8300000000000001,3.200000000000003,2.4000000000000057,0.7999999999999998,2.299999999999997
2001-02,2002,2002-04-21,Portland Trail Blazers,87,Los Angeles Lakers,95,1,0.7073170731707317,7.15,109.4,101.7,7.7,92.1,0.5975609756097561,3.21,107.4,104.0,3.4,89.3,0.1097560975609756,3.9400000000000004,2.0,-2.299999999999997,4.300000000000001,2.799999999999997
2001-02,2002,2002-04-21,Toronto Raptors,63,Detroit Pistons,85,1,0.6097560975609756,1.69,104.8,102.4,2.4,90.0,0.5121951219512195,-0.71,102.6,103.1,-0.5,88.8,0.09756097560975607,2.4,2.200000000000003,-0.6999999999999886,2.9,1.2000000000000028
2001-02,2002,2002-04-22,Indiana Pacers,79,New Jersey Nets,95,1,0.6341463414634146,3.67,104.0,99.5,4.5,91.8,0.5121951219512195,-0.07,104.1,103.8,0.3,91.9,0.12195121951219512,3.7399999999999998,-0.09999999999999432,-4.299999999999997,4.2,-0.10000000000000853
2001-02,2002,2002-04-22,Seattle SuperSonics,98,San Antonio Spurs,90,0,0.7073170731707317,6.28,106.5,99.7,6.8,90.0,0.5487804878048781,3.24,108.9,105.6,3.3,89.0,0.15853658536585358,3.04,-2.4000000000000057,-5.8999999999999915,3.5,1.0
2001-02,2002,2002-04-23,Orlando Magic,111,Charlotte Hornets,103,0,0.5365853658536586,0.57,104.3,103.3,1.0,89.7,0.5365853658536586,1.25,107.0,105.3,1.7,93.2,0.0,-0.68,-2.700000000000003,-2.0,-0.7,-3.5
2001-02,2002,2002-04-23,Utah Jazz,93,Sacramento Kings,86,0,0.7439024390243902,7.61,109.0,101.1,7.9,95.6,0.5365853658536586,1.21,105.6,104.6,1.0,90.3,0.20731707317073167,6.4,3.4000000000000057,-3.5,6.9,5.299999999999997
2001-02,2002,2002-04-24,Toronto Raptors,91,Detroit Pistons,96,1,0.6097560975609756,1.69,104.8,102.4,2.4,90.0,0.5121951219512195,-0.71,102.6,103.1,-0.5,88.8,0.09756097560975607,2.4,2.200000000000003,-0.6999999999999886,2.9,1.2000000000000028
2001-02,2002,2002-04-24,Minnesota Timberwolves,110,Dallas Mavericks,122,1,0.6951219512195121,4.41,112.2,107.7,4.5,92.8,0.6097560975609756,3.58,109.0,105.3,3.7,90.5,0.08536585365853655,0.8300000000000001,3.200000000000003,2.4000000000000057,0.7999999999999998,2.299999999999997
2001-02,2002,2002-04-25,Philadelphia 76ers,85,Boston Celtics,93,1,0.5975609756097561,1.75,103.4,101.0,2.4,92.5,0.524390243902439,1.27,102.1,100.3,1.8,88.9,0.07317073170731703,0.48,1.3000000000000114,0.7000000000000028,0.5999999999999999,3.5999999999999943
2001-02,2002,2002-04-25,Portland Trail Blazers,96,Los Angeles Lakers,103,1,0.7073170731707317,7.15,109.4,101.7,7.7,92.1,0.5975609756097561,3.21,107.4,104.0,3.4,89.3,0.1097560975609756,3.9400000000000004,2.0,-2.299999999999997,4.300000000000001,2.799999999999997
2001-02,2002,2002-04-26,New Jersey Nets,85,Indiana Pacers,84,0,0.5121951219512195,-0.07,104.1,103.8,0.3,91.9,0.6341463414634146,3.67,104.0,99.5,4.5,91.8,-0.12195121951219512,-3.7399999999999998,0.09999999999999432,4.299999999999997,-4.2,0.10000000000000853
2001-02,2002,2002-04-27,Charlotte Hornets,110,Orlando Magic,100,0,0.5365853658536586,1.25,107.0,105.3,1.7,93.2,0.5365853658536586,0.57,104.3,103.3,1.0,89.7,0.0,0.68,2.700000000000003,2.0,0.7,3.5
2001-02,2002,2002-04-27,Sacramento Kings,90,Utah Jazz,87,0,0.5365853658536586,1.21,105.6,104.6,1.0,90.3,0.7439024390243902,7.61,109.0,101.1,7.9,95.6,-0.20731707317073167,-6.4,-3.4000000000000057,3.5,-6.9,-5.299999999999997
2001-02,2002,2002-04-27,San Antonio Spurs,102,Seattle SuperSonics,75,0,0.5487804878048781,3.24,108.9,105.6,3.3,89.0,0.7073170731707317,6.28,106.5,99.7,6.8,90.0,-0.15853658536585358,-3.04,2.4000000000000057,5.8999999999999915,-3.5,-1.0
2001-02,2002,2002-04-27,Detroit Pistons,84,Toronto Raptors,94,1,0.5121951219512195,-0.71,102.6,103.1,-0.5,88.8,0.6097560975609756,1.69,104.8,102.4,2.4,90.0,-0.09756097560975607,-2.4,-2.200000000000003,0.6999999999999886,-2.9,-1.2000000000000028
2001-02,2002,2002-04-28,Boston Celtics,103,Philadelphia 76ers,108,1,0.524390243902439,1.27,102.1,100.3,1.8,88.9,0.5975609756097561,1.75,103.4,101.0,2.4,92.5,-0.07317073170731703,-0.48,-1.3000000000000114,-0.7000000000000028,-0.5999999999999999,-3.5999999999999943
2001-02,2002,2002-04-28,Dallas Mavericks,115,Minnesota Timberwolves,102,0,0.6097560975609756,3.58,109.0,105.3,3.7,90.5,0.6951219512195121,4.41,112.2,107.7,4.5,92.8,-0.08536585365853655,-0.8300000000000001,-3.200000000000003,-2.4000000000000057,-0.7999999999999998,-2.299999999999997
2001-02,2002,2002-04-28,Los Angeles Lakers,92,Portland Trail Blazers,91,0,0.5975609756097561,3.21,107.4,104.0,3.4,89.3,0.7073170731707317,7.15,109.4,101.7,7.7,92.1,-0.1097560975609756,-3.9400000000000004,-2.0,2.299999999999997,-4.300000000000001,-2.799999999999997
2001-02,2002,2002-04-29,Detroit Pistons,83,Toronto Raptors,89,1,0.5121951219512195,-0.71,102.6,103.1,-0.5,88.8,0.6097560975609756,1.69,104.8,102.4,2.4,90.0,-0.09756097560975607,-2.4,-2.200000000000003,0.6999999999999886,-2.9,-1.2000000000000028
2001-02,2002,2002-04-29,Sacramento Kings,91,Utah Jazz,86,0,0.5365853658536586,1.21,105.6,104.6,1.0,90.3,0.7439024390243902,7.61,109.0,101.1,7.9,95.6,-0.20731707317073167,-6.4,-3.4000000000000057,3.5,-6.9,-5.299999999999997
2001-02,2002,2002-04-30,Charlotte Hornets,102,Orlando Magic,85,0,0.5365853658536586,1.25,107.0,105.3,1.7,93.2,0.5365853658536586,0.57,104.3,103.3,1.0,89.7,0.0,0.68,2.700000000000003,2.0,0.7,3.5
2001-02,2002,2002-04-30,New Jersey Nets,74,Indiana Pacers,97,1,0.5121951219512195,-0.07,104.1,103.8,0.3,91.9,0.6341463414634146,3.67,104.0,99.5,4.5,91.8,-0.12195121951219512,-3.7399999999999998,0.09999999999999432,4.299999999999997,-4.2,0.10000000000000853
2001-02,2002,2002-05-01,Boston Celtics,81,Philadelphia 76ers,83,1,0.524390243902439,1.27,102.1,100.3,1.8,88.9,0.5975609756097561,1.75,103.4,101.0,2.4,92.5,-0.07317073170731703,-0.48,-1.3000000000000114,-0.7000000000000028,-0.5999999999999999,-3.5999999999999943
2001-02,2002,2002-05-01,San Antonio Spurs,79,Seattle SuperSonics,91,1,0.5487804878048781,3.24,108.9,105.6,3.3,89.0,0.7073170731707317,6.28,106.5,99.7,6.8,90.0,-0.15853658536585358,-3.04,2.4000000000000057,5.8999999999999915,-3.5,-1.0
2001-02,2002,2002-05-02,Indiana Pacers,109,New Jersey Nets,120,1,0.6341463414634146,3.67,104.0,99.5,4.5,91.8,0.5121951219512195,-0.07,104.1,103.8,0.3,91.9,0.12195121951219512,3.7399999999999998,-0.09999999999999432,-4.299999999999997,4.2,-0.10000000000000853
2001-02,2002,2002-05-02,Toronto Raptors,82,Detroit Pistons,85,1,0.6097560975609756,1.69,104.8,102.4,2.4,90.0,0.5121951219512195,-0.71,102.6,103.1,-0.5,88.8,0.09756097560975607,2.4,2.200000000000003,-0.6999999999999886,2.9,1.2000000000000028
2001-02,2002,2002-05-03,Philadelphia 76ers,87,Boston Celtics,120,1,0.5975609756097561,1.75,103.4,101.0,2.4,92.5,0.524390243902439,1.27,102.1,100.3,1.8,88.9,0.07317073170731703,0.48,1.3000000000000114,0.7000000000000028,0.5999999999999999,3.5999999999999943
2001-02,2002,2002-05-03,Seattle SuperSonics,78,San Antonio Spurs,101,1,0.7073170731707317,6.28,106.5,99.7,6.8,90.0,0.5487804878048781,3.24,108.9,105.6,3.3,89.0,0.15853658536585358,3.04,-2.4000000000000057,-5.8999999999999915,3.5,1.0
2001-02,2002,2002-05-04,Dallas Mavericks,91,Sacramento Kings,108,1,0.7439024390243902,7.61,109.0,101.1,7.9,95.6,0.6951219512195121,4.41,112.2,107.7,4.5,92.8,0.04878048780487809,3.2,-3.200000000000003,-6.6000000000000085,3.4000000000000004,2.799999999999997
2001-02,2002,2002-05-05,Charlotte Hornets,93,New Jersey Nets,99,1,0.6341463414634146,3.67,104.0,99.5,4.5,91.8,0.5365853658536586,0.57,104.3,103.3,1.0,89.7,0.09756097560975607,3.1,-0.29999999999999716,-3.799999999999997,3.5,2.0999999999999943
2001-02,2002,2002-05-05,Boston Celtics,84,Detroit Pistons,96,1,0.6097560975609756,1.69,104.8,102.4,2.4,90.0,0.5975609756097561,1.75,103.4,101.0,2.4,92.5,0.012195121951219523,-0.06000000000000005,1.3999999999999915,1.4000000000000057,0.0,-2.5
2001-02,2002,2002-05-05,San Antonio Spurs,80,Los Angeles Lakers,86,1,0.7073170731707317,7.15,109.4,101.7,7.7,92.1,0.7073170731707317,6.28,106.5,99.7,6.8,90.0,0.0,0.8700000000000001,2.9000000000000057,2.0,0.9000000000000004,2.0999999999999943
2001-02,2002,2002-05-06,Dallas Mavericks,110,Sacramento Kings,102,0,0.7439024390243902,7.61,109.0,101.1,7.9,95.6,0.6951219512195121,4.41,112.2,107.7,4.5,92.8,0.04878048780487809,3.2,-3.200000000000003,-6.6000000000000085,3.4000000000000004,2.799999999999997
2001-02,2002,2002-05-07,Charlotte Hornets,88,New Jersey Nets,102,1,0.6341463414634146,3.67,104.0,99.5,4.5,91.8,0.5365853658536586,0.57,104.3,103.3,1.0,89.7,0.09756097560975607,3.1,-0.29999999999999716,-3.799999999999997,3.5,2.0999999999999943
2001-02,2002,2002-05-07,San Antonio Spurs,88,Los Angeles Lakers,85,0,0.7073170731707317,7.15,109.4,101.7,7.7,92.1,0.7073170731707317,6.28,106.5,99.7,6.8,90.0,0.0,0.8700000000000001,2.9000000000000057,2.0,0.9000000000000004,2.0999999999999943
2001-02,2002,2002-05-08,Boston Celtics,85,Detroit Pistons,77,0,0.6097560975609756,1.69,104.8,102.4,2.4,90.0,0.5975609756097561,1.75,103.4,101.0,2.4,92.5,0.012195121951219523,-0.06000000000000005,1.3999999999999915,1.4000000000000057,0.0,-2.5
2001-02,2002,2002-05-09,New Jersey Nets,97,Charlotte Hornets,115,1,0.5365853658536586,0.57,104.3,103.3,1.0,89.7,0.6341463414634146,3.67,104.0,99.5,4.5,91.8,-0.09756097560975607,-3.1,0.29999999999999716,3.799999999999997,-3.5,-2.0999999999999943
2001-02,2002,2002-05-09,Sacramento Kings,125,Dallas Mavericks,119,0,0.6951219512195121,4.41,112.2,107.7,4.5,92.8,0.7439024390243902,7.61,109.0,101.1,7.9,95.6,-0.04878048780487809,-3.2,3.200000000000003,6.6000000000000085,-3.4000000000000004,-2.799999999999997
2001-02,2002,2002-05-10,Detroit Pistons,64,Boston Celtics,66,1,0.5975609756097561,1.75,103.4,101.0,2.4,92.5,0.6097560975609756,1.69,104.8,102.4,2.4,90.0,-0.012195121951219523,0.06000000000000005,-1.3999999999999915,-1.4000000000000057,0.0,2.5
2001-02,2002,2002-05-10,Los Angeles Lakers,99,San Antonio Spurs,89,0,0.7073170731707317,6.28,106.5,99.7,6.8,90.0,0.7073170731707317,7.15,109.4,101.7,7.7,92.1,0.0,-0.8700000000000001,-2.9000000000000057,-2.0,-0.9000000000000004,-2.0999999999999943
2001-02,2002,2002-05-11,Sacramento Kings,115,Dallas Mavericks,113,0,0.6951219512195121,4.41,112.2,107.7,4.5,92.8,0.7439024390243902,7.61,109.0,101.1,7.9,95.6,-0.04878048780487809,-3.2,3.200000000000003,6.6000000000000085,-3.4000000000000004,-2.799999999999997
2001-02,2002,2002-05-12,New Jersey Nets,89,Charlotte Hornets,79,0,0.5365853658536586,0.57,104.3,103.3,1.0,89.7,0.6341463414634146,3.67,104.0,99.5,4.5,91.8,-0.09756097560975607,-3.1,0.29999999999999716,3.799999999999997,-3.5,-2.0999999999999943
2001-02,2002,2002-05-12,Detroit Pistons,79,Boston Celtics,90,1,0.5975609756097561,1.75,103.4,101.0,2.4,92.5,0.6097560975609756,1.69,104.8,102.4,2.4,90.0,-0.012195121951219523,0.06000000000000005,-1.3999999999999915,-1.4000000000000057,0.0,2.5
2001-02,2002,2002-05-12,Los Angeles Lakers,87,San Antonio Spurs,85,0,0.7073170731707317,6.28,106.5,99.7,6.8,90.0,0.7073170731707317,7.15,109.4,101.7,7.7,92.1,0.0,-0.8700000000000001,-2.9000000000000057,-2.0,-0.9000000000000004,-2.0999999999999943
2001-02,2002,2002-05-13,Dallas Mavericks,101,Sacramento Kings,114,1,0.7439024390243902,7.61,109.0,101.1,7.9,95.6,0.6951219512195121,4.41,112.2,107.7,4.5,92.8,0.04878048780487809,3.2,-3.200000000000003,-6.6000000000000085,3.4000000000000004,2.799999999999997
2001-02,2002,2002-05-14,Boston Celtics,90,Detroit Pistons,81,0,0.6097560975609756,1.69,104.8,102.4,2.4,90.0,0.5975609756097561,1.75,103.4,101.0,2.4,92.5,0.012195121951219523,-0.06000000000000005,1.3999999999999915,1.4000000000000057,0.0,-2.5
2001-02,2002,2002-05-14,San Antonio Spurs,87,Los Angeles Lakers,93,1,0.7073170731707317,7.15,109.4,101.7,7.7,92.1,0.7073170731707317,6.28,106.5,99.7,6.8,90.0,0.0,0.8700000000000001,2.9000000000000057,2.0,0.9000000000000004,2.0999999999999943
2001-02,2002,2002-05-15,Charlotte Hornets,95,New Jersey Nets,103,1,0.6341463414634146,3.67,104.0,99.5,4.5,91.8,0.5365853658536586,0.57,104.3,103.3,1.0,89.7,0.09756097560975607,3.1,-0.29999999999999716,-3.799999999999997,3.5,2.0999999999999943
2001-02,2002,2002-05-18,Los Angeles Lakers,106,Sacramento Kings,99,0,0.7439024390243902,7.61,109.0,101.1,7.9,95.6,0.7073170731707317,7.15,109.4,101.7,7.7,92.1,0.03658536585365857,0.45999999999999996,-0.4000000000000057,-0.6000000000000085,0.20000000000000018,3.5
2001-02,2002,2002-05-19,Boston Celtics,97,New Jersey Nets,104,1,0.6341463414634146,3.67,104.0,99.5,4.5,91.8,0.5975609756097561,1.75,103.4,101.0,2.4,92.5,0.03658536585365857,1.92,0.5999999999999943,-1.5,2.1,-0.7000000000000028
2001-02,2002,2002-05-20,Los Angeles Lakers,90,Sacramento Kings,96,1,0.7439024390243902,7.61,109.0,101.1,7.9,95.6,0.7073170731707317,7.15,109.4,101.7,7.7,92.1,0.03658536585365857,0.45999999999999996,-0.4000000000000057,-0.6000000000000085,0.20000000000000018,3.5
2001-02,2002,2002-05-21,Boston Celtics,93,New Jersey Nets,86,0,0.6341463414634146,3.67,104.0,99.5,4.5,91.8,0.5975609756097561,1.75,103.4,101.0,2.4,92.5,0.03658536585365857,1.92,0.5999999999999943,-1.5,2.1,-0.7000000000000028
2001-02,2002,2002-05-24,Sacramento Kings,103,Los Angeles Lakers,90,0,0.7073170731707317,7.15,109.4,101.7,7.7,92.1,0.7439024390243902,7.61,109.0,101.1,7.9,95.6,-0.03658536585365857,-0.45999999999999996,0.4000000000000057,0.6000000000000085,-0.20000000000000018,-3.5
2001-02,2002,2002-05-25,New Jersey Nets,90,Boston Celtics,94,1,0.5975609756097561,1.75,103.4,101.0,2.4,92.5,0.6341463414634146,3.67,104.0,99.5,4.5,91.8,-0.03658536585365857,-1.92,-0.5999999999999943,1.5,-2.1,0.7000000000000028
2001-02,2002,2002-05-26,Sacramento Kings,99,Los Angeles Lakers,100,1,0.7073170731707317,7.15,109.4,101.7,7.7,92.1,0.7439024390243902,7.61,109.0,101.1,7.9,95.6,-0.03658536585365857,-0.45999999999999996,0.4000000000000057,0.6000000000000085,-0.20000000000000018,-3.5
2001-02,2002,2002-05-27,New Jersey Nets,94,Boston Celtics,92,0,0.5975609756097561,1.75,103.4,101.0,2.4,92.5,0.6341463414634146,3.67,104.0,99.5,4.5,91.8,-0.03658536585365857,-1.92,-0.5999999999999943,1.5,-2.1,0.7000000000000028
2001-02,2002,2002-05-28,Los Angeles Lakers,91,Sacramento Kings,92,1,0.7439024390243902,7.61,109.0,101.1,7.9,95.6,0.7073170731707317,7.15,109.4,101.7,7.7,92.1,0.03658536585365857,0.45999999999999996,-0.4000000000000057,-0.6000000000000085,0.20000000000000018,3.5
2001-02,2002,2002-05-29,Boston Celtics,92,New Jersey Nets,103,1,0.6341463414634146,3.67,104.0,99.5,4.5,91.8,0.5975609756097561,1.75,103.4,101.0,2.4,92.5,0.03658536585365857,1.92,0.5999999999999943,-1.5,2.1,-0.7000000000000028
2001-02,2002,2002-05-31,New Jersey Nets,96,Boston Celtics,88,0,0.5975609756097561,1.75,103.4,101.0,2.4,92.5,0.6341463414634146,3.67,104.0,99.5,4.5,91.8,-0.03658536585365857,-1.92,-0.5999999999999943,1.5,-2.1,0.7000000000000028
2001-02,2002,2002-05-31,Sacramento Kings,102,Los Angeles Lakers,106,1,0.7073170731707317,7.15,109.4,101.7,7.7,92.1,0.7439024390243902,7.61,109.0,101.1,7.9,95.6,-0.03658536585365857,-0.45999999999999996,0.4000000000000057,0.6000000000000085,-0.20000000000000018,-3.5
2001-02,2002,2002-06-02,Los Angeles Lakers,112,Sacramento Kings,106,0,0.7439024390243902,7.61,109.0,101.1,7.9,95.6,0.7073170731707317,7.15,109.4,101.7,7.7,92.1,0.03658536585365857,0.45999999999999996,-0.4000000000000057,-0.6000000000000085,0.20000000000000018,3.5
2001-02,2002,2002-06-05,New Jersey Nets,94,Los Angeles Lakers,99,1,0.7073170731707317,7.15,109.4,101.7,7.7,92.1,0.6341463414634146,3.67,104.0,99.5,4.5,91.8,0.07317073170731703,3.4800000000000004,5.400000000000006,2.200000000000003,3.2,0.29999999999999716
2001-02,2002,2002-06-07,New Jersey Nets,83,Los Angeles Lakers,106,1,0.7073170731707317,7.15,109.4,101.7,7.7,92.1,0.6341463414634146,3.67,104.0,99.5,4.5,91.8,0.07317073170731703,3.4800000000000004,5.400000000000006,2.200000000000003,3.2,0.29999999999999716
2001-02,2002,2002-06-09,Los Angeles Lakers,106,New Jersey Nets,103,0,0.6341463414634146,3.67,104.0,99.5,4.5,91.8,0.7073170731707317,7.15,109.4,101.7,7.7,92.1,-0.07317073170731703,-3.4800000000000004,-5.400000000000006,-2.200000000000003,-3.2,-0.29999999999999716
2001-02,2002,2002-06-12,Los Angeles Lakers,113,New Jersey Nets,107,0,0.6341463414634146,3.67,104.0,99.5,4.5,91.8,0.7073170731707317,7.15,109.4,101.7,7.7,92.1,-0.07317073170731703,-3.4800000000000004,-5.400000000000006,-2.200000000000003,-3.2,-0.29999999999999716
2002-03,2003,2003-04-19,Milwaukee Bucks,96,New Jersey Nets,109,1,0.5975609756097561,4.42,103.8,98.1,5.7,91.6,0.5121951219512195,-0.24,108.8,108.6,0.2,90.4,0.08536585365853655,4.66,-5.0,-10.5,5.5,1.1999999999999886
2002-03,2003,2003-04-19,Boston Celtics,103,Indiana Pacers,100,0,0.5853658536585366,2.79,104.6,100.8,3.8,91.6,0.5365853658536586,-0.75,101.2,101.6,-0.4,90.9,0.04878048780487798,3.54,3.3999999999999915,-0.7999999999999972,4.2,0.6999999999999886
2002-03,2003,2003-04-19,Phoenix Suns,96,San Antonio Spurs,95,0,0.7317073170731707,5.65,105.6,99.7,5.9,90.0,0.5365853658536586,1.57,103.7,102.5,1.2,91.5,0.19512195121951215,4.08,1.8999999999999915,-2.799999999999997,4.7,-1.5
2002-03,2003,2003-04-19,Portland Trail Blazers,86,Dallas Mavericks,96,1,0.7317073170731707,7.9,110.7,102.3,8.4,92.5,0.6097560975609756,2.97,105.5,102.6,2.9,89.4,0.12195121951219512,4.93,5.200000000000003,-0.29999999999999716,5.5,3.0999999999999943
2002-03,2003,2003-04-19,Utah Jazz,90,Sacramento Kings,96,1,0.7195121951219512,6.68,105.9,99.1,6.8,95.4,0.573170731707317,2.76,105.5,102.8,2.7,89.3,0.14634146341463417,3.92,0.4000000000000057,-3.700000000000003,4.1,6.1000000000000085
2002-03,2003,2003-04-20,Orlando Magic,99,Detroit Pistons,94,0,0.6097560975609756,2.97,104.1,99.9,4.2,86.8,0.5121951219512195,-0.39,105.2,105.0,0.2,93.1,0.09756097560975607,3.3600000000000003,-1.1000000000000085,-5.099999999999994,4.0,-6.299999999999997
2002-03,2003,2003-04-20,Los Angeles Lakers,117,Minnesota Timberwolves,98,0,0.6219512195121951,2.46,106.1,103.8,2.3,91.9,0.6097560975609756,2.71,107.2,104.7,2.5,92.5,0.012195121951219523,-0.25,-1.1000000000000085,-0.9000000000000057,-0.20000000000000018,-0.5999999999999943
2002-03,2003,2003-04-20,New Orleans Hornets,90,Philadelphia 76ers,98,1,0.5853658536585366,1.76,105.0,102.5,2.5,91.4,0.573170731707317,1.52,103.9,101.6,2.3,89.4,0.012195121951219523,0.24,1.0999999999999943,0.9000000000000057,0.20000000000000018,2.0
2002-03,2003,2003-04-21,Phoenix Suns,76,San Antonio Spurs,84,1,0.7317073170731707,5.65,105.6,99.7,5.9,90.0,0.5365853658536586,1.57,103.7,102.5,1.2,91.5,0.19512195121951215,4.08,1.8999999999999915,-2.799999999999997,4.7,-1.5
2002-03,2003,2003-04-21,Boston Celtics,77,Indiana Pacers,89,1,0.5853658536585366,2.79,104.6,100.8,3.8,91.6,0.5365853658536586,-0.75,101.2,101.6,-0.4,90.9,0.04878048780487798,3.54,3.3999999999999915,-0.7999999999999972,4.2,0.6999999999999886
2002-03,2003,2003-04-21,Utah Jazz,95,Sacramento Kings,108,1,0.7195121951219512,6.68,105.9,99.1,6.8,95.4,0.573170731707317,2.76,105.5,102.8,2.7,89.3,0.14634146341463417,3.92,0.4000000000000057,-3.700000000000003,4.1,6.1000000000000085
2002-03,2003,2003-04-22,Milwaukee Bucks,88,New Jersey Nets,85,0,0.5975609756097561,4.42,103.8,98.1,5.7,91.6,0.5121951219512195,-0.24,108.8,108.6,0.2,90.4,0.08536585365853655,4.66,-5.0,-10.5,5.5,1.1999999999999886
2002-03,2003,2003-04-22,Los Angeles Lakers,91,Minnesota Timberwolves,119,1,0.6219512195121951,2.46,106.1,103.8,2.3,91.9,0.6097560975609756,2.71,107.2,104.7,2.5,92.5,0.012195121951219523,-0.25,-1.1000000000000085,-0.9000000000000057,-0.20000000000000018,-0.5999999999999943
2002-03,2003,2003-04-23,New Orleans Hornets,85,Philadelphia 76ers,90,1,0.5853658536585366,1.76,105.0,102.5,2.5,91.4,0.573170731707317,1.52,103.9,101.6,2.3,89.4,0.012195121951219523,0.24,1.0999999999999943,0.9000000000000057,0.20000000000000018,2.0
2002-03,2003,2003-04-23,Orlando Magic,77,Detroit Pistons,89,1,0.6097560975609756,2.97,104.1,99.9,4.2,86.8,0.5121951219512195,-0.39,105.2,105.0,0.2,93.1,0.09756097560975607,3.3600000000000003,-1.1000000000000085,-5.099999999999994,4.0,-6.299999999999997
2002-03,2003,2003-04-23,Portland Trail Blazers,99,Dallas Mavericks,103,1,0.7317073170731707,7.9,110.7,102.3,8.4,92.5,0.6097560975609756,2.97,105.5,102.6,2.9,89.4,0.12195121951219512,4.93,5.200000000000003,-0.29999999999999716,5.5,3.0999999999999943
2002-03,2003,2003-04-24,Indiana Pacers,83,Boston Celtics,101,1,0.5365853658536586,-0.75,101.2,101.6,-0.4,90.9,0.5853658536585366,2.79,104.6,100.8,3.8,91.6,-0.04878048780487798,-3.54,-3.3999999999999915,0.7999999999999972,-4.2,-0.6999999999999886
2002-03,2003,2003-04-24,New Jersey Nets,103,Milwaukee Bucks,101,0,0.5121951219512195,-0.24,108.8,108.6,0.2,90.4,0.5975609756097561,4.42,103.8,98.1,5.7,91.6,-0.08536585365853655,-4.66,5.0,10.5,-5.5,-1.1999999999999886
2002-03,2003,2003-04-24,Minnesota Timberwolves,114,Los Angeles Lakers,110,0,0.6097560975609756,2.71,107.2,104.7,2.5,92.5,0.6219512195121951,2.46,106.1,103.8,2.3,91.9,-0.012195121951219523,0.25,1.1000000000000085,0.9000000000000057,0.20000000000000018,0.5999999999999943
2002-03,2003,2003-04-25,Detroit Pistons,80,Orlando Magic,89,1,0.5121951219512195,-0.39,105.2,105.0,0.2,93.1,0.6097560975609756,2.97,104.1,99.9,4.2,86.8,-0.09756097560975607,-3.3600000000000003,1.1000000000000085,5.099999999999994,-4.0,6.299999999999997
2002-03,2003,2003-04-25,San Antonio Spurs,99,Phoenix Suns,86,0,0.5365853658536586,1.57,103.7,102.5,1.2,91.5,0.7317073170731707,5.65,105.6,99.7,5.9,90.0,-0.19512195121951215,-4.08,-1.8999999999999915,2.799999999999997,-4.7,1.5
2002-03,2003,2003-04-25,Dallas Mavericks,115,Portland Trail Blazers,103,0,0.6097560975609756,2.97,105.5,102.6,2.9,89.4,0.7317073170731707,7.9,110.7,102.3,8.4,92.5,-0.12195121951219512,-4.93,-5.200000000000003,0.29999999999999716,-5.5,-3.0999999999999943
2002-03,2003,2003-04-26,New Jersey Nets,114,Milwaukee Bucks,119,1,0.5121951219512195,-0.24,108.8,108.6,0.2,90.4,0.5975609756097561,4.42,103.8,98.1,5.7,91.6,-0.08536585365853655,-4.66,5.0,10.5,-5.5,-1.1999999999999886
2002-03,2003,2003-04-26,Philadelphia 76ers,85,New Orleans Hornets,99,1,0.573170731707317,1.52,103.9,101.6,2.3,89.4,0.5853658536585366,1.76,105.0,102.5,2.5,91.4,-0.012195121951219523,-0.24,-1.0999999999999943,-0.9000000000000057,-0.20000000000000018,-2.0
2002-03,2003,2003-04-26,Sacramento Kings,104,Utah Jazz,107,1,0.573170731707317,2.76,105.5,102.8,2.7,89.3,0.7195121951219512,6.68,105.9,99.1,6.8,95.4,-0.14634146341463417,-3.92,-0.4000000000000057,3.700000000000003,-4.1,-6.1000000000000085
2002-03,2003,2003-04-27,Indiana Pacers,92,Boston Celtics,102,1,0.5365853658536586,-0.75,101.2,101.6,-0.4,90.9,0.5853658536585366,2.79,104.6,100.8,3.8,91.6,-0.04878048780487798,-3.54,-3.3999999999999915,0.7999999999999972,-4.2,-0.6999999999999886
2002-03,2003,2003-04-27,Minnesota Timberwolves,97,Los Angeles Lakers,102,1,0.6097560975609756,2.71,107.2,104.7,2.5,92.5,0.6219512195121951,2.46,106.1,103.8,2.3,91.9,-0.012195121951219523,0.25,1.1000000000000085,0.9000000000000057,0.20000000000000018,0.5999999999999943
2002-03,2003,2003-04-27,Detroit Pistons,92,Orlando Magic,100,1,0.5121951219512195,-0.39,105.2,105.0,0.2,93.1,0.6097560975609756,2.97,104.1,99.9,4.2,86.8,-0.09756097560975607,-3.3600000000000003,1.1000000000000085,5.099999999999994,-4.0,6.299999999999997
2002-03,2003,2003-04-27,Dallas Mavericks,79,Portland Trail Blazers,98,1,0.6097560975609756,2.97,105.5,102.6,2.9,89.4,0.7317073170731707,7.9,110.7,102.3,8.4,92.5,-0.12195121951219512,-4.93,-5.200000000000003,0.29999999999999716,-5.5,-3.0999999999999943
2002-03,2003,2003-04-27,San Antonio Spurs,84,Phoenix Suns,86,1,0.5365853658536586,1.57,103.7,102.5,1.2,91.5,0.7317073170731707,5.65,105.6,99.7,5.9,90.0,-0.19512195121951215,-4.08,-1.8999999999999915,2.799999999999997,-4.7,1.5
2002-03,2003,2003-04-28,Philadelphia 76ers,96,New Orleans Hornets,87,0,0.573170731707317,1.52,103.9,101.6,2.3,89.4,0.5853658536585366,1.76,105.0,102.5,2.5,91.4,-0.012195121951219523,-0.24,-1.0999999999999943,-0.9000000000000057,-0.20000000000000018,-2.0
2002-03,2003,2003-04-28,Sacramento Kings,99,Utah Jazz,82,0,0.573170731707317,2.76,105.5,102.8,2.7,89.3,0.7195121951219512,6.68,105.9,99.1,6.8,95.4,-0.14634146341463417,-3.92,-0.4000000000000057,3.700000000000003,-4.1,-6.1000000000000085
2002-03,2003,2003-04-29,Phoenix Suns,82,San Antonio Spurs,94,1,0.7317073170731707,5.65,105.6,99.7,5.9,90.0,0.5365853658536586,1.57,103.7,102.5,1.2,91.5,0.19512195121951215,4.08,1.8999999999999915,-2.799999999999997,4.7,-1.5
2002-03,2003,2003-04-29,Milwaukee Bucks,82,New Jersey Nets,89,1,0.5975609756097561,4.42,103.8,98.1,5.7,91.6,0.5121951219512195,-0.24,108.8,108.6,0.2,90.4,0.08536585365853655,4.66,-5.0,-10.5,5.5,1.1999999999999886
2002-03,2003,2003-04-29,Los Angeles Lakers,120,Minnesota Timberwolves,90,0,0.6219512195121951,2.46,106.1,103.8,2.3,91.9,0.6097560975609756,2.71,107.2,104.7,2.5,92.5,0.012195121951219523,-0.25,-1.1000000000000085,-0.9000000000000057,-0.20000000000000018,-0.5999999999999943
2002-03,2003,2003-04-29,Boston Celtics,88,Indiana Pacers,93,1,0.5853658536585366,2.79,104.6,100.8,3.8,91.6,0.5365853658536586,-0.75,101.2,101.6,-0.4,90.9,0.04878048780487798,3.54,3.3999999999999915,-0.7999999999999972,4.2,0.6999999999999886
2002-03,2003,2003-04-30,New Orleans Hornets,93,Philadelphia 76ers,91,0,0.5853658536585366,1.76,105.0,102.5,2.5,91.4,0.573170731707317,1.52,103.9,101.6,2.3,89.4,0.012195121951219523,0.24,1.0999999999999943,0.9000000000000057,0.20000000000000018,2.0
2002-03,2003,2003-04-30,Orlando Magic,67,Detroit Pistons,98,1,0.6097560975609756,2.97,104.1,99.9,4.2,86.8,0.5121951219512195,-0.39,105.2,105.0,0.2,93.1,0.09756097560975607,3.3600000000000003,-1.1000000000000085,-5.099999999999994,4.0,-6.299999999999997
2002-03,2003,2003-04-30,Portland Trail Blazers,103,Dallas Mavericks,99,0,0.7317073170731707,7.9,110.7,102.3,8.4,92.5,0.6097560975609756,2.97,105.5,102.6,2.9,89.4,0.12195121951219512,4.93,5.200000000000003,-0.29999999999999716,5.5,3.0999999999999943
2002-03,2003,2003-04-30,Utah Jazz,91,Sacramento Kings,111,1,0.7195121951219512,6.68,105.9,99.1,6.8,95.4,0.573170731707317,2.76,105.5,102.8,2.7,89.3,0.14634146341463417,3.92,0.4000000000000057,-3.700000000000003,4.1,6.1000000000000085
2002-03,2003,2003-05-01,Indiana Pacers,90,Boston Celtics,110,1,0.5365853658536586,-0.75,101.2,101.6,-0.4,90.9,0.5853658536585366,2.79,104.6,100.8,3.8,91.6,-0.04878048780487798,-3.54,-3.3999999999999915,0.7999999999999972,-4.2,-0.6999999999999886
2002-03,2003,2003-05-01,New Jersey Nets,113,Milwaukee Bucks,101,0,0.5121951219512195,-0.24,108.8,108.6,0.2,90.4,0.5975609756097561,4.42,103.8,98.1,5.7,91.6,-0.08536585365853655,-4.66,5.0,10.5,-5.5,-1.1999999999999886
2002-03,2003,2003-05-01,San Antonio Spurs,87,Phoenix Suns,85,0,0.5365853658536586,1.57,103.7,102.5,1.2,91.5,0.7317073170731707,5.65,105.6,99.7,5.9,90.0,-0.19512195121951215,-4.08,-1.8999999999999915,2.799999999999997,-4.7,1.5
2002-03,2003,2003-05-01,Minnesota Timberwolves,85,Los Angeles Lakers,101,1,0.6097560975609756,2.71,107.2,104.7,2.5,92.5,0.6219512195121951,2.46,106.1,103.8,2.3,91.9,-0.012195121951219523,0.25,1.1000000000000085,0.9000000000000057,0.20000000000000018,0.5999999999999943
2002-03,2003,2003-05-02,Detroit Pistons,103,Orlando Magic,88,0,0.5121951219512195,-0.39,105.2,105.0,0.2,93.1,0.6097560975609756,2.97,104.1,99.9,4.2,86.8,-0.09756097560975607,-3.3600000000000003,1.1000000000000085,5.099999999999994,-4.0,6.299999999999997
2002-03,2003,2003-05-02,Philadelphia 76ers,107,New Orleans Hornets,103,0,0.573170731707317,1.52,103.9,101.6,2.3,89.4,0.5853658536585366,1.76,105.0,102.5,2.5,91.4,-0.012195121951219523,-0.24,-1.0999999999999943,-0.9000000000000057,-0.20000000000000018,-2.0
2002-03,2003,2003-05-02,Dallas Mavericks,103,Portland Trail Blazers,125,1,0.6097560975609756,2.97,105.5,102.6,2.9,89.4,0.7317073170731707,7.9,110.7,102.3,8.4,92.5,-0.12195121951219512,-4.93,-5.200000000000003,0.29999999999999716,-5.5,-3.0999999999999943
2002-03,2003,2003-05-04,Orlando Magic,93,Detroit Pistons,108,1,0.6097560975609756,2.97,104.1,99.9,4.2,86.8,0.5121951219512195,-0.39,105.2,105.0,0.2,93.1,0.09756097560975607,3.3600000000000003,-1.1000000000000085,-5.099999999999994,4.0,-6.299999999999997
2002-03,2003,2003-05-04,Portland Trail Blazers,95,Dallas Mavericks,107,1,0.7317073170731707,7.9,110.7,102.3,8.4,92.5,0.6097560975609756,2.97,105.5,102.6,2.9,89.4,0.12195121951219512,4.93,5.200000000000003,-0.29999999999999716,5.5,3.0999999999999943
2002-03,2003,2003-05-05,Boston Celtics,93,New Jersey Nets,97,1,0.5975609756097561,4.42,103.8,98.1,5.7,91.6,0.5365853658536586,-0.75,101.2,101.6,-0.4,90.9,0.060975609756097504,5.17,2.5999999999999943,-3.5,6.1000000000000005,0.6999999999999886
2002-03,2003,2003-05-05,Los Angeles Lakers,82,San Antonio Spurs,87,1,0.7317073170731707,5.65,105.6,99.7,5.9,90.0,0.6097560975609756,2.71,107.2,104.7,2.5,92.5,0.12195121951219512,2.9400000000000004,-1.6000000000000085,-5.0,3.4000000000000004,-2.5
2002-03,2003,2003-05-06,Philadelphia 76ers,87,Detroit Pistons,98,1,0.6097560975609756,2.97,104.1,99.9,4.2,86.8,0.5853658536585366,1.76,105.0,102.5,2.5,91.4,0.024390243902439046,1.2100000000000002,-0.9000000000000057,-2.5999999999999943,1.7000000000000002,-4.6000000000000085
2002-03,2003,2003-05-06,Sacramento Kings,124,Dallas Mavericks,113,0,0.7317073170731707,7.9,110.7,102.3,8.4,92.5,0.7195121951219512,6.68,105.9,99.1,6.8,95.4,0.012195121951219523,1.2200000000000006,4.799999999999997,3.200000000000003,1.6000000000000005,-2.9000000000000057
2002-03,2003,2003-05-07,Boston Celtics,95,New Jersey Nets,104,1,0.5975609756097561,4.42,103.8,98.1,5.7,91.6,0.5365853658536586,-0.75,101.2,101.6,-0.4,90.9,0.060975609756097504,5.17,2.5999999999999943,-3.5,6.1000000000000005,0.6999999999999886
2002-03,2003,2003-05-07,Los Angeles Lakers,95,San Antonio Spurs,114,1,0.7317073170731707,5.65,105.6,99.7,5.9,90.0,0.6097560975609756,2.71,107.2,104.7,2.5,92.5,0.12195121951219512,2.9400000000000004,-1.6000000000000085,-5.0,3.4000000000000004,-2.5
2002-03,2003,2003-05-08,Philadelphia 76ers,97,Detroit Pistons,104,1,0.6097560975609756,2.97,104.1,99.9,4.2,86.8,0.5853658536585366,1.76,105.0,102.5,2.5,91.4,0.024390243902439046,1.2100000000000002,-0.9000000000000057,-2.5999999999999943,1.7000000000000002,-4.6000000000000085
2002-03,2003,2003-05-08,Sacramento Kings,110,Dallas Mavericks,132,1,0.7317073170731707,7.9,110.7,102.3,8.4,92.5,0.7195121951219512,6.68,105.9,99.1,6.8,95.4,0.012195121951219523,1.2200000000000006,4.799999999999997,3.200000000000003,1.6000000000000005,-2.9000000000000057
2002-03,2003,2003-05-09,New Jersey Nets,94,Boston Celtics,76,0,0.5365853658536586,-0.75,101.2,101.6,-0.4,90.9,0.5975609756097561,4.42,103.8,98.1,5.7,91.6,-0.060975609756097504,-5.17,-2.5999999999999943,3.5,-6.1000000000000005,-0.6999999999999886
2002-03,2003,2003-05-09,San Antonio Spurs,95,Los Angeles Lakers,110,1,0.6097560975609756,2.71,107.2,104.7,2.5,92.5,0.7317073170731707,5.65,105.6,99.7,5.9,90.0,-0.12195121951219512,-2.9400000000000004,1.6000000000000085,5.0,-3.4000000000000004,2.5
2002-03,2003,2003-05-10,Detroit Pistons,83,Philadelphia 76ers,93,1,0.5853658536585366,1.76,105.0,102.5,2.5,91.4,0.6097560975609756,2.97,104.1,99.9,4.2,86.8,-0.024390243902439046,-1.2100000000000002,0.9000000000000057,2.5999999999999943,-1.7000000000000002,4.6000000000000085
2002-03,2003,2003-05-10,Dallas Mavericks,141,Sacramento Kings,137,0,0.7195121951219512,6.68,105.9,99.1,6.8,95.4,0.7317073170731707,7.9,110.7,102.3,8.4,92.5,-0.012195121951219523,-1.2200000000000006,-4.799999999999997,-3.200000000000003,-1.6000000000000005,2.9000000000000057
2002-03,2003,2003-05-11,San Antonio Spurs,95,Los Angeles Lakers,99,1,0.6097560975609756,2.71,107.2,104.7,2.5,92.5,0.7317073170731707,5.65,105.6,99.7,5.9,90.0,-0.12195121951219512,-2.9400000000000004,1.6000000000000085,5.0,-3.4000000000000004,2.5
2002-03,2003,2003-05-11,Detroit Pistons,82,Philadelphia 76ers,95,1,0.5853658536585366,1.76,105.0,102.5,2.5,91.4,0.6097560975609756,2.97,104.1,99.9,4.2,86.8,-0.024390243902439046,-1.2100000000000002,0.9000000000000057,2.5999999999999943,-1.7000000000000002,4.6000000000000085
2002-03,2003,2003-05-11,Dallas Mavericks,83,Sacramento Kings,99,1,0.7195121951219512,6.68,105.9,99.1,6.8,95.4,0.7317073170731707,7.9,110.7,102.3,8.4,92.5,-0.012195121951219523,-1.2200000000000006,-4.799999999999997,-3.200000000000003,-1.6000000000000005,2.9000000000000057
2002-03,2003,2003-05-12,New Jersey Nets,110,Boston Celtics,101,0,0.5365853658536586,-0.75,101.2,101.6,-0.4,90.9,0.5975609756097561,4.42,103.8,98.1,5.7,91.6,-0.060975609756097504,-5.17,-2.5999999999999943,3.5,-6.1000000000000005,-0.6999999999999886
2002-03,2003,2003-05-13,Sacramento Kings,93,Dallas Mavericks,112,1,0.7317073170731707,7.9,110.7,102.3,8.4,92.5,0.7195121951219512,6.68,105.9,99.1,6.8,95.4,0.012195121951219523,1.2200000000000006,4.799999999999997,3.200000000000003,1.6000000000000005,-2.9000000000000057
2002-03,2003,2003-05-13,Los Angeles Lakers,94,San Antonio Spurs,96,1,0.7317073170731707,5.65,105.6,99.7,5.9,90.0,0.6097560975609756,2.71,107.2,104.7,2.5,92.5,0.12195121951219512,2.9400000000000004,-1.6000000000000085,-5.0,3.4000000000000004,-2.5
2002-03,2003,2003-05-14,Philadelphia 76ers,77,Detroit Pistons,78,1,0.6097560975609756,2.97,104.1,99.9,4.2,86.8,0.5853658536585366,1.76,105.0,102.5,2.5,91.4,0.024390243902439046,1.2100000000000002,-0.9000000000000057,-2.5999999999999943,1.7000000000000002,-4.6000000000000085
2002-03,2003,2003-05-15,San Antonio Spurs,110,Los Angeles Lakers,82,0,0.6097560975609756,2.71,107.2,104.7,2.5,92.5,0.7317073170731707,5.65,105.6,99.7,5.9,90.0,-0.12195121951219512,-2.9400000000000004,1.6000000000000085,5.0,-3.4000000000000004,2.5
2002-03,2003,2003-05-15,Dallas Mavericks,109,Sacramento Kings,115,1,0.7195121951219512,6.68,105.9,99.1,6.8,95.4,0.7317073170731707,7.9,110.7,102.3,8.4,92.5,-0.012195121951219523,-1.2200000000000006,-4.799999999999997,-3.200000000000003,-1.6000000000000005,2.9000000000000057
2002-03,2003,2003-05-16,Detroit Pistons,93,Philadelphia 76ers,89,0,0.5853658536585366,1.76,105.0,102.5,2.5,91.4,0.6097560975609756,2.97,104.1,99.9,4.2,86.8,-0.024390243902439046,-1.2100000000000002,0.9000000000000057,2.5999999999999943,-1.7000000000000002,4.6000000000000085
2002-03,2003,2003-05-17,Sacramento Kings,99,Dallas Mavericks,112,1,0.7317073170731707,7.9,110.7,102.3,8.4,92.5,0.7195121951219512,6.68,105.9,99.1,6.8,95.4,0.012195121951219523,1.2200000000000006,4.799999999999997,3.200000000000003,1.6000000000000005,-2.9000000000000057
2002-03,2003,2003-05-18,New Jersey Nets,76,Detroit Pistons,74,0,0.6097560975609756,2.97,104.1,99.9,4.2,86.8,0.5975609756097561,4.42,103.8,98.1,5.7,91.6,0.012195121951219523,-1.4499999999999997,0.29999999999999716,1.8000000000000114,-1.5,-4.799999999999997
2002-03,2003,2003-05-19,Dallas Mavericks,113,San Antonio Spurs,110,0,0.7317073170731707,5.65,105.6,99.7,5.9,90.0,0.7317073170731707,7.9,110.7,102.3,8.4,92.5,0.0,-2.25,-5.1000000000000085,-2.5999999999999943,-2.5,-2.5
2002-03,2003,2003-05-20,New Jersey Nets,88,Detroit Pistons,86,0,0.6097560975609756,2.97,104.1,99.9,4.2,86.8,0.5975609756097561,4.42,103.8,98.1,5.7,91.6,0.012195121951219523,-1.4499999999999997,0.29999999999999716,1.8000000000000114,-1.5,-4.799999999999997
2002-03,2003,2003-05-21,Dallas Mavericks,106,San Antonio Spurs,119,1,0.7317073170731707,5.65,105.6,99.7,5.9,90.0,0.7317073170731707,7.9,110.7,102.3,8.4,92.5,0.0,-2.25,-5.1000000000000085,-2.5999999999999943,-2.5,-2.5
2002-03,2003,2003-05-22,Detroit Pistons,85,New Jersey Nets,97,1,0.5975609756097561,4.42,103.8,98.1,5.7,91.6,0.6097560975609756,2.97,104.1,99.9,4.2,86.8,-0.012195121951219523,1.4499999999999997,-0.29999999999999716,-1.8000000000000114,1.5,4.799999999999997
2002-03,2003,2003-05-23,San Antonio Spurs,96,Dallas Mavericks,83,0,0.7317073170731707,7.9,110.7,102.3,8.4,92.5,0.7317073170731707,5.65,105.6,99.7,5.9,90.0,0.0,2.25,5.1000000000000085,2.5999999999999943,2.5,2.5
2002-03,2003,2003-05-24,Detroit Pistons,82,New Jersey Nets,102,1,0.5975609756097561,4.42,103.8,98.1,5.7,91.6,0.6097560975609756,2.97,104.1,99.9,4.2,86.8,-0.012195121951219523,1.4499999999999997,-0.29999999999999716,-1.8000000000000114,1.5,4.799999999999997
2002-03,2003,2003-05-25,San Antonio Spurs,102,Dallas Mavericks,95,0,0.7317073170731707,7.9,110.7,102.3,8.4,92.5,0.7317073170731707,5.65,105.6,99.7,5.9,90.0,0.0,2.25,5.1000000000000085,2.5999999999999943,2.5,2.5
2002-03,2003,2003-05-27,Dallas Mavericks,103,San Antonio Spurs,91,0,0.7317073170731707,5.65,105.6,99.7,5.9,90.0,0.7317073170731707,7.9,110.7,102.3,8.4,92.5,0.0,-2.25,-5.1000000000000085,-2.5999999999999943,-2.5,-2.5
2002-03,2003,2003-05-29,San Antonio Spurs,90,Dallas Mavericks,78,0,0.7317073170731707,7.9,110.7,102.3,8.4,92.5,0.7317073170731707,5.65,105.6,99.7,5.9,90.0,0.0,2.25,5.1000000000000085,2.5999999999999943,2.5,2.5
2002-03,2003,2003-06-04,New Jersey Nets,89,San Antonio Spurs,101,1,0.7317073170731707,5.65,105.6,99.7,5.9,90.0,0.5975609756097561,4.42,103.8,98.1,5.7,91.6,0.13414634146341464,1.2300000000000004,1.7999999999999972,1.6000000000000085,0.20000000000000018,-1.5999999999999943
2002-03,2003,2003-06-06,New Jersey Nets,87,San Antonio Spurs,85,0,0.7317073170731707,5.65,105.6,99.7,5.9,90.0,0.5975609756097561,4.42,103.8,98.1,5.7,91.6,0.13414634146341464,1.2300000000000004,1.7999999999999972,1.6000000000000085,0.20000000000000018,-1.5999999999999943
2002-03,2003,2003-06-08,San Antonio Spurs,84,New Jersey Nets,79,0,0.5975609756097561,4.42,103.8,98.1,5.7,91.6,0.7317073170731707,5.65,105.6,99.7,5.9,90.0,-0.13414634146341464,-1.2300000000000004,-1.7999999999999972,-1.6000000000000085,-0.20000000000000018,1.5999999999999943
2002-03,2003,2003-06-11,San Antonio Spurs,76,New Jersey Nets,77,1,0.5975609756097561,4.42,103.8,98.1,5.7,91.6,0.7317073170731707,5.65,105.6,99.7,5.9,90.0,-0.13414634146341464,-1.2300000000000004,-1.7999999999999972,-1.6000000000000085,-0.20000000000000018,1.5999999999999943
2002-03,2003,2003-06-13,San Antonio Spurs,93,New Jersey Nets,83,0,0.5975609756097561,4.42,103.8,98.1,5.7,91.6,0.7317073170731707,5.65,105.6,99.7,5.9,90.0,-0.13414634146341464,-1.2300000000000004,-1.7999999999999972,-1.6000000000000085,-0.20000000000000018,1.5999999999999943
2002-03,2003,2003-06-15,New Jersey Nets,77,San Antonio Spurs,88,1,0.7317073170731707,5.65,105.6,99.7,5.9,90.0,0.5975609756097561,4.42,103.8,98.1,5.7,91.6,0.13414634146341464,1.2300000000000004,1.7999999999999972,1.6000000000000085,0.20000000000000018,-1.5999999999999943
2003-04,2004,2004-04-17,Boston Celtics,88,Indiana Pacers,104,1,0.7439024390243902,4.93,103.8,97.2,6.6,87.5,0.43902439024390244,-1.99,102.1,103.7,-1.6,93.2,0.3048780487804878,6.92,1.7000000000000028,-6.5,8.2,-5.700000000000003
2003-04,2004,2004-04-17,New York Knicks,83,New Jersey Nets,107,1,0.573170731707317,1.88,100.8,98.0,2.8,89.4,0.47560975609756095,-1.97,101.7,103.3,-1.6,89.5,0.09756097560975607,3.8499999999999996,-0.9000000000000057,-5.299999999999997,4.4,-0.09999999999999432
2003-04,2004,2004-04-17,Memphis Grizzlies,74,San Antonio Spurs,98,1,0.6951219512195121,7.51,102.2,94.1,8.1,89.2,0.6097560975609756,2.95,104.8,102.2,2.6,91.4,0.08536585365853655,4.56,-2.5999999999999943,-8.100000000000009,5.5,-2.200000000000003
2003-04,2004,2004-04-17,Houston Rockets,71,Los Angeles Lakers,72,1,0.6829268292682927,4.35,105.5,101.3,4.2,92.3,0.5487804878048781,2.28,100.9,99.0,1.9,87.8,0.13414634146341464,2.07,4.599999999999994,2.299999999999997,2.3000000000000003,4.5
2003-04,2004,2004-04-18,Milwaukee Bucks,82,Detroit Pistons,108,1,0.6585365853658537,5.04,102.0,95.4,6.6,87.9,0.5,0.42,106.5,105.4,1.1,91.6,0.1585365853658537,4.62,-4.5,-10.0,5.5,-3.6999999999999886
2003-04,2004,2004-04-18,Dallas Mavericks,105,Sacramento Kings,116,1,0.6707317073170732,5.41,110.3,104.9,5.4,92.8,0.6341463414634146,4.86,112.1,107.4,4.7,93.2,0.03658536585365857,0.5499999999999998,-1.7999999999999972,-2.5,0.7000000000000002,-0.4000000000000057
2003-04,2004,2004-04-18,New Orleans Hornets,79,Miami Heat,81,1,0.5121951219512195,-0.13,102.2,101.7,0.5,88.0,0.5,-0.72,102.3,102.4,-0.1,89.1,0.012195121951219523,0.59,-0.09999999999999432,-0.7000000000000028,0.6,-1.0999999999999943
2003-04,2004,2004-04-18,Denver Nuggets,92,Minnesota Timberwolves,106,1,0.7073170731707317,5.86,105.9,99.7,6.2,89.0,0.524390243902439,1.65,103.9,102.7,1.2,93.3,0.18292682926829262,4.210000000000001,2.0,-3.0,5.0,-4.299999999999997
2003-04,2004,2004-04-19,Memphis Grizzlies,70,San Antonio Spurs,87,1,0.6951219512195121,7.51,102.2,94.1,8.1,89.2,0.6097560975609756,2.95,104.8,102.2,2.6,91.4,0.08536585365853655,4.56,-2.5999999999999943,-8.100000000000009,5.5,-2.200000000000003
2003-04,2004,2004-04-19,Houston Rockets,84,Los Angeles Lakers,98,1,0.6829268292682927,4.35,105.5,101.3,4.2,92.3,0.5487804878048781,2.28,100.9,99.0,1.9,87.8,0.13414634146341464,2.07,4.599999999999994,2.299999999999997,2.3000000000000003,4.5
2003-04,2004,2004-04-20,New York Knicks,81,New Jersey Nets,99,1,0.573170731707317,1.88,100.8,98.0,2.8,89.4,0.47560975609756095,-1.97,101.7,103.3,-1.6,89.5,0.09756097560975607,3.8499999999999996,-0.9000000000000057,-5.299999999999997,4.4,-0.09999999999999432
2003-04,2004,2004-04-20,Boston Celtics,90,Indiana Pacers,103,1,0.7439024390243902,4.93,103.8,97.2,6.6,87.5,0.43902439024390244,-1.99,102.1,103.7,-1.6,93.2,0.3048780487804878,6.92,1.7000000000000028,-6.5,8.2,-5.700000000000003
2003-04,2004,2004-04-20,Dallas Mavericks,79,Sacramento Kings,83,1,0.6707317073170732,5.41,110.3,104.9,5.4,92.8,0.6341463414634146,4.86,112.1,107.4,4.7,93.2,0.03658536585365857,0.5499999999999998,-1.7999999999999972,-2.5,0.7000000000000002,-0.4000000000000057
2003-04,2004,2004-04-21,Milwaukee Bucks,92,Detroit Pistons,88,0,0.6585365853658537,5.04,102.0,95.4,6.6,87.9,0.5,0.42,106.5,105.4,1.1,91.6,0.1585365853658537,4.62,-4.5,-10.0,5.5,-3.6999999999999886
2003-04,2004,2004-04-21,New Orleans Hornets,63,Miami Heat,93,1,0.5121951219512195,-0.13,102.2,101.7,0.5,88.0,0.5,-0.72,102.3,102.4,-0.1,89.1,0.012195121951219523,0.59,-0.09999999999999432,-0.7000000000000028,0.6,-1.0999999999999943
2003-04,2004,2004-04-21,Denver Nuggets,81,Minnesota Timberwolves,95,1,0.7073170731707317,5.86,105.9,99.7,6.2,89.0,0.524390243902439,1.65,103.9,102.7,1.2,93.3,0.18292682926829262,4.210000000000001,2.0,-3.0,5.0,-4.299999999999997
2003-04,2004,2004-04-22,New Jersey Nets,81,New York Knicks,78,0,0.47560975609756095,-1.97,101.7,103.3,-1.6,89.5,0.573170731707317,1.88,100.8,98.0,2.8,89.4,-0.09756097560975607,-3.8499999999999996,0.9000000000000057,5.299999999999997,-4.4,0.09999999999999432
2003-04,2004,2004-04-22,San Antonio Spurs,95,Memphis Grizzlies,93,0,0.6097560975609756,2.95,104.8,102.2,2.6,91.4,0.6951219512195121,7.51,102.2,94.1,8.1,89.2,-0.08536585365853655,-4.56,2.5999999999999943,8.100000000000009,-5.5,2.200000000000003
2003-04,2004,2004-04-23,Indiana Pacers,108,Boston Celtics,85,0,0.43902439024390244,-1.99,102.1,103.7,-1.6,93.2,0.7439024390243902,4.93,103.8,97.2,6.6,87.5,-0.3048780487804878,-6.92,-1.7000000000000028,6.5,-8.2,5.700000000000003
2003-04,2004,2004-04-23,Los Angeles Lakers,91,Houston Rockets,102,1,0.5487804878048781,2.28,100.9,99.0,1.9,87.8,0.6829268292682927,4.35,105.5,101.3,4.2,92.3,-0.13414634146341464,-2.07,-4.599999999999994,-2.299999999999997,-2.3000000000000003,-4.5
2003-04,2004,2004-04-24,Miami Heat,71,New Orleans Hornets,77,1,0.5,-0.72,102.3,102.4,-0.1,89.1,0.5121951219512195,-0.13,102.2,101.7,0.5,88.0,-0.012195121951219523,-0.59,0.09999999999999432,0.7000000000000028,-0.6,1.0999999999999943
2003-04,2004,2004-04-24,Detroit Pistons,95,Milwaukee Bucks,85,0,0.5,0.42,106.5,105.4,1.1,91.6,0.6585365853658537,5.04,102.0,95.4,6.6,87.9,-0.1585365853658537,-4.62,4.5,10.0,-5.5,3.6999999999999886
2003-04,2004,2004-04-24,Sacramento Kings,79,Dallas Mavericks,104,1,0.6341463414634146,4.86,112.1,107.4,4.7,93.2,0.6707317073170732,5.41,110.3,104.9,5.4,92.8,-0.03658536585365857,-0.5499999999999998,1.7999999999999972,2.5,-0.7000000000000002,0.4000000000000057
2003-04,2004,2004-04-24,Minnesota Timberwolves,86,Denver Nuggets,107,1,0.524390243902439,1.65,103.9,102.7,1.2,93.3,0.7073170731707317,5.86,105.9,99.7,6.2,89.0,-0.18292682926829262,-4.210000000000001,-2.0,3.0,-5.0,4.299999999999997
2003-04,2004,2004-04-25,Indiana Pacers,90,Boston Celtics,75,0,0.43902439024390244,-1.99,102.1,103.7,-1.6,93.2,0.7439024390243902,4.93,103.8,97.2,6.6,87.5,-0.3048780487804878,-6.92,-1.7000000000000028,6.5,-8.2,5.700000000000003
2003-04,2004,2004-04-25,Los Angeles Lakers,92,Houston Rockets,88,0,0.5487804878048781,2.28,100.9,99.0,1.9,87.8,0.6829268292682927,4.35,105.5,101.3,4.2,92.3,-0.13414634146341464,-2.07,-4.599999999999994,-2.299999999999997,-2.3000000000000003,-4.5
2003-04,2004,2004-04-25,New Jersey Nets,100,New York Knicks,94,0,0.47560975609756095,-1.97,101.7,103.3,-1.6,89.5,0.573170731707317,1.88,100.8,98.0,2.8,89.4,-0.09756097560975607,-3.8499999999999996,0.9000000000000057,5.299999999999997,-4.4,0.09999999999999432
2003-04,2004,2004-04-25,San Antonio Spurs,110,Memphis Grizzlies,97,0,0.6097560975609756,2.95,104.8,102.2,2.6,91.4,0.6951219512195121,7.51,102.2,94.1,8.1,89.2,-0.08536585365853655,-4.56,2.5999999999999943,8.100000000000009,-5.5,2.200000000000003
2003-04,2004,2004-04-26,Detroit Pistons,109,Milwaukee Bucks,92,0,0.5,0.42,106.5,105.4,1.1,91.6,0.6585365853658537,5.04,102.0,95.4,6.6,87.9,-0.1585365853658537,-4.62,4.5,10.0,-5.5,3.6999999999999886
2003-04,2004,2004-04-26,Sacramento Kings,94,Dallas Mavericks,92,0,0.6341463414634146,4.86,112.1,107.4,4.7,93.2,0.6707317073170732,5.41,110.3,104.9,5.4,92.8,-0.03658536585365857,-0.5499999999999998,1.7999999999999972,2.5,-0.7000000000000002,0.4000000000000057
2003-04,2004,2004-04-27,Miami Heat,85,New Orleans Hornets,96,1,0.5,-0.72,102.3,102.4,-0.1,89.1,0.5121951219512195,-0.13,102.2,101.7,0.5,88.0,-0.012195121951219523,-0.59,0.09999999999999432,0.7000000000000028,-0.6,1.0999999999999943
2003-04,2004,2004-04-27,Minnesota Timberwolves,84,Denver Nuggets,82,0,0.524390243902439,1.65,103.9,102.7,1.2,93.3,0.7073170731707317,5.86,105.9,99.7,6.2,89.0,-0.18292682926829262,-4.210000000000001,-2.0,3.0,-5.0,4.299999999999997
2003-04,2004,2004-04-28,Houston Rockets,78,Los Angeles Lakers,97,1,0.6829268292682927,4.35,105.5,101.3,4.2,92.3,0.5487804878048781,2.28,100.9,99.0,1.9,87.8,0.13414634146341464,2.07,4.599999999999994,2.299999999999997,2.3000000000000003,4.5
2003-04,2004,2004-04-29,Milwaukee Bucks,77,Detroit Pistons,91,1,0.6585365853658537,5.04,102.0,95.4,6.6,87.9,0.5,0.42,106.5,105.4,1.1,91.6,0.1585365853658537,4.62,-4.5,-10.0,5.5,-3.6999999999999886
2003-04,2004,2004-04-29,Dallas Mavericks,118,Sacramento Kings,119,1,0.6707317073170732,5.41,110.3,104.9,5.4,92.8,0.6341463414634146,4.86,112.1,107.4,4.7,93.2,0.03658536585365857,0.5499999999999998,-1.7999999999999972,-2.5,0.7000000000000002,-0.4000000000000057
2003-04,2004,2004-04-30,New Orleans Hornets,83,Miami Heat,87,1,0.5121951219512195,-0.13,102.2,101.7,0.5,88.0,0.5,-0.72,102.3,102.4,-0.1,89.1,0.012195121951219523,0.59,-0.09999999999999432,-0.7000000000000028,0.6,-1.0999999999999943
2003-04,2004,2004-04-30,Denver Nuggets,91,Minnesota Timberwolves,102,1,0.7073170731707317,5.86,105.9,99.7,6.2,89.0,0.524390243902439,1.65,103.9,102.7,1.2,93.3,0.18292682926829262,4.210000000000001,2.0,-3.0,5.0,-4.299999999999997
2003-04,2004,2004-05-02,Miami Heat,83,New Orleans Hornets,89,1,0.5,-0.72,102.3,102.4,-0.1,89.1,0.5121951219512195,-0.13,102.2,101.7,0.5,88.0,-0.012195121951219523,-0.59,0.09999999999999432,0.7000000000000028,-0.6,1.0999999999999943
2003-04,2004,2004-05-02,Los Angeles Lakers,78,San Antonio Spurs,88,1,0.6951219512195121,7.51,102.2,94.1,8.1,89.2,0.6829268292682927,4.35,105.5,101.3,4.2,92.3,0.012195121951219412,3.16,-3.299999999999997,-7.200000000000003,3.8999999999999995,-3.0999999999999943
2003-04,2004,2004-05-03,New Jersey Nets,56,Detroit Pistons,78,1,0.6585365853658537,5.04,102.0,95.4,6.6,87.9,0.573170731707317,1.88,100.8,98.0,2.8,89.4,0.08536585365853666,3.16,1.2000000000000028,-2.5999999999999943,3.8,-1.5
2003-04,2004,2004-05-04,New Orleans Hornets,77,Miami Heat,85,1,0.5121951219512195,-0.13,102.2,101.7,0.5,88.0,0.5,-0.72,102.3,102.4,-0.1,89.1,0.012195121951219523,0.59,-0.09999999999999432,-0.7000000000000028,0.6,-1.0999999999999943
2003-04,2004,2004-05-04,Sacramento Kings,104,Minnesota Timberwolves,98,0,0.7073170731707317,5.86,105.9,99.7,6.2,89.0,0.6707317073170732,5.41,110.3,104.9,5.4,92.8,0.03658536585365846,0.4500000000000002,-4.3999999999999915,-5.200000000000003,0.7999999999999998,-3.799999999999997
2003-04,2004,2004-05-05,Los Angeles Lakers,85,San Antonio Spurs,95,1,0.6951219512195121,7.51,102.2,94.1,8.1,89.2,0.6829268292682927,4.35,105.5,101.3,4.2,92.3,0.012195121951219412,3.16,-3.299999999999997,-7.200000000000003,3.8999999999999995,-3.0999999999999943
2003-04,2004,2004-05-06,Miami Heat,81,Indiana Pacers,94,1,0.7439024390243902,4.93,103.8,97.2,6.6,87.5,0.5121951219512195,-0.13,102.2,101.7,0.5,88.0,0.23170731707317072,5.06,1.5999999999999943,-4.5,6.1,-0.5
2003-04,2004,2004-05-07,New Jersey Nets,80,Detroit Pistons,95,1,0.6585365853658537,5.04,102.0,95.4,6.6,87.9,0.573170731707317,1.88,100.8,98.0,2.8,89.4,0.08536585365853666,3.16,1.2000000000000028,-2.5999999999999943,3.8,-1.5
2003-04,2004,2004-05-08,Miami Heat,80,Indiana Pacers,91,1,0.7439024390243902,4.93,103.8,97.2,6.6,87.5,0.5121951219512195,-0.13,102.2,101.7,0.5,88.0,0.23170731707317072,5.06,1.5999999999999943,-4.5,6.1,-0.5
2003-04,2004,2004-05-08,Sacramento Kings,89,Minnesota Timberwolves,94,1,0.7073170731707317,5.86,105.9,99.7,6.2,89.0,0.6707317073170732,5.41,110.3,104.9,5.4,92.8,0.03658536585365846,0.4500000000000002,-4.3999999999999915,-5.200000000000003,0.7999999999999998,-3.799999999999997
2003-04,2004,2004-05-09,San Antonio Spurs,81,Los Angeles Lakers,105,1,0.6829268292682927,4.35,105.5,101.3,4.2,92.3,0.6951219512195121,7.51,102.2,94.1,8.1,89.2,-0.012195121951219412,-3.16,3.299999999999997,7.200000000000003,-3.8999999999999995,3.0999999999999943
2003-04,2004,2004-05-09,Detroit Pistons,64,New Jersey Nets,82,1,0.573170731707317,1.88,100.8,98.0,2.8,89.4,0.6585365853658537,5.04,102.0,95.4,6.6,87.9,-0.08536585365853666,-3.16,-1.2000000000000028,2.5999999999999943,-3.8,1.5
2003-04,2004,2004-05-10,Indiana Pacers,87,Miami Heat,94,1,0.5121951219512195,-0.13,102.2,101.7,0.5,88.0,0.7439024390243902,4.93,103.8,97.2,6.6,87.5,-0.23170731707317072,-5.06,-1.5999999999999943,4.5,-6.1,0.5
2003-04,2004,2004-05-10,Minnesota Timberwolves,114,Sacramento Kings,113,0,0.6707317073170732,5.41,110.3,104.9,5.4,92.8,0.7073170731707317,5.86,105.9,99.7,6.2,89.0,-0.03658536585365846,-0.4500000000000002,4.3999999999999915,5.200000000000003,-0.7999999999999998,3.799999999999997
2003-04,2004,2004-05-11,Detroit Pistons,79,New Jersey Nets,94,1,0.573170731707317,1.88,100.8,98.0,2.8,89.4,0.6585365853658537,5.04,102.0,95.4,6.6,87.9,-0.08536585365853666,-3.16,-1.2000000000000028,2.5999999999999943,-3.8,1.5
2003-04,2004,2004-05-11,San Antonio Spurs,90,Los Angeles Lakers,98,1,0.6829268292682927,4.35,105.5,101.3,4.2,92.3,0.6951219512195121,7.51,102.2,94.1,8.1,89.2,-0.012195121951219412,-3.16,3.299999999999997,7.200000000000003,-3.8999999999999995,3.0999999999999943
2003-04,2004,2004-05-12,Indiana Pacers,88,Miami Heat,100,1,0.5121951219512195,-0.13,102.2,101.7,0.5,88.0,0.7439024390243902,4.93,103.8,97.2,6.6,87.5,-0.23170731707317072,-5.06,-1.5999999999999943,4.5,-6.1,0.5
2003-04,2004,2004-05-12,Minnesota Timberwolves,81,Sacramento Kings,87,1,0.6707317073170732,5.41,110.3,104.9,5.4,92.8,0.7073170731707317,5.86,105.9,99.7,6.2,89.0,-0.03658536585365846,-0.4500000000000002,4.3999999999999915,5.200000000000003,-0.7999999999999998,3.799999999999997
2003-04,2004,2004-05-13,Los Angeles Lakers,74,San Antonio Spurs,73,0,0.6951219512195121,7.51,102.2,94.1,8.1,89.2,0.6829268292682927,4.35,105.5,101.3,4.2,92.3,0.012195121951219412,3.16,-3.299999999999997,-7.200000000000003,3.8999999999999995,-3.0999999999999943
2003-04,2004,2004-05-14,New Jersey Nets,127,Detroit Pistons,120,0,0.6585365853658537,5.04,102.0,95.4,6.6,87.9,0.573170731707317,1.88,100.8,98.0,2.8,89.4,0.08536585365853666,3.16,1.2000000000000028,-2.5999999999999943,3.8,-1.5
2003-04,2004,2004-05-14,Sacramento Kings,74,Minnesota Timberwolves,86,1,0.7073170731707317,5.86,105.9,99.7,6.2,89.0,0.6707317073170732,5.41,110.3,104.9,5.4,92.8,0.03658536585365846,0.4500000000000002,-4.3999999999999915,-5.200000000000003,0.7999999999999998,-3.799999999999997
2003-04,2004,2004-05-15,Miami Heat,83,Indiana Pacers,94,1,0.7439024390243902,4.93,103.8,97.2,6.6,87.5,0.5121951219512195,-0.13,102.2,101.7,0.5,88.0,0.23170731707317072,5.06,1.5999999999999943,-4.5,6.1,-0.5
2003-04,2004,2004-05-15,San Antonio Spurs,76,Los Angeles Lakers,88,1,0.6829268292682927,4.35,105.5,101.3,4.2,92.3,0.6951219512195121,7.51,102.2,94.1,8.1,89.2,-0.012195121951219412,-3.16,3.299999999999997,7.200000000000003,-3.8999999999999995,3.0999999999999943
2003-04,2004,2004-05-16,Minnesota Timberwolves,87,Sacramento Kings,104,1,0.6707317073170732,5.41,110.3,104.9,5.4,92.8,0.7073170731707317,5.86,105.9,99.7,6.2,89.0,-0.03658536585365846,-0.4500000000000002,4.3999999999999915,5.200000000000003,-0.7999999999999998,3.799999999999997
2003-04,2004,2004-05-16,Detroit Pistons,81,New Jersey Nets,75,0,0.573170731707317,1.88,100.8,98.0,2.8,89.4,0.6585365853658537,5.04,102.0,95.4,6.6,87.9,-0.08536585365853666,-3.16,-1.2000000000000028,2.5999999999999943,-3.8,1.5
2003-04,2004,2004-05-18,Indiana Pacers,73,Miami Heat,70,0,0.5121951219512195,-0.13,102.2,101.7,0.5,88.0,0.7439024390243902,4.93,103.8,97.2,6.6,87.5,-0.23170731707317072,-5.06,-1.5999999999999943,4.5,-6.1,0.5
2003-04,2004,2004-05-19,Sacramento Kings,80,Minnesota Timberwolves,83,1,0.7073170731707317,5.86,105.9,99.7,6.2,89.0,0.6707317073170732,5.41,110.3,104.9,5.4,92.8,0.03658536585365846,0.4500000000000002,-4.3999999999999915,-5.200000000000003,0.7999999999999998,-3.799999999999997
2003-04,2004,2004-05-20,New Jersey Nets,69,Detroit Pistons,90,1,0.6585365853658537,5.04,102.0,95.4,6.6,87.9,0.573170731707317,1.88,100.8,98.0,2.8,89.4,0.08536585365853666,3.16,1.2000000000000028,-2.5999999999999943,3.8,-1.5
2003-04,2004,2004-05-21,Los Angeles Lakers,97,Minnesota Timberwolves,88,0,0.7073170731707317,5.86,105.9,99.7,6.2,89.0,0.6829268292682927,4.35,105.5,101.3,4.2,92.3,0.024390243902438935,1.5100000000000007,0.4000000000000057,-1.5999999999999943,2.0,-3.299999999999997
2003-04,2004,2004-05-22,Detroit Pistons,74,Indiana Pacers,78,1,0.7439024390243902,4.93,103.8,97.2,6.6,87.5,0.6585365853658537,5.04,102.0,95.4,6.6,87.9,0.08536585365853655,-0.11000000000000032,1.7999999999999972,1.7999999999999972,0.0,-0.4000000000000057
2003-04,2004,2004-05-23,Los Angeles Lakers,71,Minnesota Timberwolves,89,1,0.7073170731707317,5.86,105.9,99.7,6.2,89.0,0.6829268292682927,4.35,105.5,101.3,4.2,92.3,0.024390243902438935,1.5100000000000007,0.4000000000000057,-1.5999999999999943,2.0,-3.299999999999997
2003-04,2004,2004-05-24,Detroit Pistons,72,Indiana Pacers,67,0,0.7439024390243902,4.93,103.8,97.2,6.6,87.5,0.6585365853658537,5.04,102.0,95.4,6.6,87.9,0.08536585365853655,-0.11000000000000032,1.7999999999999972,1.7999999999999972,0.0,-0.4000000000000057
2003-04,2004,2004-05-25,Minnesota Timberwolves,89,Los Angeles Lakers,100,1,0.6829268292682927,4.35,105.5,101.3,4.2,92.3,0.7073170731707317,5.86,105.9,99.7,6.2,89.0,-0.024390243902438935,-1.5100000000000007,-0.4000000000000057,1.5999999999999943,-2.0,3.299999999999997
2003-04,2004,2004-05-26,Indiana Pacers,78,Detroit Pistons,85,1,0.6585365853658537,5.04,102.0,95.4,6.6,87.9,0.7439024390243902,4.93,103.8,97.2,6.6,87.5,-0.08536585365853655,0.11000000000000032,-1.7999999999999972,-1.7999999999999972,0.0,0.4000000000000057
2003-04,2004,2004-05-27,Minnesota Timberwolves,85,Los Angeles Lakers,92,1,0.6829268292682927,4.35,105.5,101.3,4.2,92.3,0.7073170731707317,5.86,105.9,99.7,6.2,89.0,-0.024390243902438935,-1.5100000000000007,-0.4000000000000057,1.5999999999999943,-2.0,3.299999999999997
2003-04,2004,2004-05-28,Indiana Pacers,83,Detroit Pistons,68,0,0.6585365853658537,5.04,102.0,95.4,6.6,87.9,0.7439024390243902,4.93,103.8,97.2,6.6,87.5,-0.08536585365853655,0.11000000000000032,-1.7999999999999972,-1.7999999999999972,0.0,0.4000000000000057
2003-04,2004,2004-05-29,Los Angeles Lakers,96,Minnesota Timberwolves,98,1,0.7073170731707317,5.86,105.9,99.7,6.2,89.0,0.6829268292682927,4.35,105.5,101.3,4.2,92.3,0.024390243902438935,1.5100000000000007,0.4000000000000057,-1.5999999999999943,2.0,-3.299999999999997
2003-04,2004,2004-05-30,Detroit Pistons,83,Indiana Pacers,65,0,0.7439024390243902,4.93,103.8,97.2,6.6,87.5,0.6585365853658537,5.04,102.0,95.4,6.6,87.9,0.08536585365853655,-0.11000000000000032,1.7999999999999972,1.7999999999999972,0.0,-0.4000000000000057
2003-04,2004,2004-05-31,Minnesota Timberwolves,90,Los Angeles Lakers,96,1,0.6829268292682927,4.35,105.5,101.3,4.2,92.3,0.7073170731707317,5.86,105.9,99.7,6.2,89.0,-0.024390243902438935,-1.5100000000000007,-0.4000000000000057,1.5999999999999943,-2.0,3.299999999999997
2003-04,2004,2004-06-01,Indiana Pacers,65,Detroit Pistons,69,1,0.6585365853658537,5.04,102.0,95.4,6.6,87.9,0.7439024390243902,4.93,103.8,97.2,6.6,87.5,-0.08536585365853655,0.11000000000000032,-1.7999999999999972,-1.7999999999999972,0.0,0.4000000000000057
2003-04,2004,2004-06-06,Detroit Pistons,87,Los Angeles Lakers,75,0,0.6829268292682927,4.35,105.5,101.3,4.2,92.3,0.6585365853658537,5.04,102.0,95.4,6.6,87.9,0.024390243902439046,-0.6900000000000004,3.5,5.8999999999999915,-2.3999999999999995,4.3999999999999915
2003-04,2004,2004-06-08,Detroit Pistons,91,Los Angeles Lakers,99,1,0.6829268292682927,4.35,105.5,101.3,4.2,92.3,0.6585365853658537,5.04,102.0,95.4,6.6,87.9,0.024390243902439046,-0.6900000000000004,3.5,5.8999999999999915,-2.3999999999999995,4.3999999999999915
2003-04,2004,2004-06-10,Los Angeles Lakers,68,Detroit Pistons,88,1,0.6585365853658537,5.04,102.0,95.4,6.6,87.9,0.6829268292682927,4.35,105.5,101.3,4.2,92.3,-0.024390243902439046,0.6900000000000004,-3.5,-5.8999999999999915,2.3999999999999995,-4.3999999999999915
2003-04,2004,2004-06-13,Los Angeles Lakers,80,Detroit Pistons,88,1,0.6585365853658537,5.04,102.0,95.4,6.6,87.9,0.6829268292682927,4.35,105.5,101.3,4.2,92.3,-0.024390243902439046,0.6900000000000004,-3.5,-5.8999999999999915,2.3999999999999995,-4.3999999999999915
2003-04,2004,2004-06-15,Los Angeles Lakers,87,Detroit Pistons,100,1,0.6585365853658537,5.04,102.0,95.4,6.6,87.9,0.6829268292682927,4.35,105.5,101.3,4.2,92.3,-0.024390243902439046,0.6900000000000004,-3.5,-5.8999999999999915,2.3999999999999995,-4.3999999999999915
2004-05,2005,2005-04-23,Philadelphia 76ers,85,Detroit Pistons,106,1,0.6585365853658537,3.31,105.6,101.2,4.4,87.2,0.524390243902439,-1.07,103.5,104.3,-0.8,94.9,0.13414634146341464,4.38,2.0999999999999943,-3.0999999999999943,5.2,-7.700000000000003
2004-05,2005,2005-04-23,Houston Rockets,98,Dallas Mavericks,86,0,0.7073170731707317,5.86,110.3,104.1,6.2,92.7,0.6219512195121951,4.27,106.2,101.7,4.5,88.8,0.08536585365853655,1.5900000000000007,4.099999999999994,2.3999999999999915,1.7000000000000002,3.9000000000000057
2004-05,2005,2005-04-23,Indiana Pacers,82,Boston Celtics,102,1,0.5487804878048781,0.35,107.5,106.6,0.9,93.3,0.5365853658536586,0.49,105.5,104.6,0.9,87.2,0.012195121951219523,-0.14,2.0,2.0,0.0,6.099999999999994
2004-05,2005,2005-04-23,Sacramento Kings,82,Seattle SuperSonics,87,1,0.6341463414634146,2.59,112.2,109.6,2.6,87.9,0.6097560975609756,2.56,110.5,108.2,2.3,93.0,0.024390243902439046,0.029999999999999805,1.7000000000000028,1.3999999999999915,0.30000000000000027,-5.099999999999994
2004-05,2005,2005-04-24,New Jersey Nets,98,Miami Heat,116,1,0.7195121951219512,5.77,110.2,103.1,7.1,90.8,0.5121951219512195,-1.82,101.4,103.1,-1.7,89.1,0.20731707317073167,7.59,8.799999999999997,0.0,8.799999999999999,1.7000000000000028
2004-05,2005,2005-04-24,Washington Wizards,94,Chicago Bulls,103,1,0.573170731707317,0.65,101.4,100.3,1.1,92.4,0.5487804878048781,-0.71,107.2,107.5,-0.3,93.3,0.024390243902438935,1.3599999999999999,-5.799999999999997,-7.200000000000003,1.4000000000000001,-0.8999999999999915
2004-05,2005,2005-04-24,Denver Nuggets,93,San Antonio Spurs,87,0,0.7195121951219512,7.84,107.5,98.8,8.7,88.9,0.5975609756097561,2.23,106.0,103.9,2.1,93.5,0.12195121951219512,5.609999999999999,1.5,-5.1000000000000085,6.6,-4.599999999999994
2004-05,2005,2005-04-24,Memphis Grizzlies,103,Phoenix Suns,114,1,0.7560975609756098,7.08,114.5,107.1,7.4,95.9,0.5487804878048781,2.64,105.5,102.9,2.6,88.5,0.20731707317073167,4.4399999999999995,9.0,4.199999999999989,4.800000000000001,7.400000000000006
2004-05,2005,2005-04-25,Indiana Pacers,82,Boston Celtics,79,0,0.5487804878048781,0.35,107.5,106.6,0.9,93.3,0.5365853658536586,0.49,105.5,104.6,0.9,87.2,0.012195121951219523,-0.14,2.0,2.0,0.0,6.099999999999994
2004-05,2005,2005-04-25,Houston Rockets,113,Dallas Mavericks,111,0,0.7073170731707317,5.86,110.3,104.1,6.2,92.7,0.6219512195121951,4.27,106.2,101.7,4.5,88.8,0.08536585365853655,1.5900000000000007,4.099999999999994,2.3999999999999915,1.7000000000000002,3.9000000000000057
2004-05,2005,2005-04-26,Philadelphia 76ers,84,Detroit Pistons,99,1,0.6585365853658537,3.31,105.6,101.2,4.4,87.2,0.524390243902439,-1.07,103.5,104.3,-0.8,94.9,0.13414634146341464,4.38,2.0999999999999943,-3.0999999999999943,5.2,-7.700000000000003
2004-05,2005,2005-04-26,New Jersey Nets,87,Miami Heat,104,1,0.7195121951219512,5.77,110.2,103.1,7.1,90.8,0.5121951219512195,-1.82,101.4,103.1,-1.7,89.1,0.20731707317073167,7.59,8.799999999999997,0.0,8.799999999999999,1.7000000000000028
2004-05,2005,2005-04-26,Sacramento Kings,93,Seattle SuperSonics,105,1,0.6341463414634146,2.59,112.2,109.6,2.6,87.9,0.6097560975609756,2.56,110.5,108.2,2.3,93.0,0.024390243902439046,0.029999999999999805,1.7000000000000028,1.3999999999999915,0.30000000000000027,-5.099999999999994
2004-05,2005,2005-04-27,Denver Nuggets,76,San Antonio Spurs,104,1,0.7195121951219512,7.84,107.5,98.8,8.7,88.9,0.5975609756097561,2.23,106.0,103.9,2.1,93.5,0.12195121951219512,5.609999999999999,1.5,-5.1000000000000085,6.6,-4.599999999999994
2004-05,2005,2005-04-27,Washington Wizards,103,Chicago Bulls,113,1,0.573170731707317,0.65,101.4,100.3,1.1,92.4,0.5487804878048781,-0.71,107.2,107.5,-0.3,93.3,0.024390243902438935,1.3599999999999999,-5.799999999999997,-7.200000000000003,1.4000000000000001,-0.8999999999999915
2004-05,2005,2005-04-27,Memphis Grizzlies,103,Phoenix Suns,108,1,0.7560975609756098,7.08,114.5,107.1,7.4,95.9,0.5487804878048781,2.64,105.5,102.9,2.6,88.5,0.20731707317073167,4.4399999999999995,9.0,4.199999999999989,4.800000000000001,7.400000000000006
2004-05,2005,2005-04-28,Miami Heat,108,New Jersey Nets,105,0,0.5121951219512195,-1.82,101.4,103.1,-1.7,89.1,0.7195121951219512,5.77,110.2,103.1,7.1,90.8,-0.20731707317073167,-7.59,-8.799999999999997,0.0,-8.799999999999999,-1.7000000000000028
2004-05,2005,2005-04-28,Boston Celtics,76,Indiana Pacers,99,1,0.5365853658536586,0.49,105.5,104.6,0.9,87.2,0.5487804878048781,0.35,107.5,106.6,0.9,93.3,-0.012195121951219523,0.14,-2.0,-2.0,0.0,-6.099999999999994
2004-05,2005,2005-04-28,Dallas Mavericks,106,Houston Rockets,102,0,0.6219512195121951,4.27,106.2,101.7,4.5,88.8,0.7073170731707317,5.86,110.3,104.1,6.2,92.7,-0.08536585365853655,-1.5900000000000007,-4.099999999999994,-2.3999999999999915,-1.7000000000000002,-3.9000000000000057
2004-05,2005,2005-04-29,Detroit Pistons,104,Philadelphia 76ers,115,1,0.524390243902439,-1.07,103.5,104.3,-0.8,94.9,0.6585365853658537,3.31,105.6,101.2,4.4,87.2,-0.13414634146341464,-4.38,-2.0999999999999943,3.0999999999999943,-5.2,7.700000000000003
2004-05,2005,2005-04-29,Phoenix Suns,110,Memphis Grizzlies,90,0,0.5487804878048781,2.64,105.5,102.9,2.6,88.5,0.7560975609756098,7.08,114.5,107.1,7.4,95.9,-0.20731707317073167,-4.4399999999999995,-9.0,-4.199999999999989,-4.800000000000001,-7.400000000000006
2004-05,2005,2005-04-29,Seattle SuperSonics,104,Sacramento Kings,116,1,0.6097560975609756,2.56,110.5,108.2,2.3,93.0,0.6341463414634146,2.59,112.2,109.6,2.6,87.9,-0.024390243902439046,-0.029999999999999805,-1.7000000000000028,-1.3999999999999915,-0.30000000000000027,5.099999999999994
2004-05,2005,2005-04-30,Chicago Bulls,99,Washington Wizards,117,1,0.5487804878048781,-0.71,107.2,107.5,-0.3,93.3,0.573170731707317,0.65,101.4,100.3,1.1,92.4,-0.024390243902438935,-1.3599999999999999,5.799999999999997,7.200000000000003,-1.4000000000000001,0.8999999999999915
2004-05,2005,2005-04-30,Dallas Mavericks,97,Houston Rockets,93,0,0.6219512195121951,4.27,106.2,101.7,4.5,88.8,0.7073170731707317,5.86,110.3,104.1,6.2,92.7,-0.08536585365853655,-1.5900000000000007,-4.099999999999994,-2.3999999999999915,-1.7000000000000002,-3.9000000000000057
2004-05,2005,2005-04-30,Boston Celtics,110,Indiana Pacers,79,0,0.5365853658536586,0.49,105.5,104.6,0.9,87.2,0.5487804878048781,0.35,107.5,106.6,0.9,93.3,-0.012195121951219523,0.14,-2.0,-2.0,0.0,-6.099999999999994
2004-05,2005,2005-04-30,San Antonio Spurs,86,Denver Nuggets,78,0,0.5975609756097561,2.23,106.0,103.9,2.1,93.5,0.7195121951219512,7.84,107.5,98.8,8.7,88.9,-0.12195121951219512,-5.609999999999999,-1.5,5.1000000000000085,-6.6,4.599999999999994
2004-05,2005,2005-05-01,Detroit Pistons,97,Philadelphia 76ers,92,0,0.524390243902439,-1.07,103.5,104.3,-0.8,94.9,0.6585365853658537,3.31,105.6,101.2,4.4,87.2,-0.13414634146341464,-4.38,-2.0999999999999943,3.0999999999999943,-5.2,7.700000000000003
2004-05,2005,2005-05-01,Miami Heat,110,New Jersey Nets,97,0,0.5121951219512195,-1.82,101.4,103.1,-1.7,89.1,0.7195121951219512,5.77,110.2,103.1,7.1,90.8,-0.20731707317073167,-7.59,-8.799999999999997,0.0,-8.799999999999999,-1.7000000000000028
2004-05,2005,2005-05-01,Phoenix Suns,123,Memphis Grizzlies,115,0,0.5487804878048781,2.64,105.5,102.9,2.6,88.5,0.7560975609756098,7.08,114.5,107.1,7.4,95.9,-0.20731707317073167,-4.4399999999999995,-9.0,-4.199999999999989,-4.800000000000001,-7.400000000000006
2004-05,2005,2005-05-01,Seattle SuperSonics,115,Sacramento Kings,102,0,0.6097560975609756,2.56,110.5,108.2,2.3,93.0,0.6341463414634146,2.59,112.2,109.6,2.6,87.9,-0.024390243902439046,-0.029999999999999805,-1.7000000000000028,-1.3999999999999915,-0.30000000000000027,5.099999999999994
2004-05,2005,2005-05-02,Chicago Bulls,99,Washington Wizards,106,1,0.5487804878048781,-0.71,107.2,107.5,-0.3,93.3,0.573170731707317,0.65,101.4,100.3,1.1,92.4,-0.024390243902438935,-1.3599999999999999,5.799999999999997,7.200000000000003,-1.4000000000000001,0.8999999999999915
2004-05,2005,2005-05-02,Houston Rockets,100,Dallas Mavericks,103,1,0.7073170731707317,5.86,110.3,104.1,6.2,92.7,0.6219512195121951,4.27,106.2,101.7,4.5,88.8,0.08536585365853655,1.5900000000000007,4.099999999999994,2.3999999999999915,1.7000000000000002,3.9000000000000057
2004-05,2005,2005-05-02,San Antonio Spurs,126,Denver Nuggets,115,0,0.5975609756097561,2.23,106.0,103.9,2.1,93.5,0.7195121951219512,7.84,107.5,98.8,8.7,88.9,-0.12195121951219512,-5.609999999999999,-1.5,5.1000000000000085,-6.6,4.599999999999994
2004-05,2005,2005-05-03,Indiana Pacers,90,Boston Celtics,85,0,0.5487804878048781,0.35,107.5,106.6,0.9,93.3,0.5365853658536586,0.49,105.5,104.6,0.9,87.2,0.012195121951219523,-0.14,2.0,2.0,0.0,6.099999999999994
2004-05,2005,2005-05-03,Philadelphia 76ers,78,Detroit Pistons,88,1,0.6585365853658537,3.31,105.6,101.2,4.4,87.2,0.524390243902439,-1.07,103.5,104.3,-0.8,94.9,0.13414634146341464,4.38,2.0999999999999943,-3.0999999999999943,5.2,-7.700000000000003
2004-05,2005,2005-05-03,Sacramento Kings,118,Seattle SuperSonics,122,1,0.6341463414634146,2.59,112.2,109.6,2.6,87.9,0.6097560975609756,2.56,110.5,108.2,2.3,93.0,0.024390243902439046,0.029999999999999805,1.7000000000000028,1.3999999999999915,0.30000000000000027,-5.099999999999994
2004-05,2005,2005-05-04,Washington Wizards,112,Chicago Bulls,110,0,0.573170731707317,0.65,101.4,100.3,1.1,92.4,0.5487804878048781,-0.71,107.2,107.5,-0.3,93.3,0.024390243902438935,1.3599999999999999,-5.799999999999997,-7.200000000000003,1.4000000000000001,-0.8999999999999915
2004-05,2005,2005-05-04,Denver Nuggets,89,San Antonio Spurs,99,1,0.7195121951219512,7.84,107.5,98.8,8.7,88.9,0.5975609756097561,2.23,106.0,103.9,2.1,93.5,0.12195121951219512,5.609999999999999,1.5,-5.1000000000000085,6.6,-4.599999999999994
2004-05,2005,2005-05-05,Boston Celtics,92,Indiana Pacers,89,0,0.5365853658536586,0.49,105.5,104.6,0.9,87.2,0.5487804878048781,0.35,107.5,106.6,0.9,93.3,-0.012195121951219523,0.14,-2.0,-2.0,0.0,-6.099999999999994
2004-05,2005,2005-05-05,Dallas Mavericks,83,Houston Rockets,101,1,0.6219512195121951,4.27,106.2,101.7,4.5,88.8,0.7073170731707317,5.86,110.3,104.1,6.2,92.7,-0.08536585365853655,-1.5900000000000007,-4.099999999999994,-2.3999999999999915,-1.7000000000000002,-3.9000000000000057
2004-05,2005,2005-05-06,Chicago Bulls,91,Washington Wizards,94,1,0.5487804878048781,-0.71,107.2,107.5,-0.3,93.3,0.573170731707317,0.65,101.4,100.3,1.1,92.4,-0.024390243902438935,-1.3599999999999999,5.799999999999997,7.200000000000003,-1.4000000000000001,0.8999999999999915
2004-05,2005,2005-05-07,Indiana Pacers,97,Boston Celtics,70,0,0.5487804878048781,0.35,107.5,106.6,0.9,93.3,0.5365853658536586,0.49,105.5,104.6,0.9,87.2,0.012195121951219523,-0.14,2.0,2.0,0.0,6.099999999999994
2004-05,2005,2005-05-07,Houston Rockets,76,Dallas Mavericks,116,1,0.7073170731707317,5.86,110.3,104.1,6.2,92.7,0.6219512195121951,4.27,106.2,101.7,4.5,88.8,0.08536585365853655,1.5900000000000007,4.099999999999994,2.3999999999999915,1.7000000000000002,3.9000000000000057
2004-05,2005,2005-05-08,Washington Wizards,86,Miami Heat,105,1,0.7195121951219512,5.77,110.2,103.1,7.1,90.8,0.5487804878048781,-0.71,107.2,107.5,-0.3,93.3,0.1707317073170731,6.4799999999999995,3.0,-4.400000000000006,7.3999999999999995,-2.5
2004-05,2005,2005-05-08,Seattle SuperSonics,81,San Antonio Spurs,103,1,0.7195121951219512,7.84,107.5,98.8,8.7,88.9,0.6341463414634146,2.59,112.2,109.6,2.6,87.9,0.08536585365853655,5.25,-4.700000000000003,-10.799999999999997,6.1,1.0
2004-05,2005,2005-05-09,Indiana Pacers,81,Detroit Pistons,96,1,0.6585365853658537,3.31,105.6,101.2,4.4,87.2,0.5365853658536586,0.49,105.5,104.6,0.9,87.2,0.12195121951219512,2.8200000000000003,0.09999999999999432,-3.3999999999999915,3.5000000000000004,0.0
2004-05,2005,2005-05-09,Dallas Mavericks,102,Phoenix Suns,127,1,0.7560975609756098,7.08,114.5,107.1,7.4,95.9,0.7073170731707317,5.86,110.3,104.1,6.2,92.7,0.04878048780487809,1.2199999999999998,4.200000000000003,3.0,1.2000000000000002,3.200000000000003
2004-05,2005,2005-05-10,Washington Wizards,102,Miami Heat,108,1,0.7195121951219512,5.77,110.2,103.1,7.1,90.8,0.5487804878048781,-0.71,107.2,107.5,-0.3,93.3,0.1707317073170731,6.4799999999999995,3.0,-4.400000000000006,7.3999999999999995,-2.5
2004-05,2005,2005-05-10,Seattle SuperSonics,91,San Antonio Spurs,108,1,0.7195121951219512,7.84,107.5,98.8,8.7,88.9,0.6341463414634146,2.59,112.2,109.6,2.6,87.9,0.08536585365853655,5.25,-4.700000000000003,-10.799999999999997,6.1,1.0
2004-05,2005,2005-05-11,Indiana Pacers,92,Detroit Pistons,83,0,0.6585365853658537,3.31,105.6,101.2,4.4,87.2,0.5365853658536586,0.49,105.5,104.6,0.9,87.2,0.12195121951219512,2.8200000000000003,0.09999999999999432,-3.3999999999999915,3.5000000000000004,0.0
2004-05,2005,2005-05-11,Dallas Mavericks,108,Phoenix Suns,106,0,0.7560975609756098,7.08,114.5,107.1,7.4,95.9,0.7073170731707317,5.86,110.3,104.1,6.2,92.7,0.04878048780487809,1.2199999999999998,4.200000000000003,3.0,1.2000000000000002,3.200000000000003
2004-05,2005,2005-05-12,Miami Heat,102,Washington Wizards,95,0,0.5487804878048781,-0.71,107.2,107.5,-0.3,93.3,0.7195121951219512,5.77,110.2,103.1,7.1,90.8,-0.1707317073170731,-6.4799999999999995,-3.0,4.400000000000006,-7.3999999999999995,2.5
2004-05,2005,2005-05-12,San Antonio Spurs,91,Seattle SuperSonics,92,1,0.6341463414634146,2.59,112.2,109.6,2.6,87.9,0.7195121951219512,7.84,107.5,98.8,8.7,88.9,-0.08536585365853655,-5.25,4.700000000000003,10.799999999999997,-6.1,-1.0
2004-05,2005,2005-05-13,Detroit Pistons,74,Indiana Pacers,79,1,0.5365853658536586,0.49,105.5,104.6,0.9,87.2,0.6585365853658537,3.31,105.6,101.2,4.4,87.2,-0.12195121951219512,-2.8200000000000003,-0.09999999999999432,3.3999999999999915,-3.5000000000000004,0.0
2004-05,2005,2005-05-13,Phoenix Suns,119,Dallas Mavericks,102,0,0.7073170731707317,5.86,110.3,104.1,6.2,92.7,0.7560975609756098,7.08,114.5,107.1,7.4,95.9,-0.04878048780487809,-1.2199999999999998,-4.200000000000003,-3.0,-1.2000000000000002,-3.200000000000003
2004-05,2005,2005-05-14,Miami Heat,99,Washington Wizards,95,0,0.5487804878048781,-0.71,107.2,107.5,-0.3,93.3,0.7195121951219512,5.77,110.2,103.1,7.1,90.8,-0.1707317073170731,-6.4799999999999995,-3.0,4.400000000000006,-7.3999999999999995,2.5
2004-05,2005,2005-05-15,Detroit Pistons,89,Indiana Pacers,76,0,0.5365853658536586,0.49,105.5,104.6,0.9,87.2,0.6585365853658537,3.31,105.6,101.2,4.4,87.2,-0.12195121951219512,-2.8200000000000003,-0.09999999999999432,3.3999999999999915,-3.5000000000000004,0.0
2004-05,2005,2005-05-15,San Antonio Spurs,89,Seattle SuperSonics,101,1,0.6341463414634146,2.59,112.2,109.6,2.6,87.9,0.7195121951219512,7.84,107.5,98.8,8.7,88.9,-0.08536585365853655,-5.25,4.700000000000003,10.799999999999997,-6.1,-1.0
2004-05,2005,2005-05-15,Phoenix Suns,109,Dallas Mavericks,119,1,0.7073170731707317,5.86,110.3,104.1,6.2,92.7,0.7560975609756098,7.08,114.5,107.1,7.4,95.9,-0.04878048780487809,-1.2199999999999998,-4.200000000000003,-3.0,-1.2000000000000002,-3.200000000000003
2004-05,2005,2005-05-17,Indiana Pacers,67,Detroit Pistons,86,1,0.6585365853658537,3.31,105.6,101.2,4.4,87.2,0.5365853658536586,0.49,105.5,104.6,0.9,87.2,0.12195121951219512,2.8200000000000003,0.09999999999999432,-3.3999999999999915,3.5000000000000004,0.0
2004-05,2005,2005-05-17,Seattle SuperSonics,90,San Antonio Spurs,103,1,0.7195121951219512,7.84,107.5,98.8,8.7,88.9,0.6341463414634146,2.59,112.2,109.6,2.6,87.9,0.08536585365853655,5.25,-4.700000000000003,-10.799999999999997,6.1,1.0
2004-05,2005,2005-05-18,Dallas Mavericks,108,Phoenix Suns,114,1,0.7560975609756098,7.08,114.5,107.1,7.4,95.9,0.7073170731707317,5.86,110.3,104.1,6.2,92.7,0.04878048780487809,1.2199999999999998,4.200000000000003,3.0,1.2000000000000002,3.200000000000003
2004-05,2005,2005-05-19,Detroit Pistons,88,Indiana Pacers,79,0,0.5365853658536586,0.49,105.5,104.6,0.9,87.2,0.6585365853658537,3.31,105.6,101.2,4.4,87.2,-0.12195121951219512,-2.8200000000000003,-0.09999999999999432,3.3999999999999915,-3.5000000000000004,0.0
2004-05,2005,2005-05-19,San Antonio Spurs,98,Seattle SuperSonics,96,0,0.6341463414634146,2.59,112.2,109.6,2.6,87.9,0.7195121951219512,7.84,107.5,98.8,8.7,88.9,-0.08536585365853655,-5.25,4.700000000000003,10.799999999999997,-6.1,-1.0
2004-05,2005,2005-05-20,Phoenix Suns,130,Dallas Mavericks,126,0,0.7073170731707317,5.86,110.3,104.1,6.2,92.7,0.7560975609756098,7.08,114.5,107.1,7.4,95.9,-0.04878048780487809,-1.2199999999999998,-4.200000000000003,-3.0,-1.2000000000000002,-3.200000000000003
2004-05,2005,2005-05-22,San Antonio Spurs,121,Phoenix Suns,114,0,0.7560975609756098,7.08,114.5,107.1,7.4,95.9,0.7195121951219512,7.84,107.5,98.8,8.7,88.9,0.03658536585365857,-0.7599999999999998,7.0,8.299999999999997,-1.299999999999999,7.0
2004-05,2005,2005-05-23,Detroit Pistons,90,Miami Heat,81,0,0.7195121951219512,5.77,110.2,103.1,7.1,90.8,0.6585365853658537,3.31,105.6,101.2,4.4,87.2,0.060975609756097504,2.4599999999999995,4.6000000000000085,1.8999999999999915,2.6999999999999993,3.5999999999999943
2004-05,2005,2005-05-24,San Antonio Spurs,111,Phoenix Suns,108,0,0.7560975609756098,7.08,114.5,107.1,7.4,95.9,0.7195121951219512,7.84,107.5,98.8,8.7,88.9,0.03658536585365857,-0.7599999999999998,7.0,8.299999999999997,-1.299999999999999,7.0
2004-05,2005,2005-05-25,Detroit Pistons,86,Miami Heat,92,1,0.7195121951219512,5.77,110.2,103.1,7.1,90.8,0.6585365853658537,3.31,105.6,101.2,4.4,87.2,0.060975609756097504,2.4599999999999995,4.6000000000000085,1.8999999999999915,2.6999999999999993,3.5999999999999943
2004-05,2005,2005-05-28,Phoenix Suns,92,San Antonio Spurs,102,1,0.7195121951219512,7.84,107.5,98.8,8.7,88.9,0.7560975609756098,7.08,114.5,107.1,7.4,95.9,-0.03658536585365857,0.7599999999999998,-7.0,-8.299999999999997,1.299999999999999,-7.0
2004-05,2005,2005-05-29,Miami Heat,113,Detroit Pistons,104,0,0.6585365853658537,3.31,105.6,101.2,4.4,87.2,0.7195121951219512,5.77,110.2,103.1,7.1,90.8,-0.060975609756097504,-2.4599999999999995,-4.6000000000000085,-1.8999999999999915,-2.6999999999999993,-3.5999999999999943
2004-05,2005,2005-05-30,Phoenix Suns,111,San Antonio Spurs,106,0,0.7195121951219512,7.84,107.5,98.8,8.7,88.9,0.7560975609756098,7.08,114.5,107.1,7.4,95.9,-0.03658536585365857,0.7599999999999998,-7.0,-8.299999999999997,1.299999999999999,-7.0
2004-05,2005,2005-05-31,Miami Heat,96,Detroit Pistons,106,1,0.6585365853658537,3.31,105.6,101.2,4.4,87.2,0.7195121951219512,5.77,110.2,103.1,7.1,90.8,-0.060975609756097504,-2.4599999999999995,-4.6000000000000085,-1.8999999999999915,-2.6999999999999993,-3.5999999999999943
2004-05,2005,2005-06-01,San Antonio Spurs,101,Phoenix Suns,95,0,0.7560975609756098,7.08,114.5,107.1,7.4,95.9,0.7195121951219512,7.84,107.5,98.8,8.7,88.9,0.03658536585365857,-0.7599999999999998,7.0,8.299999999999997,-1.299999999999999,7.0
2004-05,2005,2005-06-02,Detroit Pistons,76,Miami Heat,88,1,0.7195121951219512,5.77,110.2,103.1,7.1,90.8,0.6585365853658537,3.31,105.6,101.2,4.4,87.2,0.060975609756097504,2.4599999999999995,4.6000000000000085,1.8999999999999915,2.6999999999999993,3.5999999999999943
2004-05,2005,2005-06-04,Miami Heat,66,Detroit Pistons,91,1,0.6585365853658537,3.31,105.6,101.2,4.4,87.2,0.7195121951219512,5.77,110.2,103.1,7.1,90.8,-0.060975609756097504,-2.4599999999999995,-4.6000000000000085,-1.8999999999999915,-2.6999999999999993,-3.5999999999999943
2004-05,2005,2005-06-06,Detroit Pistons,88,Miami Heat,82,0,0.7195121951219512,5.77,110.2,103.1,7.1,90.8,0.6585365853658537,3.31,105.6,101.2,4.4,87.2,0.060975609756097504,2.4599999999999995,4.6000000000000085,1.8999999999999915,2.6999999999999993,3.5999999999999943
2004-05,2005,2005-06-09,Detroit Pistons,69,San Antonio Spurs,84,1,0.7195121951219512,7.84,107.5,98.8,8.7,88.9,0.6585365853658537,3.31,105.6,101.2,4.4,87.2,0.060975609756097504,4.529999999999999,1.9000000000000057,-2.4000000000000057,4.299999999999999,1.7000000000000028
2004-05,2005,2005-06-12,Detroit Pistons,76,San Antonio Spurs,97,1,0.7195121951219512,7.84,107.5,98.8,8.7,88.9,0.6585365853658537,3.31,105.6,101.2,4.4,87.2,0.060975609756097504,4.529999999999999,1.9000000000000057,-2.4000000000000057,4.299999999999999,1.7000000000000028
2004-05,2005,2005-06-14,San Antonio Spurs,79,Detroit Pistons,96,1,0.6585365853658537,3.31,105.6,101.2,4.4,87.2,0.7195121951219512,7.84,107.5,98.8,8.7,88.9,-0.060975609756097504,-4.529999999999999,-1.9000000000000057,2.4000000000000057,-4.299999999999999,-1.7000000000000028
2004-05,2005,2005-06-16,San Antonio Spurs,71,Detroit Pistons,102,1,0.6585365853658537,3.31,105.6,101.2,4.4,87.2,0.7195121951219512,7.84,107.5,98.8,8.7,88.9,-0.060975609756097504,-4.529999999999999,-1.9000000000000057,2.4000000000000057,-4.299999999999999,-1.7000000000000028
2004-05,2005,2005-06-19,San Antonio Spurs,96,Detroit Pistons,95,0,0.6585365853658537,3.31,105.6,101.2,4.4,87.2,0.7195121951219512,7.84,107.5,98.8,8.7,88.9,-0.060975609756097504,-4.529999999999999,-1.9000000000000057,2.4000000000000057,-4.299999999999999,-1.7000000000000028
2004-05,2005,2005-06-21,Detroit Pistons,95,San Antonio Spurs,86,0,0.7195121951219512,7.84,107.5,98.8,8.7,88.9,0.6585365853658537,3.31,105.6,101.2,4.4,87.2,0.060975609756097504,4.529999999999999,1.9000000000000057,-2.4000000000000057,4.299999999999999,1.7000000000000028
2004-05,2005,2005-06-23,Detroit Pistons,74,San Antonio Spurs,81,1,0.7195121951219512,7.84,107.5,98.8,8.7,88.9,0.6585365853658537,3.31,105.6,101.2,4.4,87.2,0.060975609756097504,4.529999999999999,1.9000000000000057,-2.4000000000000057,4.299999999999999,1.7000000000000028
2005-06,2006,2006-04-22,Washington Wizards,86,Cleveland Cavaliers,97,1,0.6097560975609756,2.17,107.8,105.4,2.4,89.8,0.5121951219512195,1.57,109.3,107.3,2.0,92.3,0.09756097560975607,0.5999999999999999,-1.5,-1.8999999999999915,0.3999999999999999,-2.5
2005-06,2006,2006-04-22,Sacramento Kings,88,San Antonio Spurs,122,1,0.7682926829268293,6.69,107.3,99.6,7.7,88.5,0.5365853658536586,1.61,106.7,105.0,1.7,91.9,0.23170731707317072,5.08,0.5999999999999943,-5.400000000000006,6.0,-3.4000000000000057
2005-06,2006,2006-04-22,Chicago Bulls,106,Miami Heat,111,1,0.6341463414634146,3.59,108.7,104.5,4.2,91.6,0.5,0.51,104.0,103.4,0.6,92.9,0.13414634146341464,3.08,4.700000000000003,1.0999999999999943,3.6,-1.3000000000000114
2005-06,2006,2006-04-22,Denver Nuggets,87,Los Angeles Clippers,89,1,0.573170731707317,1.75,105.3,103.6,1.7,91.7,0.5365853658536586,0.36,105.5,105.2,0.3,93.9,0.03658536585365846,1.3900000000000001,-0.20000000000000284,-1.6000000000000085,1.4,-2.200000000000003
2005-06,2006,2006-04-23,Indiana Pacers,90,New Jersey Nets,88,0,0.5975609756097561,1.11,103.9,102.4,1.5,89.8,0.5,1.62,104.5,102.4,2.1,89.7,0.09756097560975607,-0.51,-0.5999999999999943,0.0,-0.6000000000000001,0.09999999999999432
2005-06,2006,2006-04-23,Los Angeles Lakers,102,Phoenix Suns,107,1,0.6585365853658537,5.48,111.5,105.8,5.7,95.8,0.5487804878048781,2.53,108.4,105.7,2.7,90.9,0.1097560975609756,2.9500000000000006,3.0999999999999943,0.09999999999999432,3.0,4.8999999999999915
2005-06,2006,2006-04-23,Milwaukee Bucks,74,Detroit Pistons,92,1,0.7804878048780488,6.24,110.8,103.1,7.7,86.8,0.4878048780487805,-1.07,106.3,107.4,-1.1,91.2,0.29268292682926833,7.3100000000000005,4.5,-4.300000000000011,8.8,-4.400000000000006
2005-06,2006,2006-04-23,Memphis Grizzlies,93,Dallas Mavericks,103,1,0.7317073170731707,5.96,111.8,105.0,6.8,87.8,0.5975609756097561,3.74,105.9,101.6,4.3,86.3,0.13414634146341464,2.2199999999999998,5.8999999999999915,3.4000000000000057,2.5,1.5
2005-06,2006,2006-04-24,Chicago Bulls,108,Miami Heat,115,1,0.6341463414634146,3.59,108.7,104.5,4.2,91.6,0.5,0.51,104.0,103.4,0.6,92.9,0.13414634146341464,3.08,4.700000000000003,1.0999999999999943,3.6,-1.3000000000000114
2005-06,2006,2006-04-24,Denver Nuggets,87,Los Angeles Clippers,98,1,0.573170731707317,1.75,105.3,103.6,1.7,91.7,0.5365853658536586,0.36,105.5,105.2,0.3,93.9,0.03658536585365846,1.3900000000000001,-0.20000000000000284,-1.6000000000000085,1.4,-2.200000000000003
2005-06,2006,2006-04-25,Washington Wizards,89,Cleveland Cavaliers,84,0,0.6097560975609756,2.17,107.8,105.4,2.4,89.8,0.5121951219512195,1.57,109.3,107.3,2.0,92.3,0.09756097560975607,0.5999999999999999,-1.5,-1.8999999999999915,0.3999999999999999,-2.5
2005-06,2006,2006-04-25,Indiana Pacers,75,New Jersey Nets,90,1,0.5975609756097561,1.11,103.9,102.4,1.5,89.8,0.5,1.62,104.5,102.4,2.1,89.7,0.09756097560975607,-0.51,-0.5999999999999943,0.0,-0.6000000000000001,0.09999999999999432
2005-06,2006,2006-04-25,Sacramento Kings,119,San Antonio Spurs,128,1,0.7682926829268293,6.69,107.3,99.6,7.7,88.5,0.5365853658536586,1.61,106.7,105.0,1.7,91.9,0.23170731707317072,5.08,0.5999999999999943,-5.400000000000006,6.0,-3.4000000000000057
2005-06,2006,2006-04-26,Milwaukee Bucks,98,Detroit Pistons,109,1,0.7804878048780488,6.24,110.8,103.1,7.7,86.8,0.4878048780487805,-1.07,106.3,107.4,-1.1,91.2,0.29268292682926833,7.3100000000000005,4.5,-4.300000000000011,8.8,-4.400000000000006
2005-06,2006,2006-04-26,Memphis Grizzlies,79,Dallas Mavericks,94,1,0.7317073170731707,5.96,111.8,105.0,6.8,87.8,0.5975609756097561,3.74,105.9,101.6,4.3,86.3,0.13414634146341464,2.2199999999999998,5.8999999999999915,3.4000000000000057,2.5,1.5
2005-06,2006,2006-04-26,Los Angeles Lakers,99,Phoenix Suns,93,0,0.6585365853658537,5.48,111.5,105.8,5.7,95.8,0.5487804878048781,2.53,108.4,105.7,2.7,90.9,0.1097560975609756,2.9500000000000006,3.0999999999999943,0.09999999999999432,3.0,4.8999999999999915
2005-06,2006,2006-04-27,New Jersey Nets,95,Indiana Pacers,107,1,0.5,1.62,104.5,102.4,2.1,89.7,0.5975609756097561,1.11,103.9,102.4,1.5,89.8,-0.09756097560975607,0.51,0.5999999999999943,0.0,0.6000000000000001,-0.09999999999999432
2005-06,2006,2006-04-27,Miami Heat,90,Chicago Bulls,109,1,0.5,0.51,104.0,103.4,0.6,92.9,0.6341463414634146,3.59,108.7,104.5,4.2,91.6,-0.13414634146341464,-3.08,-4.700000000000003,-1.0999999999999943,-3.6,1.3000000000000114
2005-06,2006,2006-04-27,Los Angeles Clippers,87,Denver Nuggets,94,1,0.5365853658536586,0.36,105.5,105.2,0.3,93.9,0.573170731707317,1.75,105.3,103.6,1.7,91.7,-0.03658536585365846,-1.3900000000000001,0.20000000000000284,1.6000000000000085,-1.4,2.200000000000003
2005-06,2006,2006-04-28,Cleveland Cavaliers,97,Washington Wizards,96,0,0.5121951219512195,1.57,109.3,107.3,2.0,92.3,0.6097560975609756,2.17,107.8,105.4,2.4,89.8,-0.09756097560975607,-0.5999999999999999,1.5,1.8999999999999915,-0.3999999999999999,2.5
2005-06,2006,2006-04-28,San Antonio Spurs,93,Sacramento Kings,94,1,0.5365853658536586,1.61,106.7,105.0,1.7,91.9,0.7682926829268293,6.69,107.3,99.6,7.7,88.5,-0.23170731707317072,-5.08,-0.5999999999999943,5.400000000000006,-6.0,3.4000000000000057
2005-06,2006,2006-04-28,Phoenix Suns,92,Los Angeles Lakers,99,1,0.5487804878048781,2.53,108.4,105.7,2.7,90.9,0.6585365853658537,5.48,111.5,105.8,5.7,95.8,-0.1097560975609756,-2.9500000000000006,-3.0999999999999943,-0.09999999999999432,-3.0,-4.8999999999999915
2005-06,2006,2006-04-29,New Jersey Nets,97,Indiana Pacers,88,0,0.5,1.62,104.5,102.4,2.1,89.7,0.5975609756097561,1.11,103.9,102.4,1.5,89.8,-0.09756097560975607,0.51,0.5999999999999943,0.0,0.6000000000000001,-0.09999999999999432
2005-06,2006,2006-04-29,Dallas Mavericks,94,Memphis Grizzlies,89,0,0.5975609756097561,3.74,105.9,101.6,4.3,86.3,0.7317073170731707,5.96,111.8,105.0,6.8,87.8,-0.13414634146341464,-2.2199999999999998,-5.8999999999999915,-3.4000000000000057,-2.5,-1.5
2005-06,2006,2006-04-29,Detroit Pistons,104,Milwaukee Bucks,124,1,0.4878048780487805,-1.07,106.3,107.4,-1.1,91.2,0.7804878048780488,6.24,110.8,103.1,7.7,86.8,-0.29268292682926833,-7.3100000000000005,-4.5,4.300000000000011,-8.8,4.400000000000006
2005-06,2006,2006-04-29,Los Angeles Clippers,100,Denver Nuggets,86,0,0.5365853658536586,0.36,105.5,105.2,0.3,93.9,0.573170731707317,1.75,105.3,103.6,1.7,91.7,-0.03658536585365846,-1.3900000000000001,0.20000000000000284,1.6000000000000085,-1.4,2.200000000000003
2005-06,2006,2006-04-30,Miami Heat,87,Chicago Bulls,93,1,0.5,0.51,104.0,103.4,0.6,92.9,0.6341463414634146,3.59,108.7,104.5,4.2,91.6,-0.13414634146341464,-3.08,-4.700000000000003,-1.0999999999999943,-3.6,1.3000000000000114
2005-06,2006,2006-04-30,Phoenix Suns,98,Los Angeles Lakers,99,1,0.5487804878048781,2.53,108.4,105.7,2.7,90.9,0.6585365853658537,5.48,111.5,105.8,5.7,95.8,-0.1097560975609756,-2.9500000000000006,-3.0999999999999943,-0.09999999999999432,-3.0,-4.8999999999999915
2005-06,2006,2006-04-30,Cleveland Cavaliers,96,Washington Wizards,106,1,0.5121951219512195,1.57,109.3,107.3,2.0,92.3,0.6097560975609756,2.17,107.8,105.4,2.4,89.8,-0.09756097560975607,-0.5999999999999999,1.5,1.8999999999999915,-0.3999999999999999,2.5
2005-06,2006,2006-04-30,San Antonio Spurs,84,Sacramento Kings,102,1,0.5365853658536586,1.61,106.7,105.0,1.7,91.9,0.7682926829268293,6.69,107.3,99.6,7.7,88.5,-0.23170731707317072,-5.08,-0.5999999999999943,5.400000000000006,-6.0,3.4000000000000057
2005-06,2006,2006-05-01,Dallas Mavericks,102,Memphis Grizzlies,76,0,0.5975609756097561,3.74,105.9,101.6,4.3,86.3,0.7317073170731707,5.96,111.8,105.0,6.8,87.8,-0.13414634146341464,-2.2199999999999998,-5.8999999999999915,-3.4000000000000057,-2.5,-1.5
2005-06,2006,2006-05-01,Detroit Pistons,109,Milwaukee Bucks,99,0,0.4878048780487805,-1.07,106.3,107.4,-1.1,91.2,0.7804878048780488,6.24,110.8,103.1,7.7,86.8,-0.29268292682926833,-7.3100000000000005,-4.5,4.300000000000011,-8.8,4.400000000000006
2005-06,2006,2006-05-01,Denver Nuggets,83,Los Angeles Clippers,101,1,0.573170731707317,1.75,105.3,103.6,1.7,91.7,0.5365853658536586,0.36,105.5,105.2,0.3,93.9,0.03658536585365846,1.3900000000000001,-0.20000000000000284,-1.6000000000000085,1.4,-2.200000000000003
2005-06,2006,2006-05-02,Indiana Pacers,86,New Jersey Nets,92,1,0.5975609756097561,1.11,103.9,102.4,1.5,89.8,0.5,1.62,104.5,102.4,2.1,89.7,0.09756097560975607,-0.51,-0.5999999999999943,0.0,-0.6000000000000001,0.09999999999999432
2005-06,2006,2006-05-02,Chicago Bulls,78,Miami Heat,92,1,0.6341463414634146,3.59,108.7,104.5,4.2,91.6,0.5,0.51,104.0,103.4,0.6,92.9,0.13414634146341464,3.08,4.700000000000003,1.0999999999999943,3.6,-1.3000000000000114
2005-06,2006,2006-05-02,Sacramento Kings,98,San Antonio Spurs,109,1,0.7682926829268293,6.69,107.3,99.6,7.7,88.5,0.5365853658536586,1.61,106.7,105.0,1.7,91.9,0.23170731707317072,5.08,0.5999999999999943,-5.400000000000006,6.0,-3.4000000000000057
2005-06,2006,2006-05-02,Los Angeles Lakers,97,Phoenix Suns,114,1,0.6585365853658537,5.48,111.5,105.8,5.7,95.8,0.5487804878048781,2.53,108.4,105.7,2.7,90.9,0.1097560975609756,2.9500000000000006,3.0999999999999943,0.09999999999999432,3.0,4.8999999999999915
2005-06,2006,2006-05-03,Milwaukee Bucks,93,Detroit Pistons,122,1,0.7804878048780488,6.24,110.8,103.1,7.7,86.8,0.4878048780487805,-1.07,106.3,107.4,-1.1,91.2,0.29268292682926833,7.3100000000000005,4.5,-4.300000000000011,8.8,-4.400000000000006
2005-06,2006,2006-05-03,Washington Wizards,120,Cleveland Cavaliers,121,1,0.6097560975609756,2.17,107.8,105.4,2.4,89.8,0.5121951219512195,1.57,109.3,107.3,2.0,92.3,0.09756097560975607,0.5999999999999999,-1.5,-1.8999999999999915,0.3999999999999999,-2.5
2005-06,2006,2006-05-04,New Jersey Nets,96,Indiana Pacers,90,0,0.5,1.62,104.5,102.4,2.1,89.7,0.5975609756097561,1.11,103.9,102.4,1.5,89.8,-0.09756097560975607,0.51,0.5999999999999943,0.0,0.6000000000000001,-0.09999999999999432
2005-06,2006,2006-05-04,Miami Heat,113,Chicago Bulls,96,0,0.5,0.51,104.0,103.4,0.6,92.9,0.6341463414634146,3.59,108.7,104.5,4.2,91.6,-0.13414634146341464,-3.08,-4.700000000000003,-1.0999999999999943,-3.6,1.3000000000000114
2005-06,2006,2006-05-04,Phoenix Suns,126,Los Angeles Lakers,118,0,0.5487804878048781,2.53,108.4,105.7,2.7,90.9,0.6585365853658537,5.48,111.5,105.8,5.7,95.8,-0.1097560975609756,-2.9500000000000006,-3.0999999999999943,-0.09999999999999432,-3.0,-4.8999999999999915
2005-06,2006,2006-05-05,Cleveland Cavaliers,114,Washington Wizards,113,0,0.5121951219512195,1.57,109.3,107.3,2.0,92.3,0.6097560975609756,2.17,107.8,105.4,2.4,89.8,-0.09756097560975607,-0.5999999999999999,1.5,1.8999999999999915,-0.3999999999999999,2.5
2005-06,2006,2006-05-05,San Antonio Spurs,105,Sacramento Kings,83,0,0.5365853658536586,1.61,106.7,105.0,1.7,91.9,0.7682926829268293,6.69,107.3,99.6,7.7,88.5,-0.23170731707317072,-5.08,-0.5999999999999943,5.400000000000006,-6.0,3.4000000000000057
2005-06,2006,2006-05-06,Los Angeles Lakers,90,Phoenix Suns,121,1,0.6585365853658537,5.48,111.5,105.8,5.7,95.8,0.5487804878048781,2.53,108.4,105.7,2.7,90.9,0.1097560975609756,2.9500000000000006,3.0999999999999943,0.09999999999999432,3.0,4.8999999999999915
2005-06,2006,2006-05-07,Dallas Mavericks,85,San Antonio Spurs,87,1,0.7682926829268293,6.69,107.3,99.6,7.7,88.5,0.7317073170731707,5.96,111.8,105.0,6.8,87.8,0.03658536585365857,0.7300000000000004,-4.5,-5.400000000000006,0.9000000000000004,0.7000000000000028
2005-06,2006,2006-05-07,Cleveland Cavaliers,86,Detroit Pistons,113,1,0.7804878048780488,6.24,110.8,103.1,7.7,86.8,0.6097560975609756,2.17,107.8,105.4,2.4,89.8,0.1707317073170732,4.07,3.0,-2.3000000000000114,5.300000000000001,-3.0
2005-06,2006,2006-05-08,New Jersey Nets,100,Miami Heat,88,0,0.6341463414634146,3.59,108.7,104.5,4.2,91.6,0.5975609756097561,1.11,103.9,102.4,1.5,89.8,0.03658536585365857,2.4799999999999995,4.799999999999997,2.0999999999999943,2.7,1.7999999999999972
2005-06,2006,2006-05-08,Los Angeles Clippers,123,Phoenix Suns,130,1,0.6585365853658537,5.48,111.5,105.8,5.7,95.8,0.573170731707317,1.75,105.3,103.6,1.7,91.7,0.08536585365853666,3.7300000000000004,6.200000000000003,2.200000000000003,4.0,4.099999999999994
2005-06,2006,2006-05-09,Cleveland Cavaliers,91,Detroit Pistons,97,1,0.7804878048780488,6.24,110.8,103.1,7.7,86.8,0.6097560975609756,2.17,107.8,105.4,2.4,89.8,0.1707317073170732,4.07,3.0,-2.3000000000000114,5.300000000000001,-3.0
2005-06,2006,2006-05-09,Dallas Mavericks,113,San Antonio Spurs,91,0,0.7682926829268293,6.69,107.3,99.6,7.7,88.5,0.7317073170731707,5.96,111.8,105.0,6.8,87.8,0.03658536585365857,0.7300000000000004,-4.5,-5.400000000000006,0.9000000000000004,0.7000000000000028
2005-06,2006,2006-05-10,New Jersey Nets,89,Miami Heat,111,1,0.6341463414634146,3.59,108.7,104.5,4.2,91.6,0.5975609756097561,1.11,103.9,102.4,1.5,89.8,0.03658536585365857,2.4799999999999995,4.799999999999997,2.0999999999999943,2.7,1.7999999999999972
2005-06,2006,2006-05-10,Los Angeles Clippers,122,Phoenix Suns,97,0,0.6585365853658537,5.48,111.5,105.8,5.7,95.8,0.573170731707317,1.75,105.3,103.6,1.7,91.7,0.08536585365853666,3.7300000000000004,6.200000000000003,2.200000000000003,4.0,4.099999999999994
2005-06,2006,2006-05-12,Miami Heat,103,New Jersey Nets,92,0,0.5975609756097561,1.11,103.9,102.4,1.5,89.8,0.6341463414634146,3.59,108.7,104.5,4.2,91.6,-0.03658536585365857,-2.4799999999999995,-4.799999999999997,-2.0999999999999943,-2.7,-1.7999999999999972
2005-06,2006,2006-05-12,Phoenix Suns,94,Los Angeles Clippers,91,0,0.573170731707317,1.75,105.3,103.6,1.7,91.7,0.6585365853658537,5.48,111.5,105.8,5.7,95.8,-0.08536585365853666,-3.7300000000000004,-6.200000000000003,-2.200000000000003,-4.0,-4.099999999999994
2005-06,2006,2006-05-13,Detroit Pistons,77,Cleveland Cavaliers,86,1,0.6097560975609756,2.17,107.8,105.4,2.4,89.8,0.7804878048780488,6.24,110.8,103.1,7.7,86.8,-0.1707317073170732,-4.07,-3.0,2.3000000000000114,-5.300000000000001,3.0
2005-06,2006,2006-05-13,San Antonio Spurs,103,Dallas Mavericks,104,1,0.7317073170731707,5.96,111.8,105.0,6.8,87.8,0.7682926829268293,6.69,107.3,99.6,7.7,88.5,-0.03658536585365857,-0.7300000000000004,4.5,5.400000000000006,-0.9000000000000004,-0.7000000000000028
2005-06,2006,2006-05-14,Miami Heat,102,New Jersey Nets,92,0,0.5975609756097561,1.11,103.9,102.4,1.5,89.8,0.6341463414634146,3.59,108.7,104.5,4.2,91.6,-0.03658536585365857,-2.4799999999999995,-4.799999999999997,-2.0999999999999943,-2.7,-1.7999999999999972
2005-06,2006,2006-05-14,Phoenix Suns,107,Los Angeles Clippers,114,1,0.573170731707317,1.75,105.3,103.6,1.7,91.7,0.6585365853658537,5.48,111.5,105.8,5.7,95.8,-0.08536585365853666,-3.7300000000000004,-6.200000000000003,-2.200000000000003,-4.0,-4.099999999999994
2005-06,2006,2006-05-15,Detroit Pistons,72,Cleveland Cavaliers,74,1,0.6097560975609756,2.17,107.8,105.4,2.4,89.8,0.7804878048780488,6.24,110.8,103.1,7.7,86.8,-0.1707317073170732,-4.07,-3.0,2.3000000000000114,-5.300000000000001,3.0
2005-06,2006,2006-05-15,San Antonio Spurs,118,Dallas Mavericks,123,1,0.7317073170731707,5.96,111.8,105.0,6.8,87.8,0.7682926829268293,6.69,107.3,99.6,7.7,88.5,-0.03658536585365857,-0.7300000000000004,4.5,5.400000000000006,-0.9000000000000004,-0.7000000000000028
2005-06,2006,2006-05-16,New Jersey Nets,105,Miami Heat,106,1,0.6341463414634146,3.59,108.7,104.5,4.2,91.6,0.5975609756097561,1.11,103.9,102.4,1.5,89.8,0.03658536585365857,2.4799999999999995,4.799999999999997,2.0999999999999943,2.7,1.7999999999999972
2005-06,2006,2006-05-16,Los Angeles Clippers,118,Phoenix Suns,125,1,0.6585365853658537,5.48,111.5,105.8,5.7,95.8,0.573170731707317,1.75,105.3,103.6,1.7,91.7,0.08536585365853666,3.7300000000000004,6.200000000000003,2.200000000000003,4.0,4.099999999999994
2005-06,2006,2006-05-17,Cleveland Cavaliers,86,Detroit Pistons,84,0,0.7804878048780488,6.24,110.8,103.1,7.7,86.8,0.6097560975609756,2.17,107.8,105.4,2.4,89.8,0.1707317073170732,4.07,3.0,-2.3000000000000114,5.300000000000001,-3.0
2005-06,2006,2006-05-17,Dallas Mavericks,97,San Antonio Spurs,98,1,0.7682926829268293,6.69,107.3,99.6,7.7,88.5,0.7317073170731707,5.96,111.8,105.0,6.8,87.8,0.03658536585365857,0.7300000000000004,-4.5,-5.400000000000006,0.9000000000000004,0.7000000000000028
2005-06,2006,2006-05-18,Phoenix Suns,106,Los Angeles Clippers,118,1,0.573170731707317,1.75,105.3,103.6,1.7,91.7,0.6585365853658537,5.48,111.5,105.8,5.7,95.8,-0.08536585365853666,-3.7300000000000004,-6.200000000000003,-2.200000000000003,-4.0,-4.099999999999994
2005-06,2006,2006-05-19,Detroit Pistons,84,Cleveland Cavaliers,82,0,0.6097560975609756,2.17,107.8,105.4,2.4,89.8,0.7804878048780488,6.24,110.8,103.1,7.7,86.8,-0.1707317073170732,-4.07,-3.0,2.3000000000000114,-5.300000000000001,3.0
2005-06,2006,2006-05-19,San Antonio Spurs,91,Dallas Mavericks,86,0,0.7317073170731707,5.96,111.8,105.0,6.8,87.8,0.7682926829268293,6.69,107.3,99.6,7.7,88.5,-0.03658536585365857,-0.7300000000000004,4.5,5.400000000000006,-0.9000000000000004,-0.7000000000000028
2005-06,2006,2006-05-21,Cleveland Cavaliers,61,Detroit Pistons,79,1,0.7804878048780488,6.24,110.8,103.1,7.7,86.8,0.6097560975609756,2.17,107.8,105.4,2.4,89.8,0.1707317073170732,4.07,3.0,-2.3000000000000114,5.300000000000001,-3.0
2005-06,2006,2006-05-22,Dallas Mavericks,119,San Antonio Spurs,111,0,0.7682926829268293,6.69,107.3,99.6,7.7,88.5,0.7317073170731707,5.96,111.8,105.0,6.8,87.8,0.03658536585365857,0.7300000000000004,-4.5,-5.400000000000006,0.9000000000000004,0.7000000000000028
2005-06,2006,2006-05-22,Los Angeles Clippers,107,Phoenix Suns,127,1,0.6585365853658537,5.48,111.5,105.8,5.7,95.8,0.573170731707317,1.75,105.3,103.6,1.7,91.7,0.08536585365853666,3.7300000000000004,6.200000000000003,2.200000000000003,4.0,4.099999999999994
2005-06,2006,2006-05-23,Miami Heat,91,Detroit Pistons,86,0,0.7804878048780488,6.24,110.8,103.1,7.7,86.8,0.6341463414634146,3.59,108.7,104.5,4.2,91.6,0.14634146341463417,2.6500000000000004,2.0999999999999943,-1.4000000000000057,3.5,-4.799999999999997
2005-06,2006,2006-05-24,Phoenix Suns,121,Dallas Mavericks,118,0,0.7317073170731707,5.96,111.8,105.0,6.8,87.8,0.6585365853658537,5.48,111.5,105.8,5.7,95.8,0.07317073170731703,0.47999999999999954,0.29999999999999716,-0.7999999999999972,1.0999999999999996,-8.0
2005-06,2006,2006-05-25,Miami Heat,88,Detroit Pistons,92,1,0.7804878048780488,6.24,110.8,103.1,7.7,86.8,0.6341463414634146,3.59,108.7,104.5,4.2,91.6,0.14634146341463417,2.6500000000000004,2.0999999999999943,-1.4000000000000057,3.5,-4.799999999999997
2005-06,2006,2006-05-26,Phoenix Suns,98,Dallas Mavericks,105,1,0.7317073170731707,5.96,111.8,105.0,6.8,87.8,0.6585365853658537,5.48,111.5,105.8,5.7,95.8,0.07317073170731703,0.47999999999999954,0.29999999999999716,-0.7999999999999972,1.0999999999999996,-8.0
2005-06,2006,2006-05-27,Detroit Pistons,83,Miami Heat,98,1,0.6341463414634146,3.59,108.7,104.5,4.2,91.6,0.7804878048780488,6.24,110.8,103.1,7.7,86.8,-0.14634146341463417,-2.6500000000000004,-2.0999999999999943,1.4000000000000057,-3.5,4.799999999999997
2005-06,2006,2006-05-28,Dallas Mavericks,95,Phoenix Suns,88,0,0.6585365853658537,5.48,111.5,105.8,5.7,95.8,0.7317073170731707,5.96,111.8,105.0,6.8,87.8,-0.07317073170731703,-0.47999999999999954,-0.29999999999999716,0.7999999999999972,-1.0999999999999996,8.0
2005-06,2006,2006-05-29,Detroit Pistons,78,Miami Heat,89,1,0.6341463414634146,3.59,108.7,104.5,4.2,91.6,0.7804878048780488,6.24,110.8,103.1,7.7,86.8,-0.14634146341463417,-2.6500000000000004,-2.0999999999999943,1.4000000000000057,-3.5,4.799999999999997
2005-06,2006,2006-05-30,Dallas Mavericks,86,Phoenix Suns,106,1,0.6585365853658537,5.48,111.5,105.8,5.7,95.8,0.7317073170731707,5.96,111.8,105.0,6.8,87.8,-0.07317073170731703,-0.47999999999999954,-0.29999999999999716,0.7999999999999972,-1.0999999999999996,8.0
2005-06,2006,2006-05-31,Miami Heat,78,Detroit Pistons,91,1,0.7804878048780488,6.24,110.8,103.1,7.7,86.8,0.6341463414634146,3.59,108.7,104.5,4.2,91.6,0.14634146341463417,2.6500000000000004,2.0999999999999943,-1.4000000000000057,3.5,-4.799999999999997
2005-06,2006,2006-06-01,Phoenix Suns,101,Dallas Mavericks,117,1,0.7317073170731707,5.96,111.8,105.0,6.8,87.8,0.6585365853658537,5.48,111.5,105.8,5.7,95.8,0.07317073170731703,0.47999999999999954,0.29999999999999716,-0.7999999999999972,1.0999999999999996,-8.0
2005-06,2006,2006-06-02,Detroit Pistons,78,Miami Heat,95,1,0.6341463414634146,3.59,108.7,104.5,4.2,91.6,0.7804878048780488,6.24,110.8,103.1,7.7,86.8,-0.14634146341463417,-2.6500000000000004,-2.0999999999999943,1.4000000000000057,-3.5,4.799999999999997
2005-06,2006,2006-06-03,Dallas Mavericks,102,Phoenix Suns,93,0,0.6585365853658537,5.48,111.5,105.8,5.7,95.8,0.7317073170731707,5.96,111.8,105.0,6.8,87.8,-0.07317073170731703,-0.47999999999999954,-0.29999999999999716,0.7999999999999972,-1.0999999999999996,8.0
2005-06,2006,2006-06-08,Miami Heat,80,Dallas Mavericks,90,1,0.7317073170731707,5.96,111.8,105.0,6.8,87.8,0.6341463414634146,3.59,108.7,104.5,4.2,91.6,0.09756097560975607,2.37,3.0999999999999943,0.5,2.5999999999999996,-3.799999999999997
2005-06,2006,2006-06-11,Miami Heat,85,Dallas Mavericks,99,1,0.7317073170731707,5.96,111.8,105.0,6.8,87.8,0.6341463414634146,3.59,108.7,104.5,4.2,91.6,0.09756097560975607,2.37,3.0999999999999943,0.5,2.5999999999999996,-3.799999999999997
2005-06,2006,2006-06-13,Dallas Mavericks,96,Miami Heat,98,1,0.6341463414634146,3.59,108.7,104.5,4.2,91.6,0.7317073170731707,5.96,111.8,105.0,6.8,87.8,-0.09756097560975607,-2.37,-3.0999999999999943,-0.5,-2.5999999999999996,3.799999999999997
2005-06,2006,2006-06-15,Dallas Mavericks,74,Miami Heat,98,1,0.6341463414634146,3.59,108.7,104.5,4.2,91.6,0.7317073170731707,5.96,111.8,105.0,6.8,87.8,-0.09756097560975607,-2.37,-3.0999999999999943,-0.5,-2.5999999999999996,3.799999999999997
2005-06,2006,2006-06-18,Dallas Mavericks,100,Miami Heat,101,1,0.6341463414634146,3.59,108.7,104.5,4.2,91.6,0.7317073170731707,5.96,111.8,105.0,6.8,87.8,-0.09756097560975607,-2.37,-3.0999999999999943,-0.5,-2.5999999999999996,3.799999999999997
2005-06,2006,2006-06-20,Miami Heat,95,Dallas Mavericks,92,0,0.7317073170731707,5.96,111.8,105.0,6.8,87.8,0.6341463414634146,3.59,108.7,104.5,4.2,91.6,0.09756097560975607,2.37,3.0999999999999943,0.5,2.5999999999999996,-3.799999999999997
2006-07,2007,2007-04-21,New Jersey Nets,96,Toronto Raptors,91,0,0.573170731707317,0.61,107.0,106.0,1.0,92.6,0.5,-1.0,105.7,106.6,-0.9,91.4,0.07317073170731703,1.6099999999999999,1.2999999999999972,-0.5999999999999943,1.9,1.1999999999999886
2006-07,2007,2007-04-21,Miami Heat,91,Chicago Bulls,96,1,0.5975609756097561,4.52,104.9,99.6,5.3,93.6,0.5365853658536586,-1.21,104.3,105.3,-1.0,89.9,0.060975609756097504,5.7299999999999995,0.6000000000000085,-5.700000000000003,6.3,3.6999999999999886
2006-07,2007,2007-04-21,Orlando Magic,92,Detroit Pistons,100,1,0.6463414634146342,3.69,108.9,104.2,4.7,87.3,0.4878048780487805,0.35,104.9,104.1,0.8,89.9,0.1585365853658537,3.34,4.0,0.10000000000000853,3.9000000000000004,-2.6000000000000085
2006-07,2007,2007-04-21,Utah Jazz,75,Houston Rockets,84,1,0.6341463414634146,5.04,106.0,100.7,5.3,90.7,0.6219512195121951,3.06,110.1,107.0,3.1,91.6,0.012195121951219523,1.98,-4.099999999999994,-6.299999999999997,2.1999999999999997,-0.8999999999999915
2006-07,2007,2007-04-22,Washington Wizards,82,Cleveland Cavaliers,97,1,0.6097560975609756,3.33,105.5,101.3,4.2,90.8,0.5,-0.8,110.1,110.6,-0.5,94.1,0.1097560975609756,4.13,-4.599999999999994,-9.299999999999997,4.7,-3.299999999999997
2006-07,2007,2007-04-22,Los Angeles Lakers,87,Phoenix Suns,95,1,0.7439024390243902,7.28,113.9,106.4,7.5,95.6,0.5121951219512195,0.24,108.6,108.6,0.0,93.5,0.23170731707317072,7.04,5.300000000000011,-2.1999999999999886,7.5,2.0999999999999943
2006-07,2007,2007-04-22,Denver Nuggets,95,San Antonio Spurs,89,0,0.7073170731707317,8.35,109.2,99.9,9.3,89.8,0.5487804878048781,1.69,107.6,105.9,1.7,97.4,0.15853658536585358,6.66,1.6000000000000085,-6.0,7.6000000000000005,-7.6000000000000085
2006-07,2007,2007-04-22,Golden State Warriors,97,Dallas Mavericks,85,0,0.8170731707317073,7.28,111.3,103.2,8.1,89.5,0.5121951219512195,0.0,107.0,107.4,-0.4,99.2,0.30487804878048774,7.28,4.299999999999997,-4.200000000000003,8.5,-9.700000000000003
2006-07,2007,2007-04-23,Orlando Magic,90,Detroit Pistons,98,1,0.6463414634146342,3.69,108.9,104.2,4.7,87.3,0.4878048780487805,0.35,104.9,104.1,0.8,89.9,0.1585365853658537,3.34,4.0,0.10000000000000853,3.9000000000000004,-2.6000000000000085
2006-07,2007,2007-04-23,Utah Jazz,90,Houston Rockets,98,1,0.6341463414634146,5.04,106.0,100.7,5.3,90.7,0.6219512195121951,3.06,110.1,107.0,3.1,91.6,0.012195121951219523,1.98,-4.099999999999994,-6.299999999999997,2.1999999999999997,-0.8999999999999915
2006-07,2007,2007-04-24,New Jersey Nets,83,Toronto Raptors,89,1,0.573170731707317,0.61,107.0,106.0,1.0,92.6,0.5,-1.0,105.7,106.6,-0.9,91.4,0.07317073170731703,1.6099999999999999,1.2999999999999972,-0.5999999999999943,1.9,1.1999999999999886
2006-07,2007,2007-04-24,Miami Heat,89,Chicago Bulls,107,1,0.5975609756097561,4.52,104.9,99.6,5.3,93.6,0.5365853658536586,-1.21,104.3,105.3,-1.0,89.9,0.060975609756097504,5.7299999999999995,0.6000000000000085,-5.700000000000003,6.3,3.6999999999999886
2006-07,2007,2007-04-24,Los Angeles Lakers,98,Phoenix Suns,126,1,0.7439024390243902,7.28,113.9,106.4,7.5,95.6,0.5121951219512195,0.24,108.6,108.6,0.0,93.5,0.23170731707317072,7.04,5.300000000000011,-2.1999999999999886,7.5,2.0999999999999943
2006-07,2007,2007-04-25,Denver Nuggets,88,San Antonio Spurs,97,1,0.7073170731707317,8.35,109.2,99.9,9.3,89.8,0.5487804878048781,1.69,107.6,105.9,1.7,97.4,0.15853658536585358,6.66,1.6000000000000085,-6.0,7.6000000000000005,-7.6000000000000085
2006-07,2007,2007-04-25,Washington Wizards,102,Cleveland Cavaliers,109,1,0.6097560975609756,3.33,105.5,101.3,4.2,90.8,0.5,-0.8,110.1,110.6,-0.5,94.1,0.1097560975609756,4.13,-4.599999999999994,-9.299999999999997,4.7,-3.299999999999997
2006-07,2007,2007-04-25,Golden State Warriors,99,Dallas Mavericks,112,1,0.8170731707317073,7.28,111.3,103.2,8.1,89.5,0.5121951219512195,0.0,107.0,107.4,-0.4,99.2,0.30487804878048774,7.28,4.299999999999997,-4.200000000000003,8.5,-9.700000000000003
2006-07,2007,2007-04-26,Detroit Pistons,93,Orlando Magic,77,0,0.4878048780487805,0.35,104.9,104.1,0.8,89.9,0.6463414634146342,3.69,108.9,104.2,4.7,87.3,-0.1585365853658537,-3.34,-4.0,-0.10000000000000853,-3.9000000000000004,2.6000000000000085
2006-07,2007,2007-04-26,Houston Rockets,67,Utah Jazz,81,1,0.6219512195121951,3.06,110.1,107.0,3.1,91.6,0.6341463414634146,5.04,106.0,100.7,5.3,90.7,-0.012195121951219523,-1.98,4.099999999999994,6.299999999999997,-2.1999999999999997,0.8999999999999915
2006-07,2007,2007-04-26,Phoenix Suns,89,Los Angeles Lakers,95,1,0.5121951219512195,0.24,108.6,108.6,0.0,93.5,0.7439024390243902,7.28,113.9,106.4,7.5,95.6,-0.23170731707317072,-7.04,-5.300000000000011,2.1999999999999886,-7.5,-2.0999999999999943
2006-07,2007,2007-04-27,Toronto Raptors,89,New Jersey Nets,102,1,0.5,-1.0,105.7,106.6,-0.9,91.4,0.573170731707317,0.61,107.0,106.0,1.0,92.6,-0.07317073170731703,-1.6099999999999999,-1.2999999999999972,0.5999999999999943,-1.9,-1.1999999999999886
2006-07,2007,2007-04-27,Chicago Bulls,104,Miami Heat,96,0,0.5365853658536586,-1.21,104.3,105.3,-1.0,89.9,0.5975609756097561,4.52,104.9,99.6,5.3,93.6,-0.060975609756097504,-5.7299999999999995,-0.6000000000000085,5.700000000000003,-6.3,-3.6999999999999886
2006-07,2007,2007-04-27,Dallas Mavericks,91,Golden State Warriors,109,1,0.5121951219512195,0.0,107.0,107.4,-0.4,99.2,0.8170731707317073,7.28,111.3,103.2,8.1,89.5,-0.30487804878048774,-7.28,-4.299999999999997,4.200000000000003,-8.5,9.700000000000003
2006-07,2007,2007-04-28,Detroit Pistons,97,Orlando Magic,93,0,0.4878048780487805,0.35,104.9,104.1,0.8,89.9,0.6463414634146342,3.69,108.9,104.2,4.7,87.3,-0.1585365853658537,-3.34,-4.0,-0.10000000000000853,-3.9000000000000004,2.6000000000000085
2006-07,2007,2007-04-28,Cleveland Cavaliers,98,Washington Wizards,92,0,0.5,-0.8,110.1,110.6,-0.5,94.1,0.6097560975609756,3.33,105.5,101.3,4.2,90.8,-0.1097560975609756,-4.13,4.599999999999994,9.299999999999997,-4.7,3.299999999999997
2006-07,2007,2007-04-28,San Antonio Spurs,96,Denver Nuggets,91,0,0.5487804878048781,1.69,107.6,105.9,1.7,97.4,0.7073170731707317,8.35,109.2,99.9,9.3,89.8,-0.15853658536585358,-6.66,-1.6000000000000085,6.0,-7.6000000000000005,7.6000000000000085
2006-07,2007,2007-04-28,Houston Rockets,85,Utah Jazz,98,1,0.6219512195121951,3.06,110.1,107.0,3.1,91.6,0.6341463414634146,5.04,106.0,100.7,5.3,90.7,-0.012195121951219523,-1.98,4.099999999999994,6.299999999999997,-2.1999999999999997,0.8999999999999915
2006-07,2007,2007-04-29,Chicago Bulls,92,Miami Heat,79,0,0.5365853658536586,-1.21,104.3,105.3,-1.0,89.9,0.5975609756097561,4.52,104.9,99.6,5.3,93.6,-0.060975609756097504,-5.7299999999999995,-0.6000000000000085,5.700000000000003,-6.3,-3.6999999999999886
2006-07,2007,2007-04-29,Phoenix Suns,113,Los Angeles Lakers,100,0,0.5121951219512195,0.24,108.6,108.6,0.0,93.5,0.7439024390243902,7.28,113.9,106.4,7.5,95.6,-0.23170731707317072,-7.04,-5.300000000000011,2.1999999999999886,-7.5,-2.0999999999999943
2006-07,2007,2007-04-29,Toronto Raptors,81,New Jersey Nets,102,1,0.5,-1.0,105.7,106.6,-0.9,91.4,0.573170731707317,0.61,107.0,106.0,1.0,92.6,-0.07317073170731703,-1.6099999999999999,-1.2999999999999972,0.5999999999999943,-1.9,-1.1999999999999886
2006-07,2007,2007-04-29,Dallas Mavericks,99,Golden State Warriors,103,1,0.5121951219512195,0.0,107.0,107.4,-0.4,99.2,0.8170731707317073,7.28,111.3,103.2,8.1,89.5,-0.30487804878048774,-7.28,-4.299999999999997,4.200000000000003,-8.5,9.700000000000003
2006-07,2007,2007-04-30,Cleveland Cavaliers,97,Washington Wizards,90,0,0.5,-0.8,110.1,110.6,-0.5,94.1,0.6097560975609756,3.33,105.5,101.3,4.2,90.8,-0.1097560975609756,-4.13,4.599999999999994,9.299999999999997,-4.7,3.299999999999997
2006-07,2007,2007-04-30,Utah Jazz,92,Houston Rockets,96,1,0.6341463414634146,5.04,106.0,100.7,5.3,90.7,0.6219512195121951,3.06,110.1,107.0,3.1,91.6,0.012195121951219523,1.98,-4.099999999999994,-6.299999999999997,2.1999999999999997,-0.8999999999999915
2006-07,2007,2007-04-30,San Antonio Spurs,96,Denver Nuggets,89,0,0.5487804878048781,1.69,107.6,105.9,1.7,97.4,0.7073170731707317,8.35,109.2,99.9,9.3,89.8,-0.15853658536585358,-6.66,-1.6000000000000085,6.0,-7.6000000000000005,7.6000000000000085
2006-07,2007,2007-05-01,New Jersey Nets,96,Toronto Raptors,98,1,0.573170731707317,0.61,107.0,106.0,1.0,92.6,0.5,-1.0,105.7,106.6,-0.9,91.4,0.07317073170731703,1.6099999999999999,1.2999999999999972,-0.5999999999999943,1.9,1.1999999999999886
2006-07,2007,2007-05-01,Golden State Warriors,112,Dallas Mavericks,118,1,0.8170731707317073,7.28,111.3,103.2,8.1,89.5,0.5121951219512195,0.0,107.0,107.4,-0.4,99.2,0.30487804878048774,7.28,4.299999999999997,-4.200000000000003,8.5,-9.700000000000003
2006-07,2007,2007-05-02,Denver Nuggets,78,San Antonio Spurs,93,1,0.7073170731707317,8.35,109.2,99.9,9.3,89.8,0.5487804878048781,1.69,107.6,105.9,1.7,97.4,0.15853658536585358,6.66,1.6000000000000085,-6.0,7.6000000000000005,-7.6000000000000085
2006-07,2007,2007-05-02,Los Angeles Lakers,110,Phoenix Suns,119,1,0.7439024390243902,7.28,113.9,106.4,7.5,95.6,0.5121951219512195,0.24,108.6,108.6,0.0,93.5,0.23170731707317072,7.04,5.300000000000011,-2.1999999999999886,7.5,2.0999999999999943
2006-07,2007,2007-05-03,Houston Rockets,82,Utah Jazz,94,1,0.6219512195121951,3.06,110.1,107.0,3.1,91.6,0.6341463414634146,5.04,106.0,100.7,5.3,90.7,-0.012195121951219523,-1.98,4.099999999999994,6.299999999999997,-2.1999999999999997,0.8999999999999915
2006-07,2007,2007-05-03,Dallas Mavericks,86,Golden State Warriors,111,1,0.5121951219512195,0.0,107.0,107.4,-0.4,99.2,0.8170731707317073,7.28,111.3,103.2,8.1,89.5,-0.30487804878048774,-7.28,-4.299999999999997,4.200000000000003,-8.5,9.700000000000003
2006-07,2007,2007-05-04,Toronto Raptors,97,New Jersey Nets,98,1,0.5,-1.0,105.7,106.6,-0.9,91.4,0.573170731707317,0.61,107.0,106.0,1.0,92.6,-0.07317073170731703,-1.6099999999999999,-1.2999999999999972,0.5999999999999943,-1.9,-1.1999999999999886
2006-07,2007,2007-05-05,Chicago Bulls,69,Detroit Pistons,95,1,0.6463414634146342,3.69,108.9,104.2,4.7,87.3,0.5975609756097561,4.52,104.9,99.6,5.3,93.6,0.04878048780487809,-0.8299999999999996,4.0,4.6000000000000085,-0.5999999999999996,-6.299999999999997
2006-07,2007,2007-05-05,Utah Jazz,103,Houston Rockets,99,0,0.6341463414634146,5.04,106.0,100.7,5.3,90.7,0.6219512195121951,3.06,110.1,107.0,3.1,91.6,0.012195121951219523,1.98,-4.099999999999994,-6.299999999999997,2.1999999999999997,-0.8999999999999915
2006-07,2007,2007-05-06,New Jersey Nets,77,Cleveland Cavaliers,81,1,0.6097560975609756,3.33,105.5,101.3,4.2,90.8,0.5,-1.0,105.7,106.6,-0.9,91.4,0.1097560975609756,4.33,-0.20000000000000284,-5.299999999999997,5.1000000000000005,-0.6000000000000085
2006-07,2007,2007-05-06,San Antonio Spurs,111,Phoenix Suns,106,0,0.7439024390243902,7.28,113.9,106.4,7.5,95.6,0.7073170731707317,8.35,109.2,99.9,9.3,89.8,0.03658536585365857,-1.0699999999999994,4.700000000000003,6.5,-1.8000000000000007,5.799999999999997
2006-07,2007,2007-05-07,Chicago Bulls,87,Detroit Pistons,108,1,0.6463414634146342,3.69,108.9,104.2,4.7,87.3,0.5975609756097561,4.52,104.9,99.6,5.3,93.6,0.04878048780487809,-0.8299999999999996,4.0,4.6000000000000085,-0.5999999999999996,-6.299999999999997
2006-07,2007,2007-05-07,Golden State Warriors,112,Utah Jazz,116,1,0.6219512195121951,3.06,110.1,107.0,3.1,91.6,0.5121951219512195,0.0,107.0,107.4,-0.4,99.2,0.1097560975609756,3.06,3.0999999999999943,-0.4000000000000057,3.5,-7.6000000000000085
2006-07,2007,2007-05-08,New Jersey Nets,92,Cleveland Cavaliers,102,1,0.6097560975609756,3.33,105.5,101.3,4.2,90.8,0.5,-1.0,105.7,106.6,-0.9,91.4,0.1097560975609756,4.33,-0.20000000000000284,-5.299999999999997,5.1000000000000005,-0.6000000000000085
2006-07,2007,2007-05-08,San Antonio Spurs,81,Phoenix Suns,101,1,0.7439024390243902,7.28,113.9,106.4,7.5,95.6,0.7073170731707317,8.35,109.2,99.9,9.3,89.8,0.03658536585365857,-1.0699999999999994,4.700000000000003,6.5,-1.8000000000000007,5.799999999999997
2006-07,2007,2007-05-09,Golden State Warriors,117,Utah Jazz,127,1,0.6219512195121951,3.06,110.1,107.0,3.1,91.6,0.5121951219512195,0.0,107.0,107.4,-0.4,99.2,0.1097560975609756,3.06,3.0999999999999943,-0.4000000000000057,3.5,-7.6000000000000085
2006-07,2007,2007-05-10,Detroit Pistons,81,Chicago Bulls,74,0,0.5975609756097561,4.52,104.9,99.6,5.3,93.6,0.6463414634146342,3.69,108.9,104.2,4.7,87.3,-0.04878048780487809,0.8299999999999996,-4.0,-4.6000000000000085,0.5999999999999996,6.299999999999997
2006-07,2007,2007-05-11,Utah Jazz,105,Golden State Warriors,125,1,0.5121951219512195,0.0,107.0,107.4,-0.4,99.2,0.6219512195121951,3.06,110.1,107.0,3.1,91.6,-0.1097560975609756,-3.06,-3.0999999999999943,0.4000000000000057,-3.5,7.6000000000000085
2006-07,2007,2007-05-12,Cleveland Cavaliers,85,New Jersey Nets,96,1,0.5,-1.0,105.7,106.6,-0.9,91.4,0.6097560975609756,3.33,105.5,101.3,4.2,90.8,-0.1097560975609756,-4.33,0.20000000000000284,5.299999999999997,-5.1000000000000005,0.6000000000000085
2006-07,2007,2007-05-12,Phoenix Suns,101,San Antonio Spurs,108,1,0.7073170731707317,8.35,109.2,99.9,9.3,89.8,0.7439024390243902,7.28,113.9,106.4,7.5,95.6,-0.03658536585365857,1.0699999999999994,-4.700000000000003,-6.5,1.8000000000000007,-5.799999999999997
2006-07,2007,2007-05-13,Detroit Pistons,87,Chicago Bulls,102,1,0.5975609756097561,4.52,104.9,99.6,5.3,93.6,0.6463414634146342,3.69,108.9,104.2,4.7,87.3,-0.04878048780487809,0.8299999999999996,-4.0,-4.6000000000000085,0.5999999999999996,6.299999999999997
2006-07,2007,2007-05-13,Utah Jazz,115,Golden State Warriors,101,0,0.5121951219512195,0.0,107.0,107.4,-0.4,99.2,0.6219512195121951,3.06,110.1,107.0,3.1,91.6,-0.1097560975609756,-3.06,-3.0999999999999943,0.4000000000000057,-3.5,7.6000000000000085
2006-07,2007,2007-05-14,Cleveland Cavaliers,87,New Jersey Nets,85,0,0.5,-1.0,105.7,106.6,-0.9,91.4,0.6097560975609756,3.33,105.5,101.3,4.2,90.8,-0.1097560975609756,-4.33,0.20000000000000284,5.299999999999997,-5.1000000000000005,0.6000000000000085
2006-07,2007,2007-05-14,Phoenix Suns,104,San Antonio Spurs,98,0,0.7073170731707317,8.35,109.2,99.9,9.3,89.8,0.7439024390243902,7.28,113.9,106.4,7.5,95.6,-0.03658536585365857,1.0699999999999994,-4.700000000000003,-6.5,1.8000000000000007,-5.799999999999997
2006-07,2007,2007-05-15,Chicago Bulls,108,Detroit Pistons,92,0,0.6463414634146342,3.69,108.9,104.2,4.7,87.3,0.5975609756097561,4.52,104.9,99.6,5.3,93.6,0.04878048780487809,-0.8299999999999996,4.0,4.6000000000000085,-0.5999999999999996,-6.299999999999997
2006-07,2007,2007-05-15,Golden State Warriors,87,Utah Jazz,100,1,0.6219512195121951,3.06,110.1,107.0,3.1,91.6,0.5121951219512195,0.0,107.0,107.4,-0.4,99.2,0.1097560975609756,3.06,3.0999999999999943,-0.4000000000000057,3.5,-7.6000000000000085
2006-07,2007,2007-05-16,New Jersey Nets,83,Cleveland Cavaliers,72,0,0.6097560975609756,3.33,105.5,101.3,4.2,90.8,0.5,-1.0,105.7,106.6,-0.9,91.4,0.1097560975609756,4.33,-0.20000000000000284,-5.299999999999997,5.1000000000000005,-0.6000000000000085
2006-07,2007,2007-05-16,San Antonio Spurs,88,Phoenix Suns,85,0,0.7439024390243902,7.28,113.9,106.4,7.5,95.6,0.7073170731707317,8.35,109.2,99.9,9.3,89.8,0.03658536585365857,-1.0699999999999994,4.700000000000003,6.5,-1.8000000000000007,5.799999999999997
2006-07,2007,2007-05-17,Detroit Pistons,95,Chicago Bulls,85,0,0.5975609756097561,4.52,104.9,99.6,5.3,93.6,0.6463414634146342,3.69,108.9,104.2,4.7,87.3,-0.04878048780487809,0.8299999999999996,-4.0,-4.6000000000000085,0.5999999999999996,6.299999999999997
2006-07,2007,2007-05-18,Cleveland Cavaliers,88,New Jersey Nets,72,0,0.5,-1.0,105.7,106.6,-0.9,91.4,0.6097560975609756,3.33,105.5,101.3,4.2,90.8,-0.1097560975609756,-4.33,0.20000000000000284,5.299999999999997,-5.1000000000000005,0.6000000000000085
2006-07,2007,2007-05-18,Phoenix Suns,106,San Antonio Spurs,114,1,0.7073170731707317,8.35,109.2,99.9,9.3,89.8,0.7439024390243902,7.28,113.9,106.4,7.5,95.6,-0.03658536585365857,1.0699999999999994,-4.700000000000003,-6.5,1.8000000000000007,-5.799999999999997
2006-07,2007,2007-05-20,Utah Jazz,100,San Antonio Spurs,108,1,0.7073170731707317,8.35,109.2,99.9,9.3,89.8,0.6219512195121951,3.06,110.1,107.0,3.1,91.6,0.08536585365853655,5.289999999999999,-0.8999999999999915,-7.099999999999994,6.200000000000001,-1.7999999999999972
2006-07,2007,2007-05-21,Cleveland Cavaliers,76,Detroit Pistons,79,1,0.6463414634146342,3.69,108.9,104.2,4.7,87.3,0.6097560975609756,3.33,105.5,101.3,4.2,90.8,0.03658536585365857,0.3599999999999999,3.4000000000000057,2.9000000000000057,0.5,-3.5
2006-07,2007,2007-05-22,Utah Jazz,96,San Antonio Spurs,105,1,0.7073170731707317,8.35,109.2,99.9,9.3,89.8,0.6219512195121951,3.06,110.1,107.0,3.1,91.6,0.08536585365853655,5.289999999999999,-0.8999999999999915,-7.099999999999994,6.200000000000001,-1.7999999999999972
2006-07,2007,2007-05-24,Cleveland Cavaliers,76,Detroit Pistons,79,1,0.6463414634146342,3.69,108.9,104.2,4.7,87.3,0.6097560975609756,3.33,105.5,101.3,4.2,90.8,0.03658536585365857,0.3599999999999999,3.4000000000000057,2.9000000000000057,0.5,-3.5
2006-07,2007,2007-05-26,San Antonio Spurs,83,Utah Jazz,109,1,0.6219512195121951,3.06,110.1,107.0,3.1,91.6,0.7073170731707317,8.35,109.2,99.9,9.3,89.8,-0.08536585365853655,-5.289999999999999,0.8999999999999915,7.099999999999994,-6.200000000000001,1.7999999999999972
2006-07,2007,2007-05-27,Detroit Pistons,82,Cleveland Cavaliers,88,1,0.6097560975609756,3.33,105.5,101.3,4.2,90.8,0.6463414634146342,3.69,108.9,104.2,4.7,87.3,-0.03658536585365857,-0.3599999999999999,-3.4000000000000057,-2.9000000000000057,-0.5,3.5
2006-07,2007,2007-05-28,San Antonio Spurs,91,Utah Jazz,79,0,0.6219512195121951,3.06,110.1,107.0,3.1,91.6,0.7073170731707317,8.35,109.2,99.9,9.3,89.8,-0.08536585365853655,-5.289999999999999,0.8999999999999915,7.099999999999994,-6.200000000000001,1.7999999999999972
2006-07,2007,2007-05-29,Detroit Pistons,87,Cleveland Cavaliers,91,1,0.6097560975609756,3.33,105.5,101.3,4.2,90.8,0.6463414634146342,3.69,108.9,104.2,4.7,87.3,-0.03658536585365857,-0.3599999999999999,-3.4000000000000057,-2.9000000000000057,-0.5,3.5
2006-07,2007,2007-05-30,Utah Jazz,84,San Antonio Spurs,109,1,0.7073170731707317,8.35,109.2,99.9,9.3,89.8,0.6219512195121951,3.06,110.1,107.0,3.1,91.6,0.08536585365853655,5.289999999999999,-0.8999999999999915,-7.099999999999994,6.200000000000001,-1.7999999999999972
2006-07,2007,2007-05-31,Cleveland Cavaliers,109,Detroit Pistons,107,0,0.6463414634146342,3.69,108.9,104.2,4.7,87.3,0.6097560975609756,3.33,105.5,101.3,4.2,90.8,0.03658536585365857,0.3599999999999999,3.4000000000000057,2.9000000000000057,0.5,-3.5
2006-07,2007,2007-06-02,Detroit Pistons,82,Cleveland Cavaliers,98,1,0.6097560975609756,3.33,105.5,101.3,4.2,90.8,0.6463414634146342,3.69,108.9,104.2,4.7,87.3,-0.03658536585365857,-0.3599999999999999,-3.4000000000000057,-2.9000000000000057,-0.5,3.5
2006-07,2007,2007-06-07,Cleveland Cavaliers,76,San Antonio Spurs,85,1,0.7073170731707317,8.35,109.2,99.9,9.3,89.8,0.6097560975609756,3.33,105.5,101.3,4.2,90.8,0.09756097560975607,5.02,3.700000000000003,-1.3999999999999915,5.1000000000000005,-1.0
2006-07,2007,2007-06-10,Cleveland Cavaliers,92,San Antonio Spurs,103,1,0.7073170731707317,8.35,109.2,99.9,9.3,89.8,0.6097560975609756,3.33,105.5,101.3,4.2,90.8,0.09756097560975607,5.02,3.700000000000003,-1.3999999999999915,5.1000000000000005,-1.0
2006-07,2007,2007-06-12,San Antonio Spurs,75,Cleveland Cavaliers,72,0,0.6097560975609756,3.33,105.5,101.3,4.2,90.8,0.7073170731707317,8.35,109.2,99.9,9.3,89.8,-0.09756097560975607,-5.02,-3.700000000000003,1.3999999999999915,-5.1000000000000005,1.0
2006-07,2007,2007-06-14,San Antonio Spurs,83,Cleveland Cavaliers,82,0,0.6097560975609756,3.33,105.5,101.3,4.2,90.8,0.7073170731707317,8.35,109.2,99.9,9.3,89.8,-0.09756097560975607,-5.02,-3.700000000000003,1.3999999999999915,-5.1000000000000005,1.0
2007-08,2008,2008-04-19,Washington Wizards,86,Cleveland Cavaliers,93,1,0.5487804878048781,-0.53,106.0,106.4,-0.4,90.2,0.524390243902439,-0.61,109.2,109.6,-0.4,89.5,0.024390243902439046,0.07999999999999996,-3.200000000000003,-3.1999999999999886,0.0,0.7000000000000028
2007-08,2008,2008-04-19,Phoenix Suns,115,San Antonio Spurs,117,1,0.6829268292682927,5.1,107.2,101.8,5.4,88.8,0.6707317073170732,5.14,113.3,108.1,5.2,96.7,0.012195121951219523,-0.040000000000000036,-6.099999999999994,-6.299999999999997,0.20000000000000018,-7.900000000000006
2007-08,2008,2008-04-19,Dallas Mavericks,92,New Orleans Hornets,104,1,0.6829268292682927,5.46,111.5,105.7,5.8,89.9,0.6219512195121951,4.7,111.1,106.1,5.0,90.2,0.060975609756097615,0.7599999999999998,0.4000000000000057,-0.3999999999999915,0.7999999999999998,-0.29999999999999716
2007-08,2008,2008-04-19,Utah Jazz,93,Houston Rockets,82,0,0.6707317073170732,4.83,106.8,101.6,5.2,90.4,0.6585365853658537,6.86,113.8,106.5,7.3,93.2,0.012195121951219523,-2.0300000000000002,-7.0,-4.900000000000006,-2.0999999999999996,-2.799999999999997
2007-08,2008,2008-04-20,Toronto Raptors,100,Orlando Magic,114,1,0.6341463414634146,4.79,111.3,105.5,5.8,93.4,0.5,2.47,110.2,107.0,3.2,90.2,0.13414634146341464,2.32,1.0999999999999943,-1.5,2.5999999999999996,3.200000000000003
2007-08,2008,2008-04-20,Denver Nuggets,114,Los Angeles Lakers,128,1,0.6951219512195121,7.34,113.0,105.5,7.5,95.6,0.6097560975609756,3.74,110.0,106.3,3.7,99.7,0.08536585365853655,3.5999999999999996,3.0,-0.7999999999999972,3.8,-4.1000000000000085
2007-08,2008,2008-04-20,Philadelphia 76ers,90,Detroit Pistons,86,0,0.7195121951219512,6.67,111.4,102.9,8.5,87.3,0.4878048780487805,0.19,106.4,106.0,0.4,90.4,0.23170731707317072,6.4799999999999995,5.0,-3.0999999999999943,8.1,-3.1000000000000085
2007-08,2008,2008-04-20,Atlanta Hawks,81,Boston Celtics,104,1,0.8048780487804879,9.3,110.2,98.9,11.3,90.9,0.45121951219512196,-2.23,106.9,108.9,-2.0,91.1,0.3536585365853659,11.530000000000001,3.299999999999997,-10.0,13.3,-0.19999999999998863
2007-08,2008,2008-04-21,Washington Wizards,86,Cleveland Cavaliers,116,1,0.5487804878048781,-0.53,106.0,106.4,-0.4,90.2,0.524390243902439,-0.61,109.2,109.6,-0.4,89.5,0.024390243902439046,0.07999999999999996,-3.200000000000003,-3.1999999999999886,0.0,0.7000000000000028
2007-08,2008,2008-04-21,Utah Jazz,90,Houston Rockets,84,0,0.6707317073170732,4.83,106.8,101.6,5.2,90.4,0.6585365853658537,6.86,113.8,106.5,7.3,93.2,0.012195121951219523,-2.0300000000000002,-7.0,-4.900000000000006,-2.0999999999999996,-2.799999999999997
2007-08,2008,2008-04-22,Dallas Mavericks,103,New Orleans Hornets,127,1,0.6829268292682927,5.46,111.5,105.7,5.8,89.9,0.6219512195121951,4.7,111.1,106.1,5.0,90.2,0.060975609756097615,0.7599999999999998,0.4000000000000057,-0.3999999999999915,0.7999999999999998,-0.29999999999999716
2007-08,2008,2008-04-22,Toronto Raptors,103,Orlando Magic,104,1,0.6341463414634146,4.79,111.3,105.5,5.8,93.4,0.5,2.47,110.2,107.0,3.2,90.2,0.13414634146341464,2.32,1.0999999999999943,-1.5,2.5999999999999996,3.200000000000003
2007-08,2008,2008-04-22,Phoenix Suns,96,San Antonio Spurs,102,1,0.6829268292682927,5.1,107.2,101.8,5.4,88.8,0.6707317073170732,5.14,113.3,108.1,5.2,96.7,0.012195121951219523,-0.040000000000000036,-6.099999999999994,-6.299999999999997,0.20000000000000018,-7.900000000000006
2007-08,2008,2008-04-23,Philadelphia 76ers,88,Detroit Pistons,105,1,0.7195121951219512,6.67,111.4,102.9,8.5,87.3,0.4878048780487805,0.19,106.4,106.0,0.4,90.4,0.23170731707317072,6.4799999999999995,5.0,-3.0999999999999943,8.1,-3.1000000000000085
2007-08,2008,2008-04-23,Atlanta Hawks,77,Boston Celtics,96,1,0.8048780487804879,9.3,110.2,98.9,11.3,90.9,0.45121951219512196,-2.23,106.9,108.9,-2.0,91.1,0.3536585365853659,11.530000000000001,3.299999999999997,-10.0,13.3,-0.19999999999998863
2007-08,2008,2008-04-23,Denver Nuggets,107,Los Angeles Lakers,122,1,0.6951219512195121,7.34,113.0,105.5,7.5,95.6,0.6097560975609756,3.74,110.0,106.3,3.7,99.7,0.08536585365853655,3.5999999999999996,3.0,-0.7999999999999972,3.8,-4.1000000000000085
2007-08,2008,2008-04-24,Orlando Magic,94,Toronto Raptors,108,1,0.5,2.47,110.2,107.0,3.2,90.2,0.6341463414634146,4.79,111.3,105.5,5.8,93.4,-0.13414634146341464,-2.32,-1.0999999999999943,1.5,-2.5999999999999996,-3.200000000000003
2007-08,2008,2008-04-24,Cleveland Cavaliers,72,Washington Wizards,108,1,0.524390243902439,-0.61,109.2,109.6,-0.4,89.5,0.5487804878048781,-0.53,106.0,106.4,-0.4,90.2,-0.024390243902439046,-0.07999999999999996,3.200000000000003,3.1999999999999886,0.0,-0.7000000000000028
2007-08,2008,2008-04-24,Houston Rockets,94,Utah Jazz,92,0,0.6585365853658537,6.86,113.8,106.5,7.3,93.2,0.6707317073170732,4.83,106.8,101.6,5.2,90.4,-0.012195121951219523,2.0300000000000002,7.0,4.900000000000006,2.0999999999999996,2.799999999999997
2007-08,2008,2008-04-25,Detroit Pistons,75,Philadelphia 76ers,95,1,0.4878048780487805,0.19,106.4,106.0,0.4,90.4,0.7195121951219512,6.67,111.4,102.9,8.5,87.3,-0.23170731707317072,-6.4799999999999995,-5.0,3.0999999999999943,-8.1,3.1000000000000085
2007-08,2008,2008-04-25,New Orleans Hornets,87,Dallas Mavericks,97,1,0.6219512195121951,4.7,111.1,106.1,5.0,90.2,0.6829268292682927,5.46,111.5,105.7,5.8,89.9,-0.060975609756097615,-0.7599999999999998,-0.4000000000000057,0.3999999999999915,-0.7999999999999998,0.29999999999999716
2007-08,2008,2008-04-25,San Antonio Spurs,115,Phoenix Suns,99,0,0.6707317073170732,5.14,113.3,108.1,5.2,96.7,0.6829268292682927,5.1,107.2,101.8,5.4,88.8,-0.012195121951219523,0.040000000000000036,6.099999999999994,6.299999999999997,-0.20000000000000018,7.900000000000006
2007-08,2008,2008-04-26,Orlando Magic,106,Toronto Raptors,94,0,0.5,2.47,110.2,107.0,3.2,90.2,0.6341463414634146,4.79,111.3,105.5,5.8,93.4,-0.13414634146341464,-2.32,-1.0999999999999943,1.5,-2.5999999999999996,-3.200000000000003
2007-08,2008,2008-04-26,Los Angeles Lakers,102,Denver Nuggets,84,0,0.6097560975609756,3.74,110.0,106.3,3.7,99.7,0.6951219512195121,7.34,113.0,105.5,7.5,95.6,-0.08536585365853655,-3.5999999999999996,-3.0,0.7999999999999972,-3.8,4.1000000000000085
2007-08,2008,2008-04-26,Boston Celtics,93,Atlanta Hawks,102,1,0.45121951219512196,-2.23,106.9,108.9,-2.0,91.1,0.8048780487804879,9.3,110.2,98.9,11.3,90.9,-0.3536585365853659,-11.530000000000001,-3.299999999999997,10.0,-13.3,0.19999999999998863
2007-08,2008,2008-04-26,Houston Rockets,82,Utah Jazz,86,1,0.6585365853658537,6.86,113.8,106.5,7.3,93.2,0.6707317073170732,4.83,106.8,101.6,5.2,90.4,-0.012195121951219523,2.0300000000000002,7.0,4.900000000000006,2.0999999999999996,2.799999999999997
2007-08,2008,2008-04-27,Cleveland Cavaliers,100,Washington Wizards,97,0,0.524390243902439,-0.61,109.2,109.6,-0.4,89.5,0.5487804878048781,-0.53,106.0,106.4,-0.4,90.2,-0.024390243902439046,-0.07999999999999996,3.200000000000003,3.1999999999999886,0.0,-0.7000000000000028
2007-08,2008,2008-04-27,San Antonio Spurs,86,Phoenix Suns,105,1,0.6707317073170732,5.14,113.3,108.1,5.2,96.7,0.6829268292682927,5.1,107.2,101.8,5.4,88.8,-0.012195121951219523,0.040000000000000036,6.099999999999994,6.299999999999997,-0.20000000000000018,7.900000000000006
2007-08,2008,2008-04-27,Detroit Pistons,93,Philadelphia 76ers,84,0,0.4878048780487805,0.19,106.4,106.0,0.4,90.4,0.7195121951219512,6.67,111.4,102.9,8.5,87.3,-0.23170731707317072,-6.4799999999999995,-5.0,3.0999999999999943,-8.1,3.1000000000000085
2007-08,2008,2008-04-27,New Orleans Hornets,97,Dallas Mavericks,84,0,0.6219512195121951,4.7,111.1,106.1,5.0,90.2,0.6829268292682927,5.46,111.5,105.7,5.8,89.9,-0.060975609756097615,-0.7599999999999998,-0.4000000000000057,0.3999999999999915,-0.7999999999999998,0.29999999999999716
2007-08,2008,2008-04-28,Toronto Raptors,92,Orlando Magic,102,1,0.6341463414634146,4.79,111.3,105.5,5.8,93.4,0.5,2.47,110.2,107.0,3.2,90.2,0.13414634146341464,2.32,1.0999999999999943,-1.5,2.5999999999999996,3.200000000000003
2007-08,2008,2008-04-28,Boston Celtics,92,Atlanta Hawks,97,1,0.45121951219512196,-2.23,106.9,108.9,-2.0,91.1,0.8048780487804879,9.3,110.2,98.9,11.3,90.9,-0.3536585365853659,-11.530000000000001,-3.299999999999997,10.0,-13.3,0.19999999999998863
2007-08,2008,2008-04-28,Los Angeles Lakers,107,Denver Nuggets,101,0,0.6097560975609756,3.74,110.0,106.3,3.7,99.7,0.6951219512195121,7.34,113.0,105.5,7.5,95.6,-0.08536585365853655,-3.5999999999999996,-3.0,0.7999999999999972,-3.8,4.1000000000000085
2007-08,2008,2008-04-29,Philadelphia 76ers,81,Detroit Pistons,98,1,0.7195121951219512,6.67,111.4,102.9,8.5,87.3,0.4878048780487805,0.19,106.4,106.0,0.4,90.4,0.23170731707317072,6.4799999999999995,5.0,-3.0999999999999943,8.1,-3.1000000000000085
2007-08,2008,2008-04-29,Dallas Mavericks,94,New Orleans Hornets,99,1,0.6829268292682927,5.46,111.5,105.7,5.8,89.9,0.6219512195121951,4.7,111.1,106.1,5.0,90.2,0.060975609756097615,0.7599999999999998,0.4000000000000057,-0.3999999999999915,0.7999999999999998,-0.29999999999999716
2007-08,2008,2008-04-29,Utah Jazz,69,Houston Rockets,95,1,0.6707317073170732,4.83,106.8,101.6,5.2,90.4,0.6585365853658537,6.86,113.8,106.5,7.3,93.2,0.012195121951219523,-2.0300000000000002,-7.0,-4.900000000000006,-2.0999999999999996,-2.799999999999997
2007-08,2008,2008-04-29,Phoenix Suns,87,San Antonio Spurs,92,1,0.6829268292682927,5.1,107.2,101.8,5.4,88.8,0.6707317073170732,5.14,113.3,108.1,5.2,96.7,0.012195121951219523,-0.040000000000000036,-6.099999999999994,-6.299999999999997,0.20000000000000018,-7.900000000000006
2007-08,2008,2008-04-30,Washington Wizards,88,Cleveland Cavaliers,87,0,0.5487804878048781,-0.53,106.0,106.4,-0.4,90.2,0.524390243902439,-0.61,109.2,109.6,-0.4,89.5,0.024390243902439046,0.07999999999999996,-3.200000000000003,-3.1999999999999886,0.0,0.7000000000000028
2007-08,2008,2008-04-30,Atlanta Hawks,85,Boston Celtics,110,1,0.8048780487804879,9.3,110.2,98.9,11.3,90.9,0.45121951219512196,-2.23,106.9,108.9,-2.0,91.1,0.3536585365853659,11.530000000000001,3.299999999999997,-10.0,13.3,-0.19999999999998863
2007-08,2008,2008-05-01,Detroit Pistons,100,Philadelphia 76ers,77,0,0.4878048780487805,0.19,106.4,106.0,0.4,90.4,0.7195121951219512,6.67,111.4,102.9,8.5,87.3,-0.23170731707317072,-6.4799999999999995,-5.0,3.0999999999999943,-8.1,3.1000000000000085
2007-08,2008,2008-05-02,Cleveland Cavaliers,105,Washington Wizards,88,0,0.524390243902439,-0.61,109.2,109.6,-0.4,89.5,0.5487804878048781,-0.53,106.0,106.4,-0.4,90.2,-0.024390243902439046,-0.07999999999999996,3.200000000000003,3.1999999999999886,0.0,-0.7000000000000028
2007-08,2008,2008-05-02,Boston Celtics,100,Atlanta Hawks,103,1,0.45121951219512196,-2.23,106.9,108.9,-2.0,91.1,0.8048780487804879,9.3,110.2,98.9,11.3,90.9,-0.3536585365853659,-11.530000000000001,-3.299999999999997,10.0,-13.3,0.19999999999998863
2007-08,2008,2008-05-02,Houston Rockets,91,Utah Jazz,113,1,0.6585365853658537,6.86,113.8,106.5,7.3,93.2,0.6707317073170732,4.83,106.8,101.6,5.2,90.4,-0.012195121951219523,2.0300000000000002,7.0,4.900000000000006,2.0999999999999996,2.799999999999997
2007-08,2008,2008-05-03,Orlando Magic,72,Detroit Pistons,91,1,0.7195121951219512,6.67,111.4,102.9,8.5,87.3,0.6341463414634146,4.79,111.3,105.5,5.8,93.4,0.08536585365853655,1.88,0.10000000000000853,-2.5999999999999943,2.7,-6.1000000000000085
2007-08,2008,2008-05-03,San Antonio Spurs,82,New Orleans Hornets,101,1,0.6829268292682927,5.46,111.5,105.7,5.8,89.9,0.6829268292682927,5.1,107.2,101.8,5.4,88.8,0.0,0.3600000000000003,4.299999999999997,3.9000000000000057,0.39999999999999947,1.1000000000000085
2007-08,2008,2008-05-04,Atlanta Hawks,65,Boston Celtics,99,1,0.8048780487804879,9.3,110.2,98.9,11.3,90.9,0.45121951219512196,-2.23,106.9,108.9,-2.0,91.1,0.3536585365853659,11.530000000000001,3.299999999999997,-10.0,13.3,-0.19999999999998863
2007-08,2008,2008-05-04,Utah Jazz,98,Los Angeles Lakers,109,1,0.6951219512195121,7.34,113.0,105.5,7.5,95.6,0.6585365853658537,6.86,113.8,106.5,7.3,93.2,0.03658536585365846,0.47999999999999954,-0.7999999999999972,-1.0,0.20000000000000018,2.3999999999999915
2007-08,2008,2008-05-05,Orlando Magic,93,Detroit Pistons,100,1,0.7195121951219512,6.67,111.4,102.9,8.5,87.3,0.6341463414634146,4.79,111.3,105.5,5.8,93.4,0.08536585365853655,1.88,0.10000000000000853,-2.5999999999999943,2.7,-6.1000000000000085
2007-08,2008,2008-05-05,San Antonio Spurs,84,New Orleans Hornets,102,1,0.6829268292682927,5.46,111.5,105.7,5.8,89.9,0.6829268292682927,5.1,107.2,101.8,5.4,88.8,0.0,0.3600000000000003,4.299999999999997,3.9000000000000057,0.39999999999999947,1.1000000000000085
2007-08,2008,2008-05-06,Cleveland Cavaliers,72,Boston Celtics,76,1,0.8048780487804879,9.3,110.2,98.9,11.3,90.9,0.5487804878048781,-0.53,106.0,106.4,-0.4,90.2,0.25609756097560976,9.83,4.200000000000003,-7.5,11.700000000000001,0.7000000000000028
2007-08,2008,2008-05-07,Detroit Pistons,86,Orlando Magic,111,1,0.6341463414634146,4.79,111.3,105.5,5.8,93.4,0.7195121951219512,6.67,111.4,102.9,8.5,87.3,-0.08536585365853655,-1.88,-0.10000000000000853,2.5999999999999943,-2.7,6.1000000000000085
2007-08,2008,2008-05-07,Utah Jazz,110,Los Angeles Lakers,120,1,0.6951219512195121,7.34,113.0,105.5,7.5,95.6,0.6585365853658537,6.86,113.8,106.5,7.3,93.2,0.03658536585365846,0.47999999999999954,-0.7999999999999972,-1.0,0.20000000000000018,2.3999999999999915
2007-08,2008,2008-05-08,Cleveland Cavaliers,73,Boston Celtics,89,1,0.8048780487804879,9.3,110.2,98.9,11.3,90.9,0.5487804878048781,-0.53,106.0,106.4,-0.4,90.2,0.25609756097560976,9.83,4.200000000000003,-7.5,11.700000000000001,0.7000000000000028
2007-08,2008,2008-05-08,New Orleans Hornets,99,San Antonio Spurs,110,1,0.6829268292682927,5.1,107.2,101.8,5.4,88.8,0.6829268292682927,5.46,111.5,105.7,5.8,89.9,0.0,-0.3600000000000003,-4.299999999999997,-3.9000000000000057,-0.39999999999999947,-1.1000000000000085
2007-08,2008,2008-05-09,Los Angeles Lakers,99,Utah Jazz,104,1,0.6585365853658537,6.86,113.8,106.5,7.3,93.2,0.6951219512195121,7.34,113.0,105.5,7.5,95.6,-0.03658536585365846,-0.47999999999999954,0.7999999999999972,1.0,-0.20000000000000018,-2.3999999999999915
2007-08,2008,2008-05-10,Detroit Pistons,90,Orlando Magic,89,0,0.6341463414634146,4.79,111.3,105.5,5.8,93.4,0.7195121951219512,6.67,111.4,102.9,8.5,87.3,-0.08536585365853655,-1.88,-0.10000000000000853,2.5999999999999943,-2.7,6.1000000000000085
2007-08,2008,2008-05-10,Boston Celtics,84,Cleveland Cavaliers,108,1,0.5487804878048781,-0.53,106.0,106.4,-0.4,90.2,0.8048780487804879,9.3,110.2,98.9,11.3,90.9,-0.25609756097560976,-9.83,-4.200000000000003,7.5,-11.700000000000001,-0.7000000000000028
2007-08,2008,2008-05-11,Los Angeles Lakers,115,Utah Jazz,123,1,0.6585365853658537,6.86,113.8,106.5,7.3,93.2,0.6951219512195121,7.34,113.0,105.5,7.5,95.6,-0.03658536585365846,-0.47999999999999954,0.7999999999999972,1.0,-0.20000000000000018,-2.3999999999999915
2007-08,2008,2008-05-11,New Orleans Hornets,80,San Antonio Spurs,100,1,0.6829268292682927,5.1,107.2,101.8,5.4,88.8,0.6829268292682927,5.46,111.5,105.7,5.8,89.9,0.0,-0.3600000000000003,-4.299999999999997,-3.9000000000000057,-0.39999999999999947,-1.1000000000000085
2007-08,2008,2008-05-12,Boston Celtics,77,Cleveland Cavaliers,88,1,0.5487804878048781,-0.53,106.0,106.4,-0.4,90.2,0.8048780487804879,9.3,110.2,98.9,11.3,90.9,-0.25609756097560976,-9.83,-4.200000000000003,7.5,-11.700000000000001,-0.7000000000000028
2007-08,2008,2008-05-13,Orlando Magic,86,Detroit Pistons,91,1,0.7195121951219512,6.67,111.4,102.9,8.5,87.3,0.6341463414634146,4.79,111.3,105.5,5.8,93.4,0.08536585365853655,1.88,0.10000000000000853,-2.5999999999999943,2.7,-6.1000000000000085
2007-08,2008,2008-05-13,San Antonio Spurs,79,New Orleans Hornets,101,1,0.6829268292682927,5.46,111.5,105.7,5.8,89.9,0.6829268292682927,5.1,107.2,101.8,5.4,88.8,0.0,0.3600000000000003,4.299999999999997,3.9000000000000057,0.39999999999999947,1.1000000000000085
2007-08,2008,2008-05-14,Cleveland Cavaliers,89,Boston Celtics,96,1,0.8048780487804879,9.3,110.2,98.9,11.3,90.9,0.5487804878048781,-0.53,106.0,106.4,-0.4,90.2,0.25609756097560976,9.83,4.200000000000003,-7.5,11.700000000000001,0.7000000000000028
2007-08,2008,2008-05-14,Utah Jazz,104,Los Angeles Lakers,111,1,0.6951219512195121,7.34,113.0,105.5,7.5,95.6,0.6585365853658537,6.86,113.8,106.5,7.3,93.2,0.03658536585365846,0.47999999999999954,-0.7999999999999972,-1.0,0.20000000000000018,2.3999999999999915
2007-08,2008,2008-05-15,New Orleans Hornets,80,San Antonio Spurs,99,1,0.6829268292682927,5.1,107.2,101.8,5.4,88.8,0.6829268292682927,5.46,111.5,105.7,5.8,89.9,0.0,-0.3600000000000003,-4.299999999999997,-3.9000000000000057,-0.39999999999999947,-1.1000000000000085
2007-08,2008,2008-05-16,Boston Celtics,69,Cleveland Cavaliers,74,1,0.5487804878048781,-0.53,106.0,106.4,-0.4,90.2,0.8048780487804879,9.3,110.2,98.9,11.3,90.9,-0.25609756097560976,-9.83,-4.200000000000003,7.5,-11.700000000000001,-0.7000000000000028
2007-08,2008,2008-05-16,Los Angeles Lakers,108,Utah Jazz,105,0,0.6585365853658537,6.86,113.8,106.5,7.3,93.2,0.6951219512195121,7.34,113.0,105.5,7.5,95.6,-0.03658536585365846,-0.47999999999999954,0.7999999999999972,1.0,-0.20000000000000018,-2.3999999999999915
2007-08,2008,2008-05-18,Cleveland Cavaliers,92,Boston Celtics,97,1,0.8048780487804879,9.3,110.2,98.9,11.3,90.9,0.5487804878048781,-0.53,106.0,106.4,-0.4,90.2,0.25609756097560976,9.83,4.200000000000003,-7.5,11.700000000000001,0.7000000000000028
2007-08,2008,2008-05-19,San Antonio Spurs,91,New Orleans Hornets,82,0,0.6829268292682927,5.46,111.5,105.7,5.8,89.9,0.6829268292682927,5.1,107.2,101.8,5.4,88.8,0.0,0.3600000000000003,4.299999999999997,3.9000000000000057,0.39999999999999947,1.1000000000000085
2007-08,2008,2008-05-20,Detroit Pistons,79,Boston Celtics,88,1,0.8048780487804879,9.3,110.2,98.9,11.3,90.9,0.7195121951219512,6.67,111.4,102.9,8.5,87.3,0.08536585365853666,2.630000000000001,-1.2000000000000028,-4.0,2.8000000000000007,3.6000000000000085
2007-08,2008,2008-05-21,San Antonio Spurs,85,Los Angeles Lakers,89,1,0.6951219512195121,7.34,113.0,105.5,7.5,95.6,0.6829268292682927,5.1,107.2,101.8,5.4,88.8,0.012195121951219412,2.24,5.799999999999997,3.700000000000003,2.0999999999999996,6.799999999999997
2007-08,2008,2008-05-22,Detroit Pistons,103,Boston Celtics,97,0,0.8048780487804879,9.3,110.2,98.9,11.3,90.9,0.7195121951219512,6.67,111.4,102.9,8.5,87.3,0.08536585365853666,2.630000000000001,-1.2000000000000028,-4.0,2.8000000000000007,3.6000000000000085
2007-08,2008,2008-05-23,San Antonio Spurs,71,Los Angeles Lakers,101,1,0.6951219512195121,7.34,113.0,105.5,7.5,95.6,0.6829268292682927,5.1,107.2,101.8,5.4,88.8,0.012195121951219412,2.24,5.799999999999997,3.700000000000003,2.0999999999999996,6.799999999999997
2007-08,2008,2008-05-24,Boston Celtics,94,Detroit Pistons,80,0,0.7195121951219512,6.67,111.4,102.9,8.5,87.3,0.8048780487804879,9.3,110.2,98.9,11.3,90.9,-0.08536585365853666,-2.630000000000001,1.2000000000000028,4.0,-2.8000000000000007,-3.6000000000000085
2007-08,2008,2008-05-25,Los Angeles Lakers,84,San Antonio Spurs,103,1,0.6829268292682927,5.1,107.2,101.8,5.4,88.8,0.6951219512195121,7.34,113.0,105.5,7.5,95.6,-0.012195121951219412,-2.24,-5.799999999999997,-3.700000000000003,-2.0999999999999996,-6.799999999999997
2007-08,2008,2008-05-26,Boston Celtics,75,Detroit Pistons,94,1,0.7195121951219512,6.67,111.4,102.9,8.5,87.3,0.8048780487804879,9.3,110.2,98.9,11.3,90.9,-0.08536585365853666,-2.630000000000001,1.2000000000000028,4.0,-2.8000000000000007,-3.6000000000000085
2007-08,2008,2008-05-27,Los Angeles Lakers,93,San Antonio Spurs,91,0,0.6829268292682927,5.1,107.2,101.8,5.4,88.8,0.6951219512195121,7.34,113.0,105.5,7.5,95.6,-0.012195121951219412,-2.24,-5.799999999999997,-3.700000000000003,-2.0999999999999996,-6.799999999999997
2007-08,2008,2008-05-28,Detroit Pistons,102,Boston Celtics,106,1,0.8048780487804879,9.3,110.2,98.9,11.3,90.9,0.7195121951219512,6.67,111.4,102.9,8.5,87.3,0.08536585365853666,2.630000000000001,-1.2000000000000028,-4.0,2.8000000000000007,3.6000000000000085
2007-08,2008,2008-05-29,San Antonio Spurs,92,Los Angeles Lakers,100,1,0.6951219512195121,7.34,113.0,105.5,7.5,95.6,0.6829268292682927,5.1,107.2,101.8,5.4,88.8,0.012195121951219412,2.24,5.799999999999997,3.700000000000003,2.0999999999999996,6.799999999999997
2007-08,2008,2008-05-30,Boston Celtics,89,Detroit Pistons,81,0,0.7195121951219512,6.67,111.4,102.9,8.5,87.3,0.8048780487804879,9.3,110.2,98.9,11.3,90.9,-0.08536585365853666,-2.630000000000001,1.2000000000000028,4.0,-2.8000000000000007,-3.6000000000000085
2007-08,2008,2008-06-05,Los Angeles Lakers,88,Boston Celtics,98,1,0.8048780487804879,9.3,110.2,98.9,11.3,90.9,0.6951219512195121,7.34,113.0,105.5,7.5,95.6,0.10975609756097571,1.9600000000000009,-2.799999999999997,-6.599999999999994,3.8000000000000007,-4.699999999999989
2007-08,2008,2008-06-08,Los Angeles Lakers,102,Boston Celtics,108,1,0.8048780487804879,9.3,110.2,98.9,11.3,90.9,0.6951219512195121,7.34,113.0,105.5,7.5,95.6,0.10975609756097571,1.9600000000000009,-2.799999999999997,-6.599999999999994,3.8000000000000007,-4.699999999999989
2007-08,2008,2008-06-10,Boston Celtics,81,Los Angeles Lakers,87,1,0.6951219512195121,7.34,113.0,105.5,7.5,95.6,0.8048780487804879,9.3,110.2,98.9,11.3,90.9,-0.10975609756097571,-1.9600000000000009,2.799999999999997,6.599999999999994,-3.8000000000000007,4.699999999999989
2007-08,2008,2008-06-12,Boston Celtics,97,Los Angeles Lakers,91,0,0.6951219512195121,7.34,113.0,105.5,7.5,95.6,0.8048780487804879,9.3,110.2,98.9,11.3,90.9,-0.10975609756097571,-1.9600000000000009,2.799999999999997,6.599999999999994,-3.8000000000000007,4.699999999999989
2007-08,2008,2008-06-15,Boston Celtics,98,Los Angeles Lakers,103,1,0.6951219512195121,7.34,113.0,105.5,7.5,95.6,0.8048780487804879,9.3,110.2,98.9,11.3,90.9,-0.10975609756097571,-1.9600000000000009,2.799999999999997,6.599999999999994,-3.8000000000000007,4.699999999999989
2007-08,2008,2008-06-17,Los Angeles Lakers,92,Boston Celtics,131,1,0.8048780487804879,9.3,110.2,98.9,11.3,90.9,0.6951219512195121,7.34,113.0,105.5,7.5,95.6,0.10975609756097571,1.9600000000000009,-2.799999999999997,-6.599999999999994,3.8000000000000007,-4.699999999999989
2008-09,2009,2009-04-18,Chicago Bulls,105,Boston Celtics,103,0,0.7560975609756098,7.44,110.5,102.3,8.2,90.4,0.5,-0.16,108.4,108.7,-0.3,93.1,0.25609756097560976,7.6000000000000005,2.0999999999999943,-6.400000000000006,8.5,-2.6999999999999886
2008-09,2009,2009-04-18,Detroit Pistons,84,Cleveland Cavaliers,102,1,0.8048780487804879,8.68,112.4,102.4,10.0,88.7,0.47560975609756095,-0.36,107.4,108.0,-0.6,86.7,0.3292682926829269,9.04,5.0,-5.599999999999994,10.6,2.0
2008-09,2009,2009-04-18,Dallas Mavericks,105,San Antonio Spurs,97,0,0.6585365853658537,3.36,108.5,104.3,4.2,88.4,0.6097560975609756,1.68,110.5,108.4,2.1,91.5,0.04878048780487809,1.68,-2.0,-4.1000000000000085,2.1,-3.0999999999999943
2008-09,2009,2009-04-18,Houston Rockets,108,Portland Trail Blazers,81,0,0.6585365853658537,5.0,113.9,107.8,6.1,86.6,0.6463414634146342,3.73,108.4,104.0,4.4,90.2,0.012195121951219523,1.27,5.5,3.799999999999997,1.6999999999999993,-3.6000000000000085
2008-09,2009,2009-04-19,Utah Jazz,100,Los Angeles Lakers,113,1,0.7926829268292683,7.11,112.8,104.7,8.1,94.3,0.5853658536585366,2.31,110.1,107.3,2.8,93.1,0.20731707317073178,4.800000000000001,2.700000000000003,-2.5999999999999943,5.3,1.2000000000000028
2008-09,2009,2009-04-19,Philadelphia 76ers,100,Orlando Magic,98,0,0.7195121951219512,6.48,109.2,101.9,7.3,92.3,0.5,0.16,107.9,107.8,0.1,90.0,0.2195121951219512,6.32,1.2999999999999972,-5.8999999999999915,7.2,2.299999999999997
2008-09,2009,2009-04-19,Miami Heat,64,Atlanta Hawks,90,1,0.573170731707317,1.7,109.3,107.6,1.7,89.6,0.524390243902439,0.49,107.8,107.6,0.2,89.9,0.04878048780487798,1.21,1.5,0.0,1.5,-0.30000000000001137
2008-09,2009,2009-04-19,New Orleans Hornets,84,Denver Nuggets,113,1,0.6585365853658537,3.13,110.4,106.8,3.6,94.3,0.5975609756097561,1.41,108.7,107.0,1.7,87.8,0.060975609756097615,1.72,1.7000000000000028,-0.20000000000000284,1.9000000000000001,6.5
2008-09,2009,2009-04-20,Chicago Bulls,115,Boston Celtics,118,1,0.7560975609756098,7.44,110.5,102.3,8.2,90.4,0.5,-0.16,108.4,108.7,-0.3,93.1,0.25609756097560976,7.6000000000000005,2.0999999999999943,-6.400000000000006,8.5,-2.6999999999999886
2008-09,2009,2009-04-20,Dallas Mavericks,84,San Antonio Spurs,105,1,0.6585365853658537,3.36,108.5,104.3,4.2,88.4,0.6097560975609756,1.68,110.5,108.4,2.1,91.5,0.04878048780487809,1.68,-2.0,-4.1000000000000085,2.1,-3.0999999999999943
2008-09,2009,2009-04-21,Detroit Pistons,82,Cleveland Cavaliers,94,1,0.8048780487804879,8.68,112.4,102.4,10.0,88.7,0.47560975609756095,-0.36,107.4,108.0,-0.6,86.7,0.3292682926829269,9.04,5.0,-5.599999999999994,10.6,2.0
2008-09,2009,2009-04-21,Houston Rockets,103,Portland Trail Blazers,107,1,0.6585365853658537,5.0,113.9,107.8,6.1,86.6,0.6463414634146342,3.73,108.4,104.0,4.4,90.2,0.012195121951219523,1.27,5.5,3.799999999999997,1.6999999999999993,-3.6000000000000085
2008-09,2009,2009-04-21,Utah Jazz,109,Los Angeles Lakers,119,1,0.7926829268292683,7.11,112.8,104.7,8.1,94.3,0.5853658536585366,2.31,110.1,107.3,2.8,93.1,0.20731707317073178,4.800000000000001,2.700000000000003,-2.5999999999999943,5.3,1.2000000000000028
2008-09,2009,2009-04-22,Philadelphia 76ers,87,Orlando Magic,96,1,0.7195121951219512,6.48,109.2,101.9,7.3,92.3,0.5,0.16,107.9,107.8,0.1,90.0,0.2195121951219512,6.32,1.2999999999999972,-5.8999999999999915,7.2,2.299999999999997
2008-09,2009,2009-04-22,Miami Heat,108,Atlanta Hawks,93,0,0.573170731707317,1.7,109.3,107.6,1.7,89.6,0.524390243902439,0.49,107.8,107.6,0.2,89.9,0.04878048780487798,1.21,1.5,0.0,1.5,-0.30000000000001137
2008-09,2009,2009-04-22,New Orleans Hornets,93,Denver Nuggets,108,1,0.6585365853658537,3.13,110.4,106.8,3.6,94.3,0.5975609756097561,1.41,108.7,107.0,1.7,87.8,0.060975609756097615,1.72,1.7000000000000028,-0.20000000000000284,1.9000000000000001,6.5
2008-09,2009,2009-04-23,Boston Celtics,107,Chicago Bulls,86,0,0.5,-0.16,108.4,108.7,-0.3,93.1,0.7560975609756098,7.44,110.5,102.3,8.2,90.4,-0.25609756097560976,-7.6000000000000005,-2.0999999999999943,6.400000000000006,-8.5,2.6999999999999886
2008-09,2009,2009-04-23,San Antonio Spurs,67,Dallas Mavericks,88,1,0.6097560975609756,1.68,110.5,108.4,2.1,91.5,0.6585365853658537,3.36,108.5,104.3,4.2,88.4,-0.04878048780487809,-1.68,2.0,4.1000000000000085,-2.1,3.0999999999999943
2008-09,2009,2009-04-23,Los Angeles Lakers,86,Utah Jazz,88,1,0.5853658536585366,2.31,110.1,107.3,2.8,93.1,0.7926829268292683,7.11,112.8,104.7,8.1,94.3,-0.20731707317073178,-4.800000000000001,-2.700000000000003,2.5999999999999943,-5.3,-1.2000000000000028
2008-09,2009,2009-04-24,Cleveland Cavaliers,79,Detroit Pistons,68,0,0.47560975609756095,-0.36,107.4,108.0,-0.6,86.7,0.8048780487804879,8.68,112.4,102.4,10.0,88.7,-0.3292682926829269,-9.04,-5.0,5.599999999999994,-10.6,-2.0
2008-09,2009,2009-04-24,Orlando Magic,94,Philadelphia 76ers,96,1,0.5,0.16,107.9,107.8,0.1,90.0,0.7195121951219512,6.48,109.2,101.9,7.3,92.3,-0.2195121951219512,-6.32,-1.2999999999999972,5.8999999999999915,-7.2,-2.299999999999997
2008-09,2009,2009-04-24,Portland Trail Blazers,83,Houston Rockets,86,1,0.6463414634146342,3.73,108.4,104.0,4.4,90.2,0.6585365853658537,5.0,113.9,107.8,6.1,86.6,-0.012195121951219523,-1.27,-5.5,-3.799999999999997,-1.6999999999999993,3.6000000000000085
2008-09,2009,2009-04-25,Denver Nuggets,93,New Orleans Hornets,95,1,0.5975609756097561,1.41,108.7,107.0,1.7,87.8,0.6585365853658537,3.13,110.4,106.8,3.6,94.3,-0.060975609756097615,-1.72,-1.7000000000000028,0.20000000000000284,-1.9000000000000001,-6.5
2008-09,2009,2009-04-25,San Antonio Spurs,90,Dallas Mavericks,99,1,0.6097560975609756,1.68,110.5,108.4,2.1,91.5,0.6585365853658537,3.36,108.5,104.3,4.2,88.4,-0.04878048780487809,-1.68,2.0,4.1000000000000085,-2.1,3.0999999999999943
2008-09,2009,2009-04-25,Atlanta Hawks,78,Miami Heat,107,1,0.524390243902439,0.49,107.8,107.6,0.2,89.9,0.573170731707317,1.7,109.3,107.6,1.7,89.6,-0.04878048780487798,-1.21,-1.5,0.0,-1.5,0.30000000000001137
2008-09,2009,2009-04-25,Los Angeles Lakers,108,Utah Jazz,94,0,0.5853658536585366,2.31,110.1,107.3,2.8,93.1,0.7926829268292683,7.11,112.8,104.7,8.1,94.3,-0.20731707317073178,-4.800000000000001,-2.700000000000003,2.5999999999999943,-5.3,-1.2000000000000028
2008-09,2009,2009-04-26,Boston Celtics,118,Chicago Bulls,121,1,0.5,-0.16,108.4,108.7,-0.3,93.1,0.7560975609756098,7.44,110.5,102.3,8.2,90.4,-0.25609756097560976,-7.6000000000000005,-2.0999999999999943,6.400000000000006,-8.5,2.6999999999999886
2008-09,2009,2009-04-26,Cleveland Cavaliers,99,Detroit Pistons,78,0,0.47560975609756095,-0.36,107.4,108.0,-0.6,86.7,0.8048780487804879,8.68,112.4,102.4,10.0,88.7,-0.3292682926829269,-9.04,-5.0,5.599999999999994,-10.6,-2.0
2008-09,2009,2009-04-26,Orlando Magic,84,Philadelphia 76ers,81,0,0.5,0.16,107.9,107.8,0.1,90.0,0.7195121951219512,6.48,109.2,101.9,7.3,92.3,-0.2195121951219512,-6.32,-1.2999999999999972,5.8999999999999915,-7.2,-2.299999999999997
2008-09,2009,2009-04-26,Portland Trail Blazers,88,Houston Rockets,89,1,0.6463414634146342,3.73,108.4,104.0,4.4,90.2,0.6585365853658537,5.0,113.9,107.8,6.1,86.6,-0.012195121951219523,-1.27,-5.5,-3.799999999999997,-1.6999999999999993,3.6000000000000085
2008-09,2009,2009-04-27,Atlanta Hawks,81,Miami Heat,71,0,0.524390243902439,0.49,107.8,107.6,0.2,89.9,0.573170731707317,1.7,109.3,107.6,1.7,89.6,-0.04878048780487798,-1.21,-1.5,0.0,-1.5,0.30000000000001137
2008-09,2009,2009-04-27,Denver Nuggets,121,New Orleans Hornets,63,0,0.5975609756097561,1.41,108.7,107.0,1.7,87.8,0.6585365853658537,3.13,110.4,106.8,3.6,94.3,-0.060975609756097615,-1.72,-1.7000000000000028,0.20000000000000284,-1.9000000000000001,-6.5
2008-09,2009,2009-04-27,Utah Jazz,96,Los Angeles Lakers,107,1,0.7926829268292683,7.11,112.8,104.7,8.1,94.3,0.5853658536585366,2.31,110.1,107.3,2.8,93.1,0.20731707317073178,4.800000000000001,2.700000000000003,-2.5999999999999943,5.3,1.2000000000000028
2008-09,2009,2009-04-28,Chicago Bulls,104,Boston Celtics,106,1,0.7560975609756098,7.44,110.5,102.3,8.2,90.4,0.5,-0.16,108.4,108.7,-0.3,93.1,0.25609756097560976,7.6000000000000005,2.0999999999999943,-6.400000000000006,8.5,-2.6999999999999886
2008-09,2009,2009-04-28,Philadelphia 76ers,78,Orlando Magic,91,1,0.7195121951219512,6.48,109.2,101.9,7.3,92.3,0.5,0.16,107.9,107.8,0.1,90.0,0.2195121951219512,6.32,1.2999999999999972,-5.8999999999999915,7.2,2.299999999999997
2008-09,2009,2009-04-28,Dallas Mavericks,106,San Antonio Spurs,93,0,0.6585365853658537,3.36,108.5,104.3,4.2,88.4,0.6097560975609756,1.68,110.5,108.4,2.1,91.5,0.04878048780487809,1.68,-2.0,-4.1000000000000085,2.1,-3.0999999999999943
2008-09,2009,2009-04-28,Houston Rockets,77,Portland Trail Blazers,88,1,0.6585365853658537,5.0,113.9,107.8,6.1,86.6,0.6463414634146342,3.73,108.4,104.0,4.4,90.2,0.012195121951219523,1.27,5.5,3.799999999999997,1.6999999999999993,-3.6000000000000085
2008-09,2009,2009-04-29,Miami Heat,91,Atlanta Hawks,106,1,0.573170731707317,1.7,109.3,107.6,1.7,89.6,0.524390243902439,0.49,107.8,107.6,0.2,89.9,0.04878048780487798,1.21,1.5,0.0,1.5,-0.30000000000001137
2008-09,2009,2009-04-29,New Orleans Hornets,86,Denver Nuggets,107,1,0.6585365853658537,3.13,110.4,106.8,3.6,94.3,0.5975609756097561,1.41,108.7,107.0,1.7,87.8,0.060975609756097615,1.72,1.7000000000000028,-0.20000000000000284,1.9000000000000001,6.5
2008-09,2009,2009-04-30,Boston Celtics,127,Chicago Bulls,128,1,0.5,-0.16,108.4,108.7,-0.3,93.1,0.7560975609756098,7.44,110.5,102.3,8.2,90.4,-0.25609756097560976,-7.6000000000000005,-2.0999999999999943,6.400000000000006,-8.5,2.6999999999999886
2008-09,2009,2009-04-30,Orlando Magic,114,Philadelphia 76ers,89,0,0.5,0.16,107.9,107.8,0.1,90.0,0.7195121951219512,6.48,109.2,101.9,7.3,92.3,-0.2195121951219512,-6.32,-1.2999999999999972,5.8999999999999915,-7.2,-2.299999999999997
2008-09,2009,2009-04-30,Portland Trail Blazers,76,Houston Rockets,92,1,0.6463414634146342,3.73,108.4,104.0,4.4,90.2,0.6585365853658537,5.0,113.9,107.8,6.1,86.6,-0.012195121951219523,-1.27,-5.5,-3.799999999999997,-1.6999999999999993,3.6000000000000085
2008-09,2009,2009-05-01,Atlanta Hawks,72,Miami Heat,98,1,0.524390243902439,0.49,107.8,107.6,0.2,89.9,0.573170731707317,1.7,109.3,107.6,1.7,89.6,-0.04878048780487798,-1.21,-1.5,0.0,-1.5,0.30000000000001137
2008-09,2009,2009-05-02,Chicago Bulls,99,Boston Celtics,109,1,0.7560975609756098,7.44,110.5,102.3,8.2,90.4,0.5,-0.16,108.4,108.7,-0.3,93.1,0.25609756097560976,7.6000000000000005,2.0999999999999943,-6.400000000000006,8.5,-2.6999999999999886
2008-09,2009,2009-05-03,Miami Heat,78,Atlanta Hawks,91,1,0.573170731707317,1.7,109.3,107.6,1.7,89.6,0.524390243902439,0.49,107.8,107.6,0.2,89.9,0.04878048780487798,1.21,1.5,0.0,1.5,-0.30000000000001137
2008-09,2009,2009-05-03,Dallas Mavericks,95,Denver Nuggets,109,1,0.6585365853658537,3.13,110.4,106.8,3.6,94.3,0.6097560975609756,1.68,110.5,108.4,2.1,91.5,0.04878048780487809,1.45,-0.09999999999999432,-1.6000000000000085,1.5,2.799999999999997
2008-09,2009,2009-05-04,Orlando Magic,95,Boston Celtics,90,0,0.7560975609756098,7.44,110.5,102.3,8.2,90.4,0.7195121951219512,6.48,109.2,101.9,7.3,92.3,0.03658536585365857,0.96,1.2999999999999972,0.3999999999999915,0.8999999999999995,-1.8999999999999915
2008-09,2009,2009-05-04,Houston Rockets,100,Los Angeles Lakers,92,0,0.7926829268292683,7.11,112.8,104.7,8.1,94.3,0.6463414634146342,3.73,108.4,104.0,4.4,90.2,0.14634146341463417,3.3800000000000003,4.3999999999999915,0.7000000000000028,3.6999999999999993,4.099999999999994
2008-09,2009,2009-05-05,Atlanta Hawks,72,Cleveland Cavaliers,99,1,0.8048780487804879,8.68,112.4,102.4,10.0,88.7,0.573170731707317,1.7,109.3,107.6,1.7,89.6,0.23170731707317083,6.9799999999999995,3.1000000000000085,-5.199999999999989,8.3,-0.8999999999999915
2008-09,2009,2009-05-05,Dallas Mavericks,105,Denver Nuggets,117,1,0.6585365853658537,3.13,110.4,106.8,3.6,94.3,0.6097560975609756,1.68,110.5,108.4,2.1,91.5,0.04878048780487809,1.45,-0.09999999999999432,-1.6000000000000085,1.5,2.799999999999997
2008-09,2009,2009-05-06,Orlando Magic,94,Boston Celtics,112,1,0.7560975609756098,7.44,110.5,102.3,8.2,90.4,0.7195121951219512,6.48,109.2,101.9,7.3,92.3,0.03658536585365857,0.96,1.2999999999999972,0.3999999999999915,0.8999999999999995,-1.8999999999999915
2008-09,2009,2009-05-06,Houston Rockets,98,Los Angeles Lakers,111,1,0.7926829268292683,7.11,112.8,104.7,8.1,94.3,0.6463414634146342,3.73,108.4,104.0,4.4,90.2,0.14634146341463417,3.3800000000000003,4.3999999999999915,0.7000000000000028,3.6999999999999993,4.099999999999994
2008-09,2009,2009-05-07,Atlanta Hawks,85,Cleveland Cavaliers,105,1,0.8048780487804879,8.68,112.4,102.4,10.0,88.7,0.573170731707317,1.7,109.3,107.6,1.7,89.6,0.23170731707317083,6.9799999999999995,3.1000000000000085,-5.199999999999989,8.3,-0.8999999999999915
2008-09,2009,2009-05-08,Boston Celtics,96,Orlando Magic,117,1,0.7195121951219512,6.48,109.2,101.9,7.3,92.3,0.7560975609756098,7.44,110.5,102.3,8.2,90.4,-0.03658536585365857,-0.96,-1.2999999999999972,-0.3999999999999915,-0.8999999999999995,1.8999999999999915
2008-09,2009,2009-05-08,Los Angeles Lakers,108,Houston Rockets,94,0,0.6463414634146342,3.73,108.4,104.0,4.4,90.2,0.7926829268292683,7.11,112.8,104.7,8.1,94.3,-0.14634146341463417,-3.3800000000000003,-4.3999999999999915,-0.7000000000000028,-3.6999999999999993,-4.099999999999994
2008-09,2009,2009-05-09,Denver Nuggets,106,Dallas Mavericks,105,0,0.6097560975609756,1.68,110.5,108.4,2.1,91.5,0.6585365853658537,3.13,110.4,106.8,3.6,94.3,-0.04878048780487809,-1.45,0.09999999999999432,1.6000000000000085,-1.5,-2.799999999999997
2008-09,2009,2009-05-09,Cleveland Cavaliers,97,Atlanta Hawks,82,0,0.573170731707317,1.7,109.3,107.6,1.7,89.6,0.8048780487804879,8.68,112.4,102.4,10.0,88.7,-0.23170731707317083,-6.9799999999999995,-3.1000000000000085,5.199999999999989,-8.3,0.8999999999999915
2008-09,2009,2009-05-10,Los Angeles Lakers,87,Houston Rockets,99,1,0.6463414634146342,3.73,108.4,104.0,4.4,90.2,0.7926829268292683,7.11,112.8,104.7,8.1,94.3,-0.14634146341463417,-3.3800000000000003,-4.3999999999999915,-0.7000000000000028,-3.6999999999999993,-4.099999999999994
2008-09,2009,2009-05-10,Boston Celtics,95,Orlando Magic,94,0,0.7195121951219512,6.48,109.2,101.9,7.3,92.3,0.7560975609756098,7.44,110.5,102.3,8.2,90.4,-0.03658536585365857,-0.96,-1.2999999999999972,-0.3999999999999915,-0.8999999999999995,1.8999999999999915
2008-09,2009,2009-05-11,Cleveland Cavaliers,84,Atlanta Hawks,74,0,0.573170731707317,1.7,109.3,107.6,1.7,89.6,0.8048780487804879,8.68,112.4,102.4,10.0,88.7,-0.23170731707317083,-6.9799999999999995,-3.1000000000000085,5.199999999999989,-8.3,0.8999999999999915
2008-09,2009,2009-05-11,Denver Nuggets,117,Dallas Mavericks,119,1,0.6097560975609756,1.68,110.5,108.4,2.1,91.5,0.6585365853658537,3.13,110.4,106.8,3.6,94.3,-0.04878048780487809,-1.45,0.09999999999999432,1.6000000000000085,-1.5,-2.799999999999997
2008-09,2009,2009-05-12,Orlando Magic,88,Boston Celtics,92,1,0.7560975609756098,7.44,110.5,102.3,8.2,90.4,0.7195121951219512,6.48,109.2,101.9,7.3,92.3,0.03658536585365857,0.96,1.2999999999999972,0.3999999999999915,0.8999999999999995,-1.8999999999999915
2008-09,2009,2009-05-12,Houston Rockets,78,Los Angeles Lakers,118,1,0.7926829268292683,7.11,112.8,104.7,8.1,94.3,0.6463414634146342,3.73,108.4,104.0,4.4,90.2,0.14634146341463417,3.3800000000000003,4.3999999999999915,0.7000000000000028,3.6999999999999993,4.099999999999994
2008-09,2009,2009-05-13,Dallas Mavericks,110,Denver Nuggets,124,1,0.6585365853658537,3.13,110.4,106.8,3.6,94.3,0.6097560975609756,1.68,110.5,108.4,2.1,91.5,0.04878048780487809,1.45,-0.09999999999999432,-1.6000000000000085,1.5,2.799999999999997
2008-09,2009,2009-05-14,Boston Celtics,75,Orlando Magic,83,1,0.7195121951219512,6.48,109.2,101.9,7.3,92.3,0.7560975609756098,7.44,110.5,102.3,8.2,90.4,-0.03658536585365857,-0.96,-1.2999999999999972,-0.3999999999999915,-0.8999999999999995,1.8999999999999915
2008-09,2009,2009-05-14,Los Angeles Lakers,80,Houston Rockets,95,1,0.6463414634146342,3.73,108.4,104.0,4.4,90.2,0.7926829268292683,7.11,112.8,104.7,8.1,94.3,-0.14634146341463417,-3.3800000000000003,-4.3999999999999915,-0.7000000000000028,-3.6999999999999993,-4.099999999999994
2008-09,2009,2009-05-17,Houston Rockets,70,Los Angeles Lakers,89,1,0.7926829268292683,7.11,112.8,104.7,8.1,94.3,0.6463414634146342,3.73,108.4,104.0,4.4,90.2,0.14634146341463417,3.3800000000000003,4.3999999999999915,0.7000000000000028,3.6999999999999993,4.099999999999994
2008-09,2009,2009-05-17,Orlando Magic,101,Boston Celtics,82,0,0.7560975609756098,7.44,110.5,102.3,8.2,90.4,0.7195121951219512,6.48,109.2,101.9,7.3,92.3,0.03658536585365857,0.96,1.2999999999999972,0.3999999999999915,0.8999999999999995,-1.8999999999999915
2008-09,2009,2009-05-19,Denver Nuggets,103,Los Angeles Lakers,105,1,0.7926829268292683,7.11,112.8,104.7,8.1,94.3,0.6585365853658537,3.13,110.4,106.8,3.6,94.3,0.13414634146341464,3.9800000000000004,2.3999999999999915,-2.0999999999999943,4.5,0.0
2008-09,2009,2009-05-20,Orlando Magic,107,Cleveland Cavaliers,106,0,0.8048780487804879,8.68,112.4,102.4,10.0,88.7,0.7195121951219512,6.48,109.2,101.9,7.3,92.3,0.08536585365853666,2.1999999999999993,3.200000000000003,0.5,2.7,-3.5999999999999943
2008-09,2009,2009-05-21,Denver Nuggets,106,Los Angeles Lakers,103,0,0.7926829268292683,7.11,112.8,104.7,8.1,94.3,0.6585365853658537,3.13,110.4,106.8,3.6,94.3,0.13414634146341464,3.9800000000000004,2.3999999999999915,-2.0999999999999943,4.5,0.0
2008-09,2009,2009-05-22,Orlando Magic,95,Cleveland Cavaliers,96,1,0.8048780487804879,8.68,112.4,102.4,10.0,88.7,0.7195121951219512,6.48,109.2,101.9,7.3,92.3,0.08536585365853666,2.1999999999999993,3.200000000000003,0.5,2.7,-3.5999999999999943
2008-09,2009,2009-05-23,Los Angeles Lakers,103,Denver Nuggets,97,0,0.6585365853658537,3.13,110.4,106.8,3.6,94.3,0.7926829268292683,7.11,112.8,104.7,8.1,94.3,-0.13414634146341464,-3.9800000000000004,-2.3999999999999915,2.0999999999999943,-4.5,0.0
2008-09,2009,2009-05-24,Cleveland Cavaliers,89,Orlando Magic,99,1,0.7195121951219512,6.48,109.2,101.9,7.3,92.3,0.8048780487804879,8.68,112.4,102.4,10.0,88.7,-0.08536585365853666,-2.1999999999999993,-3.200000000000003,-0.5,-2.7,3.5999999999999943
2008-09,2009,2009-05-25,Los Angeles Lakers,101,Denver Nuggets,120,1,0.6585365853658537,3.13,110.4,106.8,3.6,94.3,0.7926829268292683,7.11,112.8,104.7,8.1,94.3,-0.13414634146341464,-3.9800000000000004,-2.3999999999999915,2.0999999999999943,-4.5,0.0
2008-09,2009,2009-05-26,Cleveland Cavaliers,114,Orlando Magic,116,1,0.7195121951219512,6.48,109.2,101.9,7.3,92.3,0.8048780487804879,8.68,112.4,102.4,10.0,88.7,-0.08536585365853666,-2.1999999999999993,-3.200000000000003,-0.5,-2.7,3.5999999999999943
2008-09,2009,2009-05-27,Denver Nuggets,94,Los Angeles Lakers,103,1,0.7926829268292683,7.11,112.8,104.7,8.1,94.3,0.6585365853658537,3.13,110.4,106.8,3.6,94.3,0.13414634146341464,3.9800000000000004,2.3999999999999915,-2.0999999999999943,4.5,0.0
2008-09,2009,2009-05-28,Orlando Magic,102,Cleveland Cavaliers,112,1,0.8048780487804879,8.68,112.4,102.4,10.0,88.7,0.7195121951219512,6.48,109.2,101.9,7.3,92.3,0.08536585365853666,2.1999999999999993,3.200000000000003,0.5,2.7,-3.5999999999999943
2008-09,2009,2009-05-29,Los Angeles Lakers,119,Denver Nuggets,92,0,0.6585365853658537,3.13,110.4,106.8,3.6,94.3,0.7926829268292683,7.11,112.8,104.7,8.1,94.3,-0.13414634146341464,-3.9800000000000004,-2.3999999999999915,2.0999999999999943,-4.5,0.0
2008-09,2009,2009-05-30,Cleveland Cavaliers,90,Orlando Magic,103,1,0.7195121951219512,6.48,109.2,101.9,7.3,92.3,0.8048780487804879,8.68,112.4,102.4,10.0,88.7,-0.08536585365853666,-2.1999999999999993,-3.200000000000003,-0.5,-2.7,3.5999999999999943
2008-09,2009,2009-06-04,Orlando Magic,75,Los Angeles Lakers,100,1,0.7926829268292683,7.11,112.8,104.7,8.1,94.3,0.7195121951219512,6.48,109.2,101.9,7.3,92.3,0.07317073170731714,0.6299999999999999,3.5999999999999943,2.799999999999997,0.7999999999999998,2.0
2008-09,2009,2009-06-07,Orlando Magic,96,Los Angeles Lakers,101,1,0.7926829268292683,7.11,112.8,104.7,8.1,94.3,0.7195121951219512,6.48,109.2,101.9,7.3,92.3,0.07317073170731714,0.6299999999999999,3.5999999999999943,2.799999999999997,0.7999999999999998,2.0
2008-09,2009,2009-06-09,Los Angeles Lakers,104,Orlando Magic,108,1,0.7195121951219512,6.48,109.2,101.9,7.3,92.3,0.7926829268292683,7.11,112.8,104.7,8.1,94.3,-0.07317073170731714,-0.6299999999999999,-3.5999999999999943,-2.799999999999997,-0.7999999999999998,-2.0
2008-09,2009,2009-06-11,Los Angeles Lakers,99,Orlando Magic,91,0,0.7195121951219512,6.48,109.2,101.9,7.3,92.3,0.7926829268292683,7.11,112.8,104.7,8.1,94.3,-0.07317073170731714,-0.6299999999999999,-3.5999999999999943,-2.799999999999997,-0.7999999999999998,-2.0
2008-09,2009,2009-06-14,Los Angeles Lakers,99,Orlando Magic,86,0,0.7195121951219512,6.48,109.2,101.9,7.3,92.3,0.7926829268292683,7.11,112.8,104.7,8.1,94.3,-0.07317073170731714,-0.6299999999999999,-3.5999999999999943,-2.799999999999997,-0.7999999999999998,-2.0
2009-10,2010,2010-04-17,Chicago Bulls,83,Cleveland Cavaliers,96,1,0.7439024390243902,6.17,111.2,104.1,7.1,91.4,0.5,-1.64,103.5,105.3,-1.8,93.1,0.24390243902439024,7.81,7.700000000000003,-1.2000000000000028,8.9,-1.6999999999999886
2009-10,2010,2010-04-17,Milwaukee Bucks,92,Atlanta Hawks,102,1,0.6463414634146342,4.44,111.9,106.7,5.2,90.1,0.5609756097560976,1.37,104.9,103.1,1.8,91.7,0.08536585365853655,3.0700000000000003,7.0,3.6000000000000085,3.4000000000000004,-1.6000000000000085
2009-10,2010,2010-04-17,Miami Heat,76,Boston Celtics,85,1,0.6097560975609756,3.37,107.7,103.8,3.9,91.6,0.573170731707317,1.99,106.6,104.1,2.5,89.6,0.03658536585365857,1.3800000000000001,1.1000000000000085,-0.29999999999999716,1.4,2.0
2009-10,2010,2010-04-17,Utah Jazz,113,Denver Nuggets,126,1,0.6463414634146342,4.15,111.8,107.5,4.3,94.8,0.6463414634146342,5.33,110.7,105.0,5.7,93.8,0.0,-1.1799999999999997,1.0999999999999943,2.5,-1.4000000000000004,1.0
2009-10,2010,2010-04-18,Oklahoma City Thunder,79,Los Angeles Lakers,87,1,0.6951219512195121,4.78,108.8,103.7,5.1,92.8,0.6097560975609756,3.55,108.3,104.6,3.7,93.1,0.08536585365853655,1.2300000000000004,0.5,-0.8999999999999915,1.3999999999999995,-0.29999999999999716
2009-10,2010,2010-04-18,Charlotte Bobcats,89,Orlando Magic,98,1,0.7195121951219512,7.12,111.4,103.3,8.1,92.0,0.5365853658536586,1.3,104.4,102.8,1.6,90.4,0.18292682926829262,5.82,7.0,0.5,6.5,1.5999999999999943
2009-10,2010,2010-04-18,San Antonio Spurs,94,Dallas Mavericks,100,1,0.6707317073170732,2.66,109.2,106.3,2.9,92.5,0.6097560975609756,5.07,110.0,104.5,5.5,91.7,0.060975609756097615,-2.41,-0.7999999999999972,1.7999999999999972,-2.6,0.7999999999999972
2009-10,2010,2010-04-18,Portland Trail Blazers,105,Phoenix Suns,100,0,0.6585365853658537,4.67,115.3,110.2,5.1,95.3,0.6097560975609756,3.18,110.8,107.1,3.7,87.7,0.04878048780487809,1.4899999999999998,4.5,3.1000000000000085,1.3999999999999995,7.599999999999994
2009-10,2010,2010-04-19,Chicago Bulls,102,Cleveland Cavaliers,112,1,0.7439024390243902,6.17,111.2,104.1,7.1,91.4,0.5,-1.64,103.5,105.3,-1.8,93.1,0.24390243902439024,7.81,7.700000000000003,-1.2000000000000028,8.9,-1.6999999999999886
2009-10,2010,2010-04-19,Utah Jazz,114,Denver Nuggets,111,0,0.6463414634146342,4.15,111.8,107.5,4.3,94.8,0.6463414634146342,5.33,110.7,105.0,5.7,93.8,0.0,-1.1799999999999997,1.0999999999999943,2.5,-1.4000000000000004,1.0
2009-10,2010,2010-04-20,Milwaukee Bucks,86,Atlanta Hawks,96,1,0.6463414634146342,4.44,111.9,106.7,5.2,90.1,0.5609756097560976,1.37,104.9,103.1,1.8,91.7,0.08536585365853655,3.0700000000000003,7.0,3.6000000000000085,3.4000000000000004,-1.6000000000000085
2009-10,2010,2010-04-20,Miami Heat,77,Boston Celtics,106,1,0.6097560975609756,3.37,107.7,103.8,3.9,91.6,0.573170731707317,1.99,106.6,104.1,2.5,89.6,0.03658536585365857,1.3800000000000001,1.1000000000000085,-0.29999999999999716,1.4,2.0
2009-10,2010,2010-04-20,Portland Trail Blazers,90,Phoenix Suns,119,1,0.6585365853658537,4.67,115.3,110.2,5.1,95.3,0.6097560975609756,3.18,110.8,107.1,3.7,87.7,0.04878048780487809,1.4899999999999998,4.5,3.1000000000000085,1.3999999999999995,7.599999999999994
2009-10,2010,2010-04-20,Oklahoma City Thunder,92,Los Angeles Lakers,95,1,0.6951219512195121,4.78,108.8,103.7,5.1,92.8,0.6097560975609756,3.55,108.3,104.6,3.7,93.1,0.08536585365853655,1.2300000000000004,0.5,-0.8999999999999915,1.3999999999999995,-0.29999999999999716
2009-10,2010,2010-04-21,Charlotte Bobcats,77,Orlando Magic,92,1,0.7195121951219512,7.12,111.4,103.3,8.1,92.0,0.5365853658536586,1.3,104.4,102.8,1.6,90.4,0.18292682926829262,5.82,7.0,0.5,6.5,1.5999999999999943
2009-10,2010,2010-04-21,San Antonio Spurs,102,Dallas Mavericks,88,0,0.6707317073170732,2.66,109.2,106.3,2.9,92.5,0.6097560975609756,5.07,110.0,104.5,5.5,91.7,0.060975609756097615,-2.41,-0.7999999999999972,1.7999999999999972,-2.6,0.7999999999999972
2009-10,2010,2010-04-22,Cleveland Cavaliers,106,Chicago Bulls,108,1,0.5,-1.64,103.5,105.3,-1.8,93.1,0.7439024390243902,6.17,111.2,104.1,7.1,91.4,-0.24390243902439024,-7.81,-7.700000000000003,1.2000000000000028,-8.9,1.6999999999999886
2009-10,2010,2010-04-22,Los Angeles Lakers,96,Oklahoma City Thunder,101,1,0.6097560975609756,3.55,108.3,104.6,3.7,93.1,0.6951219512195121,4.78,108.8,103.7,5.1,92.8,-0.08536585365853655,-1.2300000000000004,-0.5,0.8999999999999915,-1.3999999999999995,0.29999999999999716
2009-10,2010,2010-04-22,Phoenix Suns,108,Portland Trail Blazers,89,0,0.6097560975609756,3.18,110.8,107.1,3.7,87.7,0.6585365853658537,4.67,115.3,110.2,5.1,95.3,-0.04878048780487809,-1.4899999999999998,-4.5,-3.1000000000000085,-1.3999999999999995,-7.599999999999994
2009-10,2010,2010-04-23,Boston Celtics,100,Miami Heat,98,0,0.573170731707317,1.99,106.6,104.1,2.5,89.6,0.6097560975609756,3.37,107.7,103.8,3.9,91.6,-0.03658536585365857,-1.3800000000000001,-1.1000000000000085,0.29999999999999716,-1.4,-2.0
2009-10,2010,2010-04-23,Dallas Mavericks,90,San Antonio Spurs,94,1,0.6097560975609756,5.07,110.0,104.5,5.5,91.7,0.6707317073170732,2.66,109.2,106.3,2.9,92.5,-0.060975609756097615,2.41,0.7999999999999972,-1.7999999999999972,2.6,-0.7999999999999972
2009-10,2010,2010-04-23,Denver Nuggets,93,Utah Jazz,105,1,0.6463414634146342,5.33,110.7,105.0,5.7,93.8,0.6463414634146342,4.15,111.8,107.5,4.3,94.8,0.0,1.1799999999999997,-1.0999999999999943,-2.5,1.4000000000000004,-1.0
2009-10,2010,2010-04-24,Orlando Magic,90,Charlotte Bobcats,86,0,0.5365853658536586,1.3,104.4,102.8,1.6,90.4,0.7195121951219512,7.12,111.4,103.3,8.1,92.0,-0.18292682926829262,-5.82,-7.0,-0.5,-6.5,-1.5999999999999943
2009-10,2010,2010-04-24,Phoenix Suns,87,Portland Trail Blazers,96,1,0.6097560975609756,3.18,110.8,107.1,3.7,87.7,0.6585365853658537,4.67,115.3,110.2,5.1,95.3,-0.04878048780487809,-1.4899999999999998,-4.5,-3.1000000000000085,-1.3999999999999995,-7.599999999999994
2009-10,2010,2010-04-24,Atlanta Hawks,89,Milwaukee Bucks,107,1,0.5609756097560976,1.37,104.9,103.1,1.8,91.7,0.6463414634146342,4.44,111.9,106.7,5.2,90.1,-0.08536585365853655,-3.0700000000000003,-7.0,-3.6000000000000085,-3.4000000000000004,1.6000000000000085
2009-10,2010,2010-04-24,Los Angeles Lakers,89,Oklahoma City Thunder,110,1,0.6097560975609756,3.55,108.3,104.6,3.7,93.1,0.6951219512195121,4.78,108.8,103.7,5.1,92.8,-0.08536585365853655,-1.2300000000000004,-0.5,0.8999999999999915,-1.3999999999999995,0.29999999999999716
2009-10,2010,2010-04-25,Boston Celtics,92,Miami Heat,101,1,0.573170731707317,1.99,106.6,104.1,2.5,89.6,0.6097560975609756,3.37,107.7,103.8,3.9,91.6,-0.03658536585365857,-1.3800000000000001,-1.1000000000000085,0.29999999999999716,-1.4,-2.0
2009-10,2010,2010-04-25,Cleveland Cavaliers,121,Chicago Bulls,98,0,0.5,-1.64,103.5,105.3,-1.8,93.1,0.7439024390243902,6.17,111.2,104.1,7.1,91.4,-0.24390243902439024,-7.81,-7.700000000000003,1.2000000000000028,-8.9,1.6999999999999886
2009-10,2010,2010-04-25,Dallas Mavericks,89,San Antonio Spurs,92,1,0.6097560975609756,5.07,110.0,104.5,5.5,91.7,0.6707317073170732,2.66,109.2,106.3,2.9,92.5,-0.060975609756097615,2.41,0.7999999999999972,-1.7999999999999972,2.6,-0.7999999999999972
2009-10,2010,2010-04-25,Denver Nuggets,106,Utah Jazz,117,1,0.6463414634146342,5.33,110.7,105.0,5.7,93.8,0.6463414634146342,4.15,111.8,107.5,4.3,94.8,0.0,1.1799999999999997,-1.0999999999999943,-2.5,1.4000000000000004,-1.0
2009-10,2010,2010-04-26,Orlando Magic,99,Charlotte Bobcats,90,0,0.5365853658536586,1.3,104.4,102.8,1.6,90.4,0.7195121951219512,7.12,111.4,103.3,8.1,92.0,-0.18292682926829262,-5.82,-7.0,-0.5,-6.5,-1.5999999999999943
2009-10,2010,2010-04-26,Atlanta Hawks,104,Milwaukee Bucks,111,1,0.5609756097560976,1.37,104.9,103.1,1.8,91.7,0.6463414634146342,4.44,111.9,106.7,5.2,90.1,-0.08536585365853655,-3.0700000000000003,-7.0,-3.6000000000000085,-3.4000000000000004,1.6000000000000085
2009-10,2010,2010-04-26,Portland Trail Blazers,88,Phoenix Suns,107,1,0.6585365853658537,4.67,115.3,110.2,5.1,95.3,0.6097560975609756,3.18,110.8,107.1,3.7,87.7,0.04878048780487809,1.4899999999999998,4.5,3.1000000000000085,1.3999999999999995,7.599999999999994
2009-10,2010,2010-04-27,Miami Heat,86,Boston Celtics,96,1,0.6097560975609756,3.37,107.7,103.8,3.9,91.6,0.573170731707317,1.99,106.6,104.1,2.5,89.6,0.03658536585365857,1.3800000000000001,1.1000000000000085,-0.29999999999999716,1.4,2.0
2009-10,2010,2010-04-27,Chicago Bulls,94,Cleveland Cavaliers,96,1,0.7439024390243902,6.17,111.2,104.1,7.1,91.4,0.5,-1.64,103.5,105.3,-1.8,93.1,0.24390243902439024,7.81,7.700000000000003,-1.2000000000000028,8.9,-1.6999999999999886
2009-10,2010,2010-04-27,San Antonio Spurs,81,Dallas Mavericks,103,1,0.6707317073170732,2.66,109.2,106.3,2.9,92.5,0.6097560975609756,5.07,110.0,104.5,5.5,91.7,0.060975609756097615,-2.41,-0.7999999999999972,1.7999999999999972,-2.6,0.7999999999999972
2009-10,2010,2010-04-27,Oklahoma City Thunder,87,Los Angeles Lakers,111,1,0.6951219512195121,4.78,108.8,103.7,5.1,92.8,0.6097560975609756,3.55,108.3,104.6,3.7,93.1,0.08536585365853655,1.2300000000000004,0.5,-0.8999999999999915,1.3999999999999995,-0.29999999999999716
2009-10,2010,2010-04-28,Milwaukee Bucks,91,Atlanta Hawks,87,0,0.6463414634146342,4.44,111.9,106.7,5.2,90.1,0.5609756097560976,1.37,104.9,103.1,1.8,91.7,0.08536585365853655,3.0700000000000003,7.0,3.6000000000000085,3.4000000000000004,-1.6000000000000085
2009-10,2010,2010-04-28,Utah Jazz,102,Denver Nuggets,116,1,0.6463414634146342,4.15,111.8,107.5,4.3,94.8,0.6463414634146342,5.33,110.7,105.0,5.7,93.8,0.0,-1.1799999999999997,1.0999999999999943,2.5,-1.4000000000000004,1.0
2009-10,2010,2010-04-29,Dallas Mavericks,87,San Antonio Spurs,97,1,0.6097560975609756,5.07,110.0,104.5,5.5,91.7,0.6707317073170732,2.66,109.2,106.3,2.9,92.5,-0.060975609756097615,2.41,0.7999999999999972,-1.7999999999999972,2.6,-0.7999999999999972
2009-10,2010,2010-04-29,Phoenix Suns,99,Portland Trail Blazers,90,0,0.6097560975609756,3.18,110.8,107.1,3.7,87.7,0.6585365853658537,4.67,115.3,110.2,5.1,95.3,-0.04878048780487809,-1.4899999999999998,-4.5,-3.1000000000000085,-1.3999999999999995,-7.599999999999994
2009-10,2010,2010-04-30,Atlanta Hawks,83,Milwaukee Bucks,69,0,0.5609756097560976,1.37,104.9,103.1,1.8,91.7,0.6463414634146342,4.44,111.9,106.7,5.2,90.1,-0.08536585365853655,-3.0700000000000003,-7.0,-3.6000000000000085,-3.4000000000000004,1.6000000000000085
2009-10,2010,2010-04-30,Los Angeles Lakers,95,Oklahoma City Thunder,94,0,0.6097560975609756,3.55,108.3,104.6,3.7,93.1,0.6951219512195121,4.78,108.8,103.7,5.1,92.8,-0.08536585365853655,-1.2300000000000004,-0.5,0.8999999999999915,-1.3999999999999995,0.29999999999999716
2009-10,2010,2010-04-30,Denver Nuggets,104,Utah Jazz,112,1,0.6463414634146342,5.33,110.7,105.0,5.7,93.8,0.6463414634146342,4.15,111.8,107.5,4.3,94.8,0.0,1.1799999999999997,-1.0999999999999943,-2.5,1.4000000000000004,-1.0
2009-10,2010,2010-05-01,Boston Celtics,93,Cleveland Cavaliers,101,1,0.7439024390243902,6.17,111.2,104.1,7.1,91.4,0.6097560975609756,3.37,107.7,103.8,3.9,91.6,0.13414634146341464,2.8,3.5,0.29999999999999716,3.1999999999999997,-0.19999999999998863
2009-10,2010,2010-05-02,Milwaukee Bucks,74,Atlanta Hawks,95,1,0.6463414634146342,4.44,111.9,106.7,5.2,90.1,0.5609756097560976,1.37,104.9,103.1,1.8,91.7,0.08536585365853655,3.0700000000000003,7.0,3.6000000000000085,3.4000000000000004,-1.6000000000000085
2009-10,2010,2010-05-02,Utah Jazz,99,Los Angeles Lakers,104,1,0.6951219512195121,4.78,108.8,103.7,5.1,92.8,0.6463414634146342,5.33,110.7,105.0,5.7,93.8,0.04878048780487798,-0.5499999999999998,-1.9000000000000057,-1.2999999999999972,-0.6000000000000005,-1.0
2009-10,2010,2010-05-03,Boston Celtics,104,Cleveland Cavaliers,86,0,0.7439024390243902,6.17,111.2,104.1,7.1,91.4,0.6097560975609756,3.37,107.7,103.8,3.9,91.6,0.13414634146341464,2.8,3.5,0.29999999999999716,3.1999999999999997,-0.19999999999998863
2009-10,2010,2010-05-03,San Antonio Spurs,102,Phoenix Suns,111,1,0.6585365853658537,4.67,115.3,110.2,5.1,95.3,0.6097560975609756,5.07,110.0,104.5,5.5,91.7,0.04878048780487809,-0.40000000000000036,5.299999999999997,5.700000000000003,-0.40000000000000036,3.5999999999999943
2009-10,2010,2010-05-04,Atlanta Hawks,71,Orlando Magic,114,1,0.7195121951219512,7.12,111.4,103.3,8.1,92.0,0.6463414634146342,4.44,111.9,106.7,5.2,90.1,0.07317073170731703,2.6799999999999997,-0.5,-3.4000000000000057,2.8999999999999995,1.9000000000000057
2009-10,2010,2010-05-04,Utah Jazz,103,Los Angeles Lakers,111,1,0.6951219512195121,4.78,108.8,103.7,5.1,92.8,0.6463414634146342,5.33,110.7,105.0,5.7,93.8,0.04878048780487798,-0.5499999999999998,-1.9000000000000057,-1.2999999999999972,-0.6000000000000005,-1.0
2009-10,2010,2010-05-05,San Antonio Spurs,102,Phoenix Suns,110,1,0.6585365853658537,4.67,115.3,110.2,5.1,95.3,0.6097560975609756,5.07,110.0,104.5,5.5,91.7,0.04878048780487809,-0.40000000000000036,5.299999999999997,5.700000000000003,-0.40000000000000036,3.5999999999999943
2009-10,2010,2010-05-06,Atlanta Hawks,98,Orlando Magic,112,1,0.7195121951219512,7.12,111.4,103.3,8.1,92.0,0.6463414634146342,4.44,111.9,106.7,5.2,90.1,0.07317073170731703,2.6799999999999997,-0.5,-3.4000000000000057,2.8999999999999995,1.9000000000000057
2009-10,2010,2010-05-07,Cleveland Cavaliers,124,Boston Celtics,95,0,0.6097560975609756,3.37,107.7,103.8,3.9,91.6,0.7439024390243902,6.17,111.2,104.1,7.1,91.4,-0.13414634146341464,-2.8,-3.5,-0.29999999999999716,-3.1999999999999997,0.19999999999998863
2009-10,2010,2010-05-07,Phoenix Suns,110,San Antonio Spurs,96,0,0.6097560975609756,5.07,110.0,104.5,5.5,91.7,0.6585365853658537,4.67,115.3,110.2,5.1,95.3,-0.04878048780487809,0.40000000000000036,-5.299999999999997,-5.700000000000003,0.40000000000000036,-3.5999999999999943
2009-10,2010,2010-05-08,Orlando Magic,105,Atlanta Hawks,75,0,0.6463414634146342,4.44,111.9,106.7,5.2,90.1,0.7195121951219512,7.12,111.4,103.3,8.1,92.0,-0.07317073170731703,-2.6799999999999997,0.5,3.4000000000000057,-2.8999999999999995,-1.9000000000000057
2009-10,2010,2010-05-08,Los Angeles Lakers,111,Utah Jazz,110,0,0.6463414634146342,5.33,110.7,105.0,5.7,93.8,0.6951219512195121,4.78,108.8,103.7,5.1,92.8,-0.04878048780487798,0.5499999999999998,1.9000000000000057,1.2999999999999972,0.6000000000000005,1.0
2009-10,2010,2010-05-09,Cleveland Cavaliers,87,Boston Celtics,97,1,0.6097560975609756,3.37,107.7,103.8,3.9,91.6,0.7439024390243902,6.17,111.2,104.1,7.1,91.4,-0.13414634146341464,-2.8,-3.5,-0.29999999999999716,-3.1999999999999997,0.19999999999998863
2009-10,2010,2010-05-09,Phoenix Suns,107,San Antonio Spurs,101,0,0.6097560975609756,5.07,110.0,104.5,5.5,91.7,0.6585365853658537,4.67,115.3,110.2,5.1,95.3,-0.04878048780487809,0.40000000000000036,-5.299999999999997,-5.700000000000003,0.40000000000000036,-3.5999999999999943
2009-10,2010,2010-05-10,Orlando Magic,98,Atlanta Hawks,84,0,0.6463414634146342,4.44,111.9,106.7,5.2,90.1,0.7195121951219512,7.12,111.4,103.3,8.1,92.0,-0.07317073170731703,-2.6799999999999997,0.5,3.4000000000000057,-2.8999999999999995,-1.9000000000000057
2009-10,2010,2010-05-10,Los Angeles Lakers,111,Utah Jazz,96,0,0.6463414634146342,5.33,110.7,105.0,5.7,93.8,0.6951219512195121,4.78,108.8,103.7,5.1,92.8,-0.04878048780487798,0.5499999999999998,1.9000000000000057,1.2999999999999972,0.6000000000000005,1.0
2009-10,2010,2010-05-11,Boston Celtics,120,Cleveland Cavaliers,88,0,0.7439024390243902,6.17,111.2,104.1,7.1,91.4,0.6097560975609756,3.37,107.7,103.8,3.9,91.6,0.13414634146341464,2.8,3.5,0.29999999999999716,3.1999999999999997,-0.19999999999998863
2009-10,2010,2010-05-13,Cleveland Cavaliers,85,Boston Celtics,94,1,0.6097560975609756,3.37,107.7,103.8,3.9,91.6,0.7439024390243902,6.17,111.2,104.1,7.1,91.4,-0.13414634146341464,-2.8,-3.5,-0.29999999999999716,-3.1999999999999997,0.19999999999998863
2009-10,2010,2010-05-16,Boston Celtics,92,Orlando Magic,88,0,0.7195121951219512,7.12,111.4,103.3,8.1,92.0,0.6097560975609756,3.37,107.7,103.8,3.9,91.6,0.1097560975609756,3.75,3.700000000000003,-0.5,4.199999999999999,0.4000000000000057
2009-10,2010,2010-05-17,Phoenix Suns,107,Los Angeles Lakers,128,1,0.6951219512195121,4.78,108.8,103.7,5.1,92.8,0.6585365853658537,4.67,115.3,110.2,5.1,95.3,0.03658536585365846,0.11000000000000032,-6.5,-6.5,0.0,-2.5
2009-10,2010,2010-05-18,Boston Celtics,95,Orlando Magic,92,0,0.7195121951219512,7.12,111.4,103.3,8.1,92.0,0.6097560975609756,3.37,107.7,103.8,3.9,91.6,0.1097560975609756,3.75,3.700000000000003,-0.5,4.199999999999999,0.4000000000000057
2009-10,2010,2010-05-19,Phoenix Suns,112,Los Angeles Lakers,124,1,0.6951219512195121,4.78,108.8,103.7,5.1,92.8,0.6585365853658537,4.67,115.3,110.2,5.1,95.3,0.03658536585365846,0.11000000000000032,-6.5,-6.5,0.0,-2.5
2009-10,2010,2010-05-22,Orlando Magic,71,Boston Celtics,94,1,0.6097560975609756,3.37,107.7,103.8,3.9,91.6,0.7195121951219512,7.12,111.4,103.3,8.1,92.0,-0.1097560975609756,-3.75,-3.700000000000003,0.5,-4.199999999999999,-0.4000000000000057
2009-10,2010,2010-05-23,Los Angeles Lakers,109,Phoenix Suns,118,1,0.6585365853658537,4.67,115.3,110.2,5.1,95.3,0.6951219512195121,4.78,108.8,103.7,5.1,92.8,-0.03658536585365846,-0.11000000000000032,6.5,6.5,0.0,2.5
2009-10,2010,2010-05-24,Orlando Magic,96,Boston Celtics,92,0,0.6097560975609756,3.37,107.7,103.8,3.9,91.6,0.7195121951219512,7.12,111.4,103.3,8.1,92.0,-0.1097560975609756,-3.75,-3.700000000000003,0.5,-4.199999999999999,-0.4000000000000057
2009-10,2010,2010-05-25,Los Angeles Lakers,106,Phoenix Suns,115,1,0.6585365853658537,4.67,115.3,110.2,5.1,95.3,0.6951219512195121,4.78,108.8,103.7,5.1,92.8,-0.03658536585365846,-0.11000000000000032,6.5,6.5,0.0,2.5
2009-10,2010,2010-05-26,Boston Celtics,92,Orlando Magic,113,1,0.7195121951219512,7.12,111.4,103.3,8.1,92.0,0.6097560975609756,3.37,107.7,103.8,3.9,91.6,0.1097560975609756,3.75,3.700000000000003,-0.5,4.199999999999999,0.4000000000000057
2009-10,2010,2010-05-27,Phoenix Suns,101,Los Angeles Lakers,103,1,0.6951219512195121,4.78,108.8,103.7,5.1,92.8,0.6585365853658537,4.67,115.3,110.2,5.1,95.3,0.03658536585365846,0.11000000000000032,-6.5,-6.5,0.0,-2.5
2009-10,2010,2010-05-28,Orlando Magic,84,Boston Celtics,96,1,0.6097560975609756,3.37,107.7,103.8,3.9,91.6,0.7195121951219512,7.12,111.4,103.3,8.1,92.0,-0.1097560975609756,-3.75,-3.700000000000003,0.5,-4.199999999999999,-0.4000000000000057
2009-10,2010,2010-05-29,Los Angeles Lakers,111,Phoenix Suns,103,0,0.6585365853658537,4.67,115.3,110.2,5.1,95.3,0.6951219512195121,4.78,108.8,103.7,5.1,92.8,-0.03658536585365846,-0.11000000000000032,6.5,6.5,0.0,2.5
2009-10,2010,2010-06-03,Boston Celtics,89,Los Angeles Lakers,102,1,0.6951219512195121,4.78,108.8,103.7,5.1,92.8,0.6097560975609756,3.37,107.7,103.8,3.9,91.6,0.08536585365853655,1.4100000000000001,1.0999999999999943,-0.09999999999999432,1.1999999999999997,1.2000000000000028
2009-10,2010,2010-06-06,Boston Celtics,103,Los Angeles Lakers,94,0,0.6951219512195121,4.78,108.8,103.7,5.1,92.8,0.6097560975609756,3.37,107.7,103.8,3.9,91.6,0.08536585365853655,1.4100000000000001,1.0999999999999943,-0.09999999999999432,1.1999999999999997,1.2000000000000028
2009-10,2010,2010-06-08,Los Angeles Lakers,91,Boston Celtics,84,0,0.6097560975609756,3.37,107.7,103.8,3.9,91.6,0.6951219512195121,4.78,108.8,103.7,5.1,92.8,-0.08536585365853655,-1.4100000000000001,-1.0999999999999943,0.09999999999999432,-1.1999999999999997,-1.2000000000000028
2009-10,2010,2010-06-10,Los Angeles Lakers,89,Boston Celtics,96,1,0.6097560975609756,3.37,107.7,103.8,3.9,91.6,0.6951219512195121,4.78,108.8,103.7,5.1,92.8,-0.08536585365853655,-1.4100000000000001,-1.0999999999999943,0.09999999999999432,-1.1999999999999997,-1.2000000000000028
2009-10,2010,2010-06-13,Los Angeles Lakers,86,Boston Celtics,92,1,0.6097560975609756,3.37,107.7,103.8,3.9,91.6,0.6951219512195121,4.78,108.8,103.7,5.1,92.8,-0.08536585365853655,-1.4100000000000001,-1.0999999999999943,0.09999999999999432,-1.1999999999999997,-1.2000000000000028
2009-10,2010,2010-06-15,Boston Celtics,67,Los Angeles Lakers,89,1,0.6951219512195121,4.78,108.8,103.7,5.1,92.8,0.6097560975609756,3.37,107.7,103.8,3.9,91.6,0.08536585365853655,1.4100000000000001,1.0999999999999943,-0.09999999999999432,1.1999999999999997,1.2000000000000028
2009-10,2010,2010-06-17,Boston Celtics,79,Los Angeles Lakers,83,1,0.6951219512195121,4.78,108.8,103.7,5.1,92.8,0.6097560975609756,3.37,107.7,103.8,3.9,91.6,0.08536585365853655,1.4100000000000001,1.0999999999999943,-0.09999999999999432,1.1999999999999997,1.2000000000000028
2010-11,2011,2011-04-16,Indiana Pacers,99,Chicago Bulls,104,1,0.7560975609756098,6.53,108.3,100.3,8.0,90.4,0.45121951219512196,-1.38,104.8,106.0,-1.2,94.7,0.3048780487804878,7.91,3.5,-5.700000000000003,9.2,-4.299999999999997
2010-11,2011,2011-04-16,Philadelphia 76ers,89,Miami Heat,97,1,0.7073170731707317,6.76,111.7,103.5,8.2,90.9,0.5,1.01,106.6,105.0,1.6,91.7,0.20731707317073167,5.75,5.1000000000000085,-1.5,6.6,-0.7999999999999972
2010-11,2011,2011-04-16,Atlanta Hawks,103,Orlando Magic,93,0,0.6341463414634146,4.92,107.9,102.0,5.9,91.2,0.5365853658536586,-1.1,106.1,107.0,-0.9,89.3,0.09756097560975607,6.02,1.8000000000000114,-5.0,6.800000000000001,1.9000000000000057
2010-11,2011,2011-04-16,Portland Trail Blazers,81,Dallas Mavericks,89,1,0.6951219512195121,4.41,109.7,105.0,4.7,91.3,0.5853658536585366,1.85,108.8,107.1,1.7,87.9,0.1097560975609756,2.56,0.9000000000000057,-2.0999999999999943,3.0,3.3999999999999915
2010-11,2011,2011-04-17,Memphis Grizzlies,101,San Antonio Spurs,98,0,0.7439024390243902,5.86,111.8,105.6,6.2,92.3,0.5609756097560976,2.55,107.6,105.1,2.5,91.9,0.18292682926829262,3.3100000000000005,4.200000000000003,0.5,3.7,0.3999999999999915
2010-11,2011,2011-04-17,New Orleans Hornets,109,Los Angeles Lakers,100,0,0.6951219512195121,6.01,111.0,104.3,6.7,90.7,0.5609756097560976,1.28,106.2,105.2,1.0,88.7,0.13414634146341453,4.7299999999999995,4.799999999999997,-0.9000000000000057,5.7,2.0
2010-11,2011,2011-04-17,New York Knicks,85,Boston Celtics,87,1,0.6829268292682927,4.83,106.2,100.3,5.9,90.4,0.5121951219512195,0.48,110.9,110.1,0.8,95.6,0.1707317073170732,4.35,-4.700000000000003,-9.799999999999997,5.1000000000000005,-5.199999999999989
2010-11,2011,2011-04-17,Denver Nuggets,103,Oklahoma City Thunder,107,1,0.6707317073170732,3.81,111.2,107.2,4.0,92.7,0.6097560975609756,4.81,112.3,107.3,5.0,95.6,0.060975609756097615,-0.9999999999999996,-1.0999999999999943,-0.09999999999999432,-1.0,-2.8999999999999915
2010-11,2011,2011-04-18,Philadelphia 76ers,73,Miami Heat,94,1,0.7073170731707317,6.76,111.7,103.5,8.2,90.9,0.5,1.01,106.6,105.0,1.6,91.7,0.20731707317073167,5.75,5.1000000000000085,-1.5,6.6,-0.7999999999999972
2010-11,2011,2011-04-18,Indiana Pacers,90,Chicago Bulls,96,1,0.7560975609756098,6.53,108.3,100.3,8.0,90.4,0.45121951219512196,-1.38,104.8,106.0,-1.2,94.7,0.3048780487804878,7.91,3.5,-5.700000000000003,9.2,-4.299999999999997
2010-11,2011,2011-04-19,New York Knicks,93,Boston Celtics,96,1,0.6829268292682927,4.83,106.2,100.3,5.9,90.4,0.5121951219512195,0.48,110.9,110.1,0.8,95.6,0.1707317073170732,4.35,-4.700000000000003,-9.799999999999997,5.1000000000000005,-5.199999999999989
2010-11,2011,2011-04-19,Atlanta Hawks,82,Orlando Magic,88,1,0.6341463414634146,4.92,107.9,102.0,5.9,91.2,0.5365853658536586,-1.1,106.1,107.0,-0.9,89.3,0.09756097560975607,6.02,1.8000000000000114,-5.0,6.800000000000001,1.9000000000000057
2010-11,2011,2011-04-19,Portland Trail Blazers,89,Dallas Mavericks,101,1,0.6951219512195121,4.41,109.7,105.0,4.7,91.3,0.5853658536585366,1.85,108.8,107.1,1.7,87.9,0.1097560975609756,2.56,0.9000000000000057,-2.0999999999999943,3.0,3.3999999999999915
2010-11,2011,2011-04-20,Denver Nuggets,89,Oklahoma City Thunder,106,1,0.6707317073170732,3.81,111.2,107.2,4.0,92.7,0.6097560975609756,4.81,112.3,107.3,5.0,95.6,0.060975609756097615,-0.9999999999999996,-1.0999999999999943,-0.09999999999999432,-1.0,-2.8999999999999915
2010-11,2011,2011-04-20,Memphis Grizzlies,87,San Antonio Spurs,93,1,0.7439024390243902,5.86,111.8,105.6,6.2,92.3,0.5609756097560976,2.55,107.6,105.1,2.5,91.9,0.18292682926829262,3.3100000000000005,4.200000000000003,0.5,3.7,0.3999999999999915
2010-11,2011,2011-04-20,New Orleans Hornets,78,Los Angeles Lakers,87,1,0.6951219512195121,6.01,111.0,104.3,6.7,90.7,0.5609756097560976,1.28,106.2,105.2,1.0,88.7,0.13414634146341453,4.7299999999999995,4.799999999999997,-0.9000000000000057,5.7,2.0
2010-11,2011,2011-04-21,Chicago Bulls,88,Indiana Pacers,84,0,0.45121951219512196,-1.38,104.8,106.0,-1.2,94.7,0.7560975609756098,6.53,108.3,100.3,8.0,90.4,-0.3048780487804878,-7.91,-3.5,5.700000000000003,-9.2,4.299999999999997
2010-11,2011,2011-04-21,Miami Heat,100,Philadelphia 76ers,94,0,0.5,1.01,106.6,105.0,1.6,91.7,0.7073170731707317,6.76,111.7,103.5,8.2,90.9,-0.20731707317073167,-5.75,-5.1000000000000085,1.5,-6.6,0.7999999999999972
2010-11,2011,2011-04-21,Dallas Mavericks,92,Portland Trail Blazers,97,1,0.5853658536585366,1.85,108.8,107.1,1.7,87.9,0.6951219512195121,4.41,109.7,105.0,4.7,91.3,-0.1097560975609756,-2.56,-0.9000000000000057,2.0999999999999943,-3.0,-3.3999999999999915
2010-11,2011,2011-04-22,Boston Celtics,113,New York Knicks,96,0,0.5121951219512195,0.48,110.9,110.1,0.8,95.6,0.6829268292682927,4.83,106.2,100.3,5.9,90.4,-0.1707317073170732,-4.35,4.700000000000003,9.799999999999997,-5.1000000000000005,5.199999999999989
2010-11,2011,2011-04-22,Orlando Magic,84,Atlanta Hawks,88,1,0.5365853658536586,-1.1,106.1,107.0,-0.9,89.3,0.6341463414634146,4.92,107.9,102.0,5.9,91.2,-0.09756097560975607,-6.02,-1.8000000000000114,5.0,-6.800000000000001,-1.9000000000000057
2010-11,2011,2011-04-22,Los Angeles Lakers,100,New Orleans Hornets,86,0,0.5609756097560976,1.28,106.2,105.2,1.0,88.7,0.6951219512195121,6.01,111.0,104.3,6.7,90.7,-0.13414634146341453,-4.7299999999999995,-4.799999999999997,0.9000000000000057,-5.7,-2.0
2010-11,2011,2011-04-23,Chicago Bulls,84,Indiana Pacers,89,1,0.45121951219512196,-1.38,104.8,106.0,-1.2,94.7,0.7560975609756098,6.53,108.3,100.3,8.0,90.4,-0.3048780487804878,-7.91,-3.5,5.700000000000003,-9.2,4.299999999999997
2010-11,2011,2011-04-23,Dallas Mavericks,82,Portland Trail Blazers,84,1,0.5853658536585366,1.85,108.8,107.1,1.7,87.9,0.6951219512195121,4.41,109.7,105.0,4.7,91.3,-0.1097560975609756,-2.56,-0.9000000000000057,2.0999999999999943,-3.0,-3.3999999999999915
2010-11,2011,2011-04-23,San Antonio Spurs,88,Memphis Grizzlies,91,1,0.5609756097560976,2.55,107.6,105.1,2.5,91.9,0.7439024390243902,5.86,111.8,105.6,6.2,92.3,-0.18292682926829262,-3.3100000000000005,-4.200000000000003,-0.5,-3.7,-0.3999999999999915
2010-11,2011,2011-04-23,Oklahoma City Thunder,97,Denver Nuggets,94,0,0.6097560975609756,4.81,112.3,107.3,5.0,95.6,0.6707317073170732,3.81,111.2,107.2,4.0,92.7,-0.060975609756097615,0.9999999999999996,1.0999999999999943,0.09999999999999432,1.0,2.8999999999999915
2010-11,2011,2011-04-24,Miami Heat,82,Philadelphia 76ers,86,1,0.5,1.01,106.6,105.0,1.6,91.7,0.7073170731707317,6.76,111.7,103.5,8.2,90.9,-0.20731707317073167,-5.75,-5.1000000000000085,1.5,-6.6,0.7999999999999972
2010-11,2011,2011-04-24,Boston Celtics,101,New York Knicks,89,0,0.5121951219512195,0.48,110.9,110.1,0.8,95.6,0.6829268292682927,4.83,106.2,100.3,5.9,90.4,-0.1707317073170732,-4.35,4.700000000000003,9.799999999999997,-5.1000000000000005,5.199999999999989
2010-11,2011,2011-04-24,Orlando Magic,85,Atlanta Hawks,88,1,0.5365853658536586,-1.1,106.1,107.0,-0.9,89.3,0.6341463414634146,4.92,107.9,102.0,5.9,91.2,-0.09756097560975607,-6.02,-1.8000000000000114,5.0,-6.800000000000001,-1.9000000000000057
2010-11,2011,2011-04-24,Los Angeles Lakers,88,New Orleans Hornets,93,1,0.5609756097560976,1.28,106.2,105.2,1.0,88.7,0.6951219512195121,6.01,111.0,104.3,6.7,90.7,-0.13414634146341453,-4.7299999999999995,-4.799999999999997,0.9000000000000057,-5.7,-2.0
2010-11,2011,2011-04-25,San Antonio Spurs,86,Memphis Grizzlies,104,1,0.5609756097560976,2.55,107.6,105.1,2.5,91.9,0.7439024390243902,5.86,111.8,105.6,6.2,92.3,-0.18292682926829262,-3.3100000000000005,-4.200000000000003,-0.5,-3.7,-0.3999999999999915
2010-11,2011,2011-04-25,Portland Trail Blazers,82,Dallas Mavericks,93,1,0.6951219512195121,4.41,109.7,105.0,4.7,91.3,0.5853658536585366,1.85,108.8,107.1,1.7,87.9,0.1097560975609756,2.56,0.9000000000000057,-2.0999999999999943,3.0,3.3999999999999915
2010-11,2011,2011-04-25,Oklahoma City Thunder,101,Denver Nuggets,104,1,0.6097560975609756,4.81,112.3,107.3,5.0,95.6,0.6707317073170732,3.81,111.2,107.2,4.0,92.7,-0.060975609756097615,0.9999999999999996,1.0999999999999943,0.09999999999999432,1.0,2.8999999999999915
2010-11,2011,2011-04-26,Atlanta Hawks,76,Orlando Magic,101,1,0.6341463414634146,4.92,107.9,102.0,5.9,91.2,0.5365853658536586,-1.1,106.1,107.0,-0.9,89.3,0.09756097560975607,6.02,1.8000000000000114,-5.0,6.800000000000001,1.9000000000000057
2010-11,2011,2011-04-26,Indiana Pacers,89,Chicago Bulls,116,1,0.7560975609756098,6.53,108.3,100.3,8.0,90.4,0.45121951219512196,-1.38,104.8,106.0,-1.2,94.7,0.3048780487804878,7.91,3.5,-5.700000000000003,9.2,-4.299999999999997
2010-11,2011,2011-04-26,New Orleans Hornets,90,Los Angeles Lakers,106,1,0.6951219512195121,6.01,111.0,104.3,6.7,90.7,0.5609756097560976,1.28,106.2,105.2,1.0,88.7,0.13414634146341453,4.7299999999999995,4.799999999999997,-0.9000000000000057,5.7,2.0
2010-11,2011,2011-04-27,Philadelphia 76ers,91,Miami Heat,97,1,0.7073170731707317,6.76,111.7,103.5,8.2,90.9,0.5,1.01,106.6,105.0,1.6,91.7,0.20731707317073167,5.75,5.1000000000000085,-1.5,6.6,-0.7999999999999972
2010-11,2011,2011-04-27,Memphis Grizzlies,103,San Antonio Spurs,110,1,0.7439024390243902,5.86,111.8,105.6,6.2,92.3,0.5609756097560976,2.55,107.6,105.1,2.5,91.9,0.18292682926829262,3.3100000000000005,4.200000000000003,0.5,3.7,0.3999999999999915
2010-11,2011,2011-04-27,Denver Nuggets,97,Oklahoma City Thunder,100,1,0.6707317073170732,3.81,111.2,107.2,4.0,92.7,0.6097560975609756,4.81,112.3,107.3,5.0,95.6,0.060975609756097615,-0.9999999999999996,-1.0999999999999943,-0.09999999999999432,-1.0,-2.8999999999999915
2010-11,2011,2011-04-28,Orlando Magic,81,Atlanta Hawks,84,1,0.5365853658536586,-1.1,106.1,107.0,-0.9,89.3,0.6341463414634146,4.92,107.9,102.0,5.9,91.2,-0.09756097560975607,-6.02,-1.8000000000000114,5.0,-6.800000000000001,-1.9000000000000057
2010-11,2011,2011-04-28,Los Angeles Lakers,98,New Orleans Hornets,80,0,0.5609756097560976,1.28,106.2,105.2,1.0,88.7,0.6951219512195121,6.01,111.0,104.3,6.7,90.7,-0.13414634146341453,-4.7299999999999995,-4.799999999999997,0.9000000000000057,-5.7,-2.0
2010-11,2011,2011-04-28,Dallas Mavericks,103,Portland Trail Blazers,96,0,0.5853658536585366,1.85,108.8,107.1,1.7,87.9,0.6951219512195121,4.41,109.7,105.0,4.7,91.3,-0.1097560975609756,-2.56,-0.9000000000000057,2.0999999999999943,-3.0,-3.3999999999999915
2010-11,2011,2011-04-29,San Antonio Spurs,91,Memphis Grizzlies,99,1,0.5609756097560976,2.55,107.6,105.1,2.5,91.9,0.7439024390243902,5.86,111.8,105.6,6.2,92.3,-0.18292682926829262,-3.3100000000000005,-4.200000000000003,-0.5,-3.7,-0.3999999999999915
2010-11,2011,2011-05-01,Memphis Grizzlies,114,Oklahoma City Thunder,101,0,0.6707317073170732,3.81,111.2,107.2,4.0,92.7,0.5609756097560976,2.55,107.6,105.1,2.5,91.9,0.1097560975609756,1.2600000000000002,3.6000000000000085,2.1000000000000085,1.5,0.7999999999999972
2010-11,2011,2011-05-01,Boston Celtics,90,Miami Heat,99,1,0.7073170731707317,6.76,111.7,103.5,8.2,90.9,0.6829268292682927,4.83,106.2,100.3,5.9,90.4,0.024390243902438935,1.9299999999999997,5.5,3.200000000000003,2.299999999999999,0.5
2010-11,2011,2011-05-02,Atlanta Hawks,103,Chicago Bulls,95,0,0.7560975609756098,6.53,108.3,100.3,8.0,90.4,0.5365853658536586,-1.1,106.1,107.0,-0.9,89.3,0.2195121951219512,7.630000000000001,2.200000000000003,-6.700000000000003,8.9,1.1000000000000085
2010-11,2011,2011-05-02,Dallas Mavericks,96,Los Angeles Lakers,94,0,0.6951219512195121,6.01,111.0,104.3,6.7,90.7,0.6951219512195121,4.41,109.7,105.0,4.7,91.3,0.0,1.5999999999999996,1.2999999999999972,-0.7000000000000028,2.0,-0.5999999999999943
2010-11,2011,2011-05-03,Boston Celtics,91,Miami Heat,102,1,0.7073170731707317,6.76,111.7,103.5,8.2,90.9,0.6829268292682927,4.83,106.2,100.3,5.9,90.4,0.024390243902438935,1.9299999999999997,5.5,3.200000000000003,2.299999999999999,0.5
2010-11,2011,2011-05-03,Memphis Grizzlies,102,Oklahoma City Thunder,111,1,0.6707317073170732,3.81,111.2,107.2,4.0,92.7,0.5609756097560976,2.55,107.6,105.1,2.5,91.9,0.1097560975609756,1.2600000000000002,3.6000000000000085,2.1000000000000085,1.5,0.7999999999999972
2010-11,2011,2011-05-04,Atlanta Hawks,73,Chicago Bulls,86,1,0.7560975609756098,6.53,108.3,100.3,8.0,90.4,0.5365853658536586,-1.1,106.1,107.0,-0.9,89.3,0.2195121951219512,7.630000000000001,2.200000000000003,-6.700000000000003,8.9,1.1000000000000085
2010-11,2011,2011-05-04,Dallas Mavericks,93,Los Angeles Lakers,81,0,0.6951219512195121,6.01,111.0,104.3,6.7,90.7,0.6951219512195121,4.41,109.7,105.0,4.7,91.3,0.0,1.5999999999999996,1.2999999999999972,-0.7000000000000028,2.0,-0.5999999999999943
2010-11,2011,2011-05-06,Chicago Bulls,99,Atlanta Hawks,82,0,0.5365853658536586,-1.1,106.1,107.0,-0.9,89.3,0.7560975609756098,6.53,108.3,100.3,8.0,90.4,-0.2195121951219512,-7.630000000000001,-2.200000000000003,6.700000000000003,-8.9,-1.1000000000000085
2010-11,2011,2011-05-06,Los Angeles Lakers,92,Dallas Mavericks,98,1,0.6951219512195121,4.41,109.7,105.0,4.7,91.3,0.6951219512195121,6.01,111.0,104.3,6.7,90.7,0.0,-1.5999999999999996,-1.2999999999999972,0.7000000000000028,-2.0,0.5999999999999943
2010-11,2011,2011-05-07,Oklahoma City Thunder,93,Memphis Grizzlies,101,1,0.5609756097560976,2.55,107.6,105.1,2.5,91.9,0.6707317073170732,3.81,111.2,107.2,4.0,92.7,-0.1097560975609756,-1.2600000000000002,-3.6000000000000085,-2.1000000000000085,-1.5,-0.7999999999999972
2010-11,2011,2011-05-07,Miami Heat,81,Boston Celtics,97,1,0.6829268292682927,4.83,106.2,100.3,5.9,90.4,0.7073170731707317,6.76,111.7,103.5,8.2,90.9,-0.024390243902438935,-1.9299999999999997,-5.5,-3.200000000000003,-2.299999999999999,-0.5
2010-11,2011,2011-05-08,Los Angeles Lakers,86,Dallas Mavericks,122,1,0.6951219512195121,4.41,109.7,105.0,4.7,91.3,0.6951219512195121,6.01,111.0,104.3,6.7,90.7,0.0,-1.5999999999999996,-1.2999999999999972,0.7000000000000028,-2.0,0.5999999999999943
2010-11,2011,2011-05-08,Chicago Bulls,88,Atlanta Hawks,100,1,0.5365853658536586,-1.1,106.1,107.0,-0.9,89.3,0.7560975609756098,6.53,108.3,100.3,8.0,90.4,-0.2195121951219512,-7.630000000000001,-2.200000000000003,6.700000000000003,-8.9,-1.1000000000000085
2010-11,2011,2011-05-09,Miami Heat,98,Boston Celtics,90,0,0.6829268292682927,4.83,106.2,100.3,5.9,90.4,0.7073170731707317,6.76,111.7,103.5,8.2,90.9,-0.024390243902438935,-1.9299999999999997,-5.5,-3.200000000000003,-2.299999999999999,-0.5
2010-11,2011,2011-05-09,Oklahoma City Thunder,133,Memphis Grizzlies,123,0,0.5609756097560976,2.55,107.6,105.1,2.5,91.9,0.6707317073170732,3.81,111.2,107.2,4.0,92.7,-0.1097560975609756,-1.2600000000000002,-3.6000000000000085,-2.1000000000000085,-1.5,-0.7999999999999972
2010-11,2011,2011-05-10,Atlanta Hawks,83,Chicago Bulls,95,1,0.7560975609756098,6.53,108.3,100.3,8.0,90.4,0.5365853658536586,-1.1,106.1,107.0,-0.9,89.3,0.2195121951219512,7.630000000000001,2.200000000000003,-6.700000000000003,8.9,1.1000000000000085
2010-11,2011,2011-05-11,Boston Celtics,87,Miami Heat,97,1,0.7073170731707317,6.76,111.7,103.5,8.2,90.9,0.6829268292682927,4.83,106.2,100.3,5.9,90.4,0.024390243902438935,1.9299999999999997,5.5,3.200000000000003,2.299999999999999,0.5
2010-11,2011,2011-05-11,Memphis Grizzlies,72,Oklahoma City Thunder,99,1,0.6707317073170732,3.81,111.2,107.2,4.0,92.7,0.5609756097560976,2.55,107.6,105.1,2.5,91.9,0.1097560975609756,1.2600000000000002,3.6000000000000085,2.1000000000000085,1.5,0.7999999999999972
2010-11,2011,2011-05-12,Chicago Bulls,93,Atlanta Hawks,73,0,0.5365853658536586,-1.1,106.1,107.0,-0.9,89.3,0.7560975609756098,6.53,108.3,100.3,8.0,90.4,-0.2195121951219512,-7.630000000000001,-2.200000000000003,6.700000000000003,-8.9,-1.1000000000000085
2010-11,2011,2011-05-13,Oklahoma City Thunder,83,Memphis Grizzlies,95,1,0.5609756097560976,2.55,107.6,105.1,2.5,91.9,0.6707317073170732,3.81,111.2,107.2,4.0,92.7,-0.1097560975609756,-1.2600000000000002,-3.6000000000000085,-2.1000000000000085,-1.5,-0.7999999999999972
2010-11,2011,2011-05-15,Memphis Grizzlies,90,Oklahoma City Thunder,105,1,0.6707317073170732,3.81,111.2,107.2,4.0,92.7,0.5609756097560976,2.55,107.6,105.1,2.5,91.9,0.1097560975609756,1.2600000000000002,3.6000000000000085,2.1000000000000085,1.5,0.7999999999999972
2010-11,2011,2011-05-15,Miami Heat,82,Chicago Bulls,103,1,0.7560975609756098,6.53,108.3,100.3,8.0,90.4,0.7073170731707317,6.76,111.7,103.5,8.2,90.9,0.04878048780487809,-0.22999999999999954,-3.4000000000000057,-3.200000000000003,-0.1999999999999993,-0.5
2010-11,2011,2011-05-17,Oklahoma City Thunder,112,Dallas Mavericks,121,1,0.6951219512195121,4.41,109.7,105.0,4.7,91.3,0.6707317073170732,3.81,111.2,107.2,4.0,92.7,0.024390243902438935,0.6000000000000001,-1.5,-2.200000000000003,0.7000000000000002,-1.4000000000000057
2010-11,2011,2011-05-18,Miami Heat,85,Chicago Bulls,75,0,0.7560975609756098,6.53,108.3,100.3,8.0,90.4,0.7073170731707317,6.76,111.7,103.5,8.2,90.9,0.04878048780487809,-0.22999999999999954,-3.4000000000000057,-3.200000000000003,-0.1999999999999993,-0.5
2010-11,2011,2011-05-19,Oklahoma City Thunder,106,Dallas Mavericks,100,0,0.6951219512195121,4.41,109.7,105.0,4.7,91.3,0.6707317073170732,3.81,111.2,107.2,4.0,92.7,0.024390243902438935,0.6000000000000001,-1.5,-2.200000000000003,0.7000000000000002,-1.4000000000000057
2010-11,2011,2011-05-21,Dallas Mavericks,93,Oklahoma City Thunder,87,0,0.6707317073170732,3.81,111.2,107.2,4.0,92.7,0.6951219512195121,4.41,109.7,105.0,4.7,91.3,-0.024390243902438935,-0.6000000000000001,1.5,2.200000000000003,-0.7000000000000002,1.4000000000000057
2010-11,2011,2011-05-22,Chicago Bulls,85,Miami Heat,96,1,0.7073170731707317,6.76,111.7,103.5,8.2,90.9,0.7560975609756098,6.53,108.3,100.3,8.0,90.4,-0.04878048780487809,0.22999999999999954,3.4000000000000057,3.200000000000003,0.1999999999999993,0.5
2010-11,2011,2011-05-23,Dallas Mavericks,112,Oklahoma City Thunder,105,0,0.6707317073170732,3.81,111.2,107.2,4.0,92.7,0.6951219512195121,4.41,109.7,105.0,4.7,91.3,-0.024390243902438935,-0.6000000000000001,1.5,2.200000000000003,-0.7000000000000002,1.4000000000000057
2010-11,2011,2011-05-24,Chicago Bulls,93,Miami Heat,101,1,0.7073170731707317,6.76,111.7,103.5,8.2,90.9,0.7560975609756098,6.53,108.3,100.3,8.0,90.4,-0.04878048780487809,0.22999999999999954,3.4000000000000057,3.200000000000003,0.1999999999999993,0.5
2010-11,2011,2011-05-25,Oklahoma City Thunder,96,Dallas Mavericks,100,1,0.6951219512195121,4.41,109.7,105.0,4.7,91.3,0.6707317073170732,3.81,111.2,107.2,4.0,92.7,0.024390243902438935,0.6000000000000001,-1.5,-2.200000000000003,0.7000000000000002,-1.4000000000000057
2010-11,2011,2011-05-26,Miami Heat,83,Chicago Bulls,80,0,0.7560975609756098,6.53,108.3,100.3,8.0,90.4,0.7073170731707317,6.76,111.7,103.5,8.2,90.9,0.04878048780487809,-0.22999999999999954,-3.4000000000000057,-3.200000000000003,-0.1999999999999993,-0.5
2010-11,2011,2011-05-31,Dallas Mavericks,84,Miami Heat,92,1,0.7073170731707317,6.76,111.7,103.5,8.2,90.9,0.6951219512195121,4.41,109.7,105.0,4.7,91.3,0.012195121951219523,2.3499999999999996,2.0,-1.5,3.499999999999999,-0.3999999999999915
2010-11,2011,2011-06-02,Dallas Mavericks,95,Miami Heat,93,0,0.7073170731707317,6.76,111.7,103.5,8.2,90.9,0.6951219512195121,4.41,109.7,105.0,4.7,91.3,0.012195121951219523,2.3499999999999996,2.0,-1.5,3.499999999999999,-0.3999999999999915
2010-11,2011,2011-06-05,Miami Heat,88,Dallas Mavericks,86,0,0.6951219512195121,4.41,109.7,105.0,4.7,91.3,0.7073170731707317,6.76,111.7,103.5,8.2,90.9,-0.012195121951219523,-2.3499999999999996,-2.0,1.5,-3.499999999999999,0.3999999999999915
2010-11,2011,2011-06-07,Miami Heat,83,Dallas Mavericks,86,1,0.6951219512195121,4.41,109.7,105.0,4.7,91.3,0.7073170731707317,6.76,111.7,103.5,8.2,90.9,-0.012195121951219523,-2.3499999999999996,-2.0,1.5,-3.499999999999999,0.3999999999999915
2010-11,2011,2011-06-09,Miami Heat,103,Dallas Mavericks,112,1,0.6951219512195121,4.41,109.7,105.0,4.7,91.3,0.7073170731707317,6.76,111.7,103.5,8.2,90.9,-0.012195121951219523,-2.3499999999999996,-2.0,1.5,-3.499999999999999,0.3999999999999915
2010-11,2011,2011-06-12,Dallas Mavericks,105,Miami Heat,95,0,0.7073170731707317,6.76,111.7,103.5,8.2,90.9,0.6951219512195121,4.41,109.7,105.0,4.7,91.3,0.012195121951219523,2.3499999999999996,2.0,-1.5,3.499999999999999,-0.3999999999999915
2011-12,2012,2012-04-28,Philadelphia 76ers,91,Chicago Bulls,103,1,0.7575757575757576,7.43,107.4,98.3,9.1,89.1,0.5303030303030303,3.59,103.9,99.2,4.7,89.7,0.2272727272727273,3.84,3.5,-0.9000000000000057,4.3999999999999995,-0.6000000000000085
2011-12,2012,2012-04-28,New York Knicks,67,Miami Heat,100,1,0.696969696969697,5.72,106.6,100.2,6.4,91.2,0.5454545454545454,2.39,104.4,101.0,3.4,93.2,0.1515151515151516,3.3299999999999996,2.1999999999999886,-0.7999999999999972,3.0000000000000004,-2.0
2011-12,2012,2012-04-28,Orlando Magic,81,Indiana Pacers,77,0,0.6363636363636364,2.6,106.7,103.1,3.6,90.7,0.5606060606060606,0.46,105.0,104.1,0.9,89.0,0.0757575757575758,2.14,1.7000000000000028,-1.0,2.7,1.7000000000000028
2011-12,2012,2012-04-28,Dallas Mavericks,98,Oklahoma City Thunder,99,1,0.7121212121212122,6.44,109.8,103.2,6.6,93.0,0.5454545454545454,1.78,103.3,102.3,1.0,91.4,0.16666666666666674,4.66,6.5,0.9000000000000057,5.6,1.5999999999999943
2011-12,2012,2012-04-29,Utah Jazz,91,San Antonio Spurs,106,1,0.7575757575757576,7.28,110.9,103.2,7.7,92.9,0.5454545454545454,0.92,106.8,106.1,0.7,91.4,0.21212121212121215,6.36,4.1000000000000085,-2.8999999999999915,7.0,1.5
2011-12,2012,2012-04-29,Denver Nuggets,88,Los Angeles Lakers,103,1,0.6212121212121212,1.96,106.0,104.4,1.6,90.5,0.5757575757575758,3.16,109.2,106.2,3.0,94.2,0.045454545454545414,-1.2000000000000002,-3.200000000000003,-1.7999999999999972,-1.4,-3.700000000000003
2011-12,2012,2012-04-29,Boston Celtics,74,Atlanta Hawks,83,1,0.6060606060606061,2.67,104.9,101.2,3.7,90.2,0.5909090909090909,2.26,101.0,98.2,2.8,90.4,0.015151515151515138,0.41000000000000014,3.9000000000000057,3.0,0.9000000000000004,-0.20000000000000284
2011-12,2012,2012-04-29,Los Angeles Clippers,99,Memphis Grizzlies,98,0,0.6212121212121212,2.43,104.0,101.8,2.2,90.8,0.6060606060606061,2.82,108.5,105.7,2.8,89.2,0.015151515151515138,-0.3899999999999997,-4.5,-3.9000000000000057,-0.5999999999999996,1.5999999999999943
2011-12,2012,2012-04-30,New York Knicks,94,Miami Heat,104,1,0.696969696969697,5.72,106.6,100.2,6.4,91.2,0.5454545454545454,2.39,104.4,101.0,3.4,93.2,0.1515151515151516,3.3299999999999996,2.1999999999999886,-0.7999999999999972,3.0000000000000004,-2.0
2011-12,2012,2012-04-30,Orlando Magic,78,Indiana Pacers,93,1,0.6363636363636364,2.6,106.7,103.1,3.6,90.7,0.5606060606060606,0.46,105.0,104.1,0.9,89.0,0.0757575757575758,2.14,1.7000000000000028,-1.0,2.7,1.7000000000000028
2011-12,2012,2012-04-30,Dallas Mavericks,99,Oklahoma City Thunder,102,1,0.7121212121212122,6.44,109.8,103.2,6.6,93.0,0.5454545454545454,1.78,103.3,102.3,1.0,91.4,0.16666666666666674,4.66,6.5,0.9000000000000057,5.6,1.5999999999999943
2011-12,2012,2012-05-01,Boston Celtics,87,Atlanta Hawks,80,0,0.6060606060606061,2.67,104.9,101.2,3.7,90.2,0.5909090909090909,2.26,101.0,98.2,2.8,90.4,0.015151515151515138,0.41000000000000014,3.9000000000000057,3.0,0.9000000000000004,-0.20000000000000284
2011-12,2012,2012-05-01,Philadelphia 76ers,109,Chicago Bulls,92,0,0.7575757575757576,7.43,107.4,98.3,9.1,89.1,0.5303030303030303,3.59,103.9,99.2,4.7,89.7,0.2272727272727273,3.84,3.5,-0.9000000000000057,4.3999999999999995,-0.6000000000000085
2011-12,2012,2012-05-01,Denver Nuggets,100,Los Angeles Lakers,104,1,0.6212121212121212,1.96,106.0,104.4,1.6,90.5,0.5757575757575758,3.16,109.2,106.2,3.0,94.2,0.045454545454545414,-1.2000000000000002,-3.200000000000003,-1.7999999999999972,-1.4,-3.700000000000003
2011-12,2012,2012-05-02,Utah Jazz,83,San Antonio Spurs,114,1,0.7575757575757576,7.28,110.9,103.2,7.7,92.9,0.5454545454545454,0.92,106.8,106.1,0.7,91.4,0.21212121212121215,6.36,4.1000000000000085,-2.8999999999999915,7.0,1.5
2011-12,2012,2012-05-02,Indiana Pacers,97,Orlando Magic,74,0,0.5606060606060606,0.46,105.0,104.1,0.9,89.0,0.6363636363636364,2.6,106.7,103.1,3.6,90.7,-0.0757575757575758,-2.14,-1.7000000000000028,1.0,-2.7,-1.7000000000000028
2011-12,2012,2012-05-02,Los Angeles Clippers,98,Memphis Grizzlies,105,1,0.6212121212121212,2.43,104.0,101.8,2.2,90.8,0.6060606060606061,2.82,108.5,105.7,2.8,89.2,0.015151515151515138,-0.3899999999999997,-4.5,-3.9000000000000057,-0.5999999999999996,1.5999999999999943
2011-12,2012,2012-05-03,Miami Heat,87,New York Knicks,70,0,0.5454545454545454,2.39,104.4,101.0,3.4,93.2,0.696969696969697,5.72,106.6,100.2,6.4,91.2,-0.1515151515151516,-3.3299999999999996,-2.1999999999999886,0.7999999999999972,-3.0000000000000004,2.0
2011-12,2012,2012-05-03,Oklahoma City Thunder,95,Dallas Mavericks,79,0,0.5454545454545454,1.78,103.3,102.3,1.0,91.4,0.7121212121212122,6.44,109.8,103.2,6.6,93.0,-0.16666666666666674,-4.66,-6.5,-0.9000000000000057,-5.6,-1.5999999999999943
2011-12,2012,2012-05-04,Atlanta Hawks,84,Boston Celtics,90,1,0.5909090909090909,2.26,101.0,98.2,2.8,90.4,0.6060606060606061,2.67,104.9,101.2,3.7,90.2,-0.015151515151515138,-0.41000000000000014,-3.9000000000000057,-3.0,-0.9000000000000004,0.20000000000000284
2011-12,2012,2012-05-04,Chicago Bulls,74,Philadelphia 76ers,79,1,0.5303030303030303,3.59,103.9,99.2,4.7,89.7,0.7575757575757576,7.43,107.4,98.3,9.1,89.1,-0.2272727272727273,-3.84,-3.5,0.9000000000000057,-4.3999999999999995,0.6000000000000085
2011-12,2012,2012-05-04,Los Angeles Lakers,84,Denver Nuggets,99,1,0.5757575757575758,3.16,109.2,106.2,3.0,94.2,0.6212121212121212,1.96,106.0,104.4,1.6,90.5,-0.045454545454545414,1.2000000000000002,3.200000000000003,1.7999999999999972,1.4,3.700000000000003
2011-12,2012,2012-05-05,Indiana Pacers,101,Orlando Magic,99,0,0.5606060606060606,0.46,105.0,104.1,0.9,89.0,0.6363636363636364,2.6,106.7,103.1,3.6,90.7,-0.0757575757575758,-2.14,-1.7000000000000028,1.0,-2.7,-1.7000000000000028
2011-12,2012,2012-05-05,Memphis Grizzlies,86,Los Angeles Clippers,87,1,0.6060606060606061,2.82,108.5,105.7,2.8,89.2,0.6212121212121212,2.43,104.0,101.8,2.2,90.8,-0.015151515151515138,0.3899999999999997,4.5,3.9000000000000057,0.5999999999999996,-1.5999999999999943
2011-12,2012,2012-05-05,Oklahoma City Thunder,103,Dallas Mavericks,97,0,0.5454545454545454,1.78,103.3,102.3,1.0,91.4,0.7121212121212122,6.44,109.8,103.2,6.6,93.0,-0.16666666666666674,-4.66,-6.5,-0.9000000000000057,-5.6,-1.5999999999999943
2011-12,2012,2012-05-05,San Antonio Spurs,102,Utah Jazz,90,0,0.5454545454545454,0.92,106.8,106.1,0.7,91.4,0.7575757575757576,7.28,110.9,103.2,7.7,92.9,-0.21212121212121215,-6.36,-4.1000000000000085,2.8999999999999915,-7.0,-1.5
2011-12,2012,2012-05-06,Chicago Bulls,82,Philadelphia 76ers,89,1,0.5303030303030303,3.59,103.9,99.2,4.7,89.7,0.7575757575757576,7.43,107.4,98.3,9.1,89.1,-0.2272727272727273,-3.84,-3.5,0.9000000000000057,-4.3999999999999995,0.6000000000000085
2011-12,2012,2012-05-06,Miami Heat,87,New York Knicks,89,1,0.5454545454545454,2.39,104.4,101.0,3.4,93.2,0.696969696969697,5.72,106.6,100.2,6.4,91.2,-0.1515151515151516,-3.3299999999999996,-2.1999999999999886,0.7999999999999972,-3.0000000000000004,2.0
2011-12,2012,2012-05-06,Atlanta Hawks,79,Boston Celtics,101,1,0.5909090909090909,2.26,101.0,98.2,2.8,90.4,0.6060606060606061,2.67,104.9,101.2,3.7,90.2,-0.015151515151515138,-0.41000000000000014,-3.9000000000000057,-3.0,-0.9000000000000004,0.20000000000000284
2011-12,2012,2012-05-06,Los Angeles Lakers,92,Denver Nuggets,88,0,0.5757575757575758,3.16,109.2,106.2,3.0,94.2,0.6212121212121212,1.96,106.0,104.4,1.6,90.5,-0.045454545454545414,1.2000000000000002,3.200000000000003,1.7999999999999972,1.4,3.700000000000003
2011-12,2012,2012-05-07,San Antonio Spurs,87,Utah Jazz,81,0,0.5454545454545454,0.92,106.8,106.1,0.7,91.4,0.7575757575757576,7.28,110.9,103.2,7.7,92.9,-0.21212121212121215,-6.36,-4.1000000000000085,2.8999999999999915,-7.0,-1.5
2011-12,2012,2012-05-07,Memphis Grizzlies,97,Los Angeles Clippers,101,1,0.6060606060606061,2.82,108.5,105.7,2.8,89.2,0.6212121212121212,2.43,104.0,101.8,2.2,90.8,-0.015151515151515138,0.3899999999999997,4.5,3.9000000000000057,0.5999999999999996,-1.5999999999999943
2011-12,2012,2012-05-08,Orlando Magic,87,Indiana Pacers,105,1,0.6363636363636364,2.6,106.7,103.1,3.6,90.7,0.5606060606060606,0.46,105.0,104.1,0.9,89.0,0.0757575757575758,2.14,1.7000000000000028,-1.0,2.7,1.7000000000000028
2011-12,2012,2012-05-08,Boston Celtics,86,Atlanta Hawks,87,1,0.6060606060606061,2.67,104.9,101.2,3.7,90.2,0.5909090909090909,2.26,101.0,98.2,2.8,90.4,0.015151515151515138,0.41000000000000014,3.9000000000000057,3.0,0.9000000000000004,-0.20000000000000284
2011-12,2012,2012-05-08,Philadelphia 76ers,69,Chicago Bulls,77,1,0.7575757575757576,7.43,107.4,98.3,9.1,89.1,0.5303030303030303,3.59,103.9,99.2,4.7,89.7,0.2272727272727273,3.84,3.5,-0.9000000000000057,4.3999999999999995,-0.6000000000000085
2011-12,2012,2012-05-08,Denver Nuggets,102,Los Angeles Lakers,99,0,0.6212121212121212,1.96,106.0,104.4,1.6,90.5,0.5757575757575758,3.16,109.2,106.2,3.0,94.2,0.045454545454545414,-1.2000000000000002,-3.200000000000003,-1.7999999999999972,-1.4,-3.700000000000003
2011-12,2012,2012-05-09,New York Knicks,94,Miami Heat,106,1,0.696969696969697,5.72,106.6,100.2,6.4,91.2,0.5454545454545454,2.39,104.4,101.0,3.4,93.2,0.1515151515151516,3.3299999999999996,2.1999999999999886,-0.7999999999999972,3.0000000000000004,-2.0
2011-12,2012,2012-05-09,Los Angeles Clippers,80,Memphis Grizzlies,92,1,0.6212121212121212,2.43,104.0,101.8,2.2,90.8,0.6060606060606061,2.82,108.5,105.7,2.8,89.2,0.015151515151515138,-0.3899999999999997,-4.5,-3.9000000000000057,-0.5999999999999996,1.5999999999999943
2011-12,2012,2012-05-10,Chicago Bulls,78,Philadelphia 76ers,79,1,0.5303030303030303,3.59,103.9,99.2,4.7,89.7,0.7575757575757576,7.43,107.4,98.3,9.1,89.1,-0.2272727272727273,-3.84,-3.5,0.9000000000000057,-4.3999999999999995,0.6000000000000085
2011-12,2012,2012-05-10,Atlanta Hawks,80,Boston Celtics,83,1,0.5909090909090909,2.26,101.0,98.2,2.8,90.4,0.6060606060606061,2.67,104.9,101.2,3.7,90.2,-0.015151515151515138,-0.41000000000000014,-3.9000000000000057,-3.0,-0.9000000000000004,0.20000000000000284
2011-12,2012,2012-05-10,Los Angeles Lakers,96,Denver Nuggets,113,1,0.5757575757575758,3.16,109.2,106.2,3.0,94.2,0.6212121212121212,1.96,106.0,104.4,1.6,90.5,-0.045454545454545414,1.2000000000000002,3.200000000000003,1.7999999999999972,1.4,3.700000000000003
2011-12,2012,2012-05-11,Memphis Grizzlies,90,Los Angeles Clippers,88,0,0.6060606060606061,2.82,108.5,105.7,2.8,89.2,0.6212121212121212,2.43,104.0,101.8,2.2,90.8,-0.015151515151515138,0.3899999999999997,4.5,3.9000000000000057,0.5999999999999996,-1.5999999999999943
2011-12,2012,2012-05-12,Philadelphia 76ers,91,Boston Celtics,92,1,0.5909090909090909,2.26,101.0,98.2,2.8,90.4,0.5303030303030303,3.59,103.9,99.2,4.7,89.7,0.06060606060606066,-1.33,-2.9000000000000057,-1.0,-1.9000000000000004,0.7000000000000028
2011-12,2012,2012-05-12,Denver Nuggets,87,Los Angeles Lakers,96,1,0.6212121212121212,1.96,106.0,104.4,1.6,90.5,0.5757575757575758,3.16,109.2,106.2,3.0,94.2,0.045454545454545414,-1.2000000000000002,-3.200000000000003,-1.7999999999999972,-1.4,-3.700000000000003
2011-12,2012,2012-05-13,Los Angeles Clippers,82,Memphis Grizzlies,72,0,0.6212121212121212,2.43,104.0,101.8,2.2,90.8,0.6060606060606061,2.82,108.5,105.7,2.8,89.2,0.015151515151515138,-0.3899999999999997,-4.5,-3.9000000000000057,-0.5999999999999996,1.5999999999999943
2011-12,2012,2012-05-13,Indiana Pacers,86,Miami Heat,95,1,0.696969696969697,5.72,106.6,100.2,6.4,91.2,0.6363636363636364,2.6,106.7,103.1,3.6,90.7,0.06060606060606066,3.1199999999999997,-0.10000000000000853,-2.8999999999999915,2.8000000000000003,0.5
2011-12,2012,2012-05-14,Philadelphia 76ers,82,Boston Celtics,81,0,0.5909090909090909,2.26,101.0,98.2,2.8,90.4,0.5303030303030303,3.59,103.9,99.2,4.7,89.7,0.06060606060606066,-1.33,-2.9000000000000057,-1.0,-1.9000000000000004,0.7000000000000028
2011-12,2012,2012-05-14,Los Angeles Lakers,90,Oklahoma City Thunder,119,1,0.7121212121212122,6.44,109.8,103.2,6.6,93.0,0.6212121212121212,1.96,106.0,104.4,1.6,90.5,0.09090909090909094,4.48,3.799999999999997,-1.2000000000000028,5.0,2.5
2011-12,2012,2012-05-15,Indiana Pacers,78,Miami Heat,75,0,0.696969696969697,5.72,106.6,100.2,6.4,91.2,0.6363636363636364,2.6,106.7,103.1,3.6,90.7,0.06060606060606066,3.1199999999999997,-0.10000000000000853,-2.8999999999999915,2.8000000000000003,0.5
2011-12,2012,2012-05-15,Los Angeles Clippers,92,San Antonio Spurs,108,1,0.7575757575757576,7.28,110.9,103.2,7.7,92.9,0.6060606060606061,2.82,108.5,105.7,2.8,89.2,0.1515151515151515,4.460000000000001,2.4000000000000057,-2.5,4.9,3.700000000000003
2011-12,2012,2012-05-16,Boston Celtics,107,Philadelphia 76ers,91,0,0.5303030303030303,3.59,103.9,99.2,4.7,89.7,0.5909090909090909,2.26,101.0,98.2,2.8,90.4,-0.06060606060606066,1.33,2.9000000000000057,1.0,1.9000000000000004,-0.7000000000000028
2011-12,2012,2012-05-16,Los Angeles Lakers,75,Oklahoma City Thunder,77,1,0.7121212121212122,6.44,109.8,103.2,6.6,93.0,0.6212121212121212,1.96,106.0,104.4,1.6,90.5,0.09090909090909094,4.48,3.799999999999997,-1.2000000000000028,5.0,2.5
2011-12,2012,2012-05-17,Miami Heat,75,Indiana Pacers,94,1,0.6363636363636364,2.6,106.7,103.1,3.6,90.7,0.696969696969697,5.72,106.6,100.2,6.4,91.2,-0.06060606060606066,-3.1199999999999997,0.10000000000000853,2.8999999999999915,-2.8000000000000003,-0.5
2011-12,2012,2012-05-17,Los Angeles Clippers,88,San Antonio Spurs,105,1,0.7575757575757576,7.28,110.9,103.2,7.7,92.9,0.6060606060606061,2.82,108.5,105.7,2.8,89.2,0.1515151515151515,4.460000000000001,2.4000000000000057,-2.5,4.9,3.700000000000003
2011-12,2012,2012-05-18,Boston Celtics,83,Philadelphia 76ers,92,1,0.5303030303030303,3.59,103.9,99.2,4.7,89.7,0.5909090909090909,2.26,101.0,98.2,2.8,90.4,-0.06060606060606066,1.33,2.9000000000000057,1.0,1.9000000000000004,-0.7000000000000028
2011-12,2012,2012-05-18,Oklahoma City Thunder,96,Los Angeles Lakers,99,1,0.6212121212121212,1.96,106.0,104.4,1.6,90.5,0.7121212121212122,6.44,109.8,103.2,6.6,93.0,-0.09090909090909094,-4.48,-3.799999999999997,1.2000000000000028,-5.0,-2.5
2011-12,2012,2012-05-19,San Antonio Spurs,96,Los Angeles Clippers,86,0,0.6060606060606061,2.82,108.5,105.7,2.8,89.2,0.7575757575757576,7.28,110.9,103.2,7.7,92.9,-0.1515151515151515,-4.460000000000001,-2.4000000000000057,2.5,-4.9,-3.700000000000003
2011-12,2012,2012-05-19,Oklahoma City Thunder,103,Los Angeles Lakers,100,0,0.6212121212121212,1.96,106.0,104.4,1.6,90.5,0.7121212121212122,6.44,109.8,103.2,6.6,93.0,-0.09090909090909094,-4.48,-3.799999999999997,1.2000000000000028,-5.0,-2.5
2011-12,2012,2012-05-20,Miami Heat,101,Indiana Pacers,93,0,0.6363636363636364,2.6,106.7,103.1,3.6,90.7,0.696969696969697,5.72,106.6,100.2,6.4,91.2,-0.06060606060606066,-3.1199999999999997,0.10000000000000853,2.8999999999999915,-2.8000000000000003,-0.5
2011-12,2012,2012-05-20,San Antonio Spurs,102,Los Angeles Clippers,99,0,0.6060606060606061,2.82,108.5,105.7,2.8,89.2,0.7575757575757576,7.28,110.9,103.2,7.7,92.9,-0.1515151515151515,-4.460000000000001,-2.4000000000000057,2.5,-4.9,-3.700000000000003
2011-12,2012,2012-05-21,Philadelphia 76ers,85,Boston Celtics,101,1,0.5909090909090909,2.26,101.0,98.2,2.8,90.4,0.5303030303030303,3.59,103.9,99.2,4.7,89.7,0.06060606060606066,-1.33,-2.9000000000000057,-1.0,-1.9000000000000004,0.7000000000000028
2011-12,2012,2012-05-21,Los Angeles Lakers,90,Oklahoma City Thunder,106,1,0.7121212121212122,6.44,109.8,103.2,6.6,93.0,0.6212121212121212,1.96,106.0,104.4,1.6,90.5,0.09090909090909094,4.48,3.799999999999997,-1.2000000000000028,5.0,2.5
2011-12,2012,2012-05-22,Indiana Pacers,83,Miami Heat,115,1,0.696969696969697,5.72,106.6,100.2,6.4,91.2,0.6363636363636364,2.6,106.7,103.1,3.6,90.7,0.06060606060606066,3.1199999999999997,-0.10000000000000853,-2.8999999999999915,2.8000000000000003,0.5
2011-12,2012,2012-05-23,Boston Celtics,75,Philadelphia 76ers,82,1,0.5303030303030303,3.59,103.9,99.2,4.7,89.7,0.5909090909090909,2.26,101.0,98.2,2.8,90.4,-0.06060606060606066,1.33,2.9000000000000057,1.0,1.9000000000000004,-0.7000000000000028
2011-12,2012,2012-05-24,Miami Heat,105,Indiana Pacers,93,0,0.6363636363636364,2.6,106.7,103.1,3.6,90.7,0.696969696969697,5.72,106.6,100.2,6.4,91.2,-0.06060606060606066,-3.1199999999999997,0.10000000000000853,2.8999999999999915,-2.8000000000000003,-0.5
2011-12,2012,2012-05-26,Philadelphia 76ers,75,Boston Celtics,85,1,0.5909090909090909,2.26,101.0,98.2,2.8,90.4,0.5303030303030303,3.59,103.9,99.2,4.7,89.7,0.06060606060606066,-1.33,-2.9000000000000057,-1.0,-1.9000000000000004,0.7000000000000028
2011-12,2012,2012-05-27,Oklahoma City Thunder,98,San Antonio Spurs,101,1,0.7575757575757576,7.28,110.9,103.2,7.7,92.9,0.7121212121212122,6.44,109.8,103.2,6.6,93.0,0.045454545454545414,0.8399999999999999,1.1000000000000085,0.0,1.1000000000000005,-0.09999999999999432
2011-12,2012,2012-05-28,Boston Celtics,79,Miami Heat,93,1,0.696969696969697,5.72,106.6,100.2,6.4,91.2,0.5909090909090909,2.26,101.0,98.2,2.8,90.4,0.10606060606060608,3.46,5.599999999999994,2.0,3.6000000000000005,0.7999999999999972
2011-12,2012,2012-05-29,Oklahoma City Thunder,111,San Antonio Spurs,120,1,0.7575757575757576,7.28,110.9,103.2,7.7,92.9,0.7121212121212122,6.44,109.8,103.2,6.6,93.0,0.045454545454545414,0.8399999999999999,1.1000000000000085,0.0,1.1000000000000005,-0.09999999999999432
2011-12,2012,2012-05-30,Boston Celtics,111,Miami Heat,115,1,0.696969696969697,5.72,106.6,100.2,6.4,91.2,0.5909090909090909,2.26,101.0,98.2,2.8,90.4,0.10606060606060608,3.46,5.599999999999994,2.0,3.6000000000000005,0.7999999999999972
2011-12,2012,2012-05-31,San Antonio Spurs,82,Oklahoma City Thunder,102,1,0.7121212121212122,6.44,109.8,103.2,6.6,93.0,0.7575757575757576,7.28,110.9,103.2,7.7,92.9,-0.045454545454545414,-0.8399999999999999,-1.1000000000000085,0.0,-1.1000000000000005,0.09999999999999432
2011-12,2012,2012-06-01,Miami Heat,91,Boston Celtics,101,1,0.5909090909090909,2.26,101.0,98.2,2.8,90.4,0.696969696969697,5.72,106.6,100.2,6.4,91.2,-0.10606060606060608,-3.46,-5.599999999999994,-2.0,-3.6000000000000005,-0.7999999999999972
2011-12,2012,2012-06-02,San Antonio Spurs,103,Oklahoma City Thunder,109,1,0.7121212121212122,6.44,109.8,103.2,6.6,93.0,0.7575757575757576,7.28,110.9,103.2,7.7,92.9,-0.045454545454545414,-0.8399999999999999,-1.1000000000000085,0.0,-1.1000000000000005,0.09999999999999432
2011-12,2012,2012-06-03,Miami Heat,91,Boston Celtics,93,1,0.5909090909090909,2.26,101.0,98.2,2.8,90.4,0.696969696969697,5.72,106.6,100.2,6.4,91.2,-0.10606060606060608,-3.46,-5.599999999999994,-2.0,-3.6000000000000005,-0.7999999999999972
2011-12,2012,2012-06-04,Oklahoma City Thunder,108,San Antonio Spurs,103,0,0.7575757575757576,7.28,110.9,103.2,7.7,92.9,0.7121212121212122,6.44,109.8,103.2,6.6,93.0,0.045454545454545414,0.8399999999999999,1.1000000000000085,0.0,1.1000000000000005,-0.09999999999999432
2011-12,2012,2012-06-05,Boston Celtics,94,Miami Heat,90,0,0.696969696969697,5.72,106.6,100.2,6.4,91.2,0.5909090909090909,2.26,101.0,98.2,2.8,90.4,0.10606060606060608,3.46,5.599999999999994,2.0,3.6000000000000005,0.7999999999999972
2011-12,2012,2012-06-06,San Antonio Spurs,99,Oklahoma City Thunder,107,1,0.7121212121212122,6.44,109.8,103.2,6.6,93.0,0.7575757575757576,7.28,110.9,103.2,7.7,92.9,-0.045454545454545414,-0.8399999999999999,-1.1000000000000085,0.0,-1.1000000000000005,0.09999999999999432
2011-12,2012,2012-06-07,Miami Heat,98,Boston Celtics,79,0,0.5909090909090909,2.26,101.0,98.2,2.8,90.4,0.696969696969697,5.72,106.6,100.2,6.4,91.2,-0.10606060606060608,-3.46,-5.599999999999994,-2.0,-3.6000000000000005,-0.7999999999999972
2011-12,2012,2012-06-09,Boston Celtics,88,Miami Heat,101,1,0.696969696969697,5.72,106.6,100.2,6.4,91.2,0.5909090909090909,2.26,101.0,98.2,2.8,90.4,0.10606060606060608,3.46,5.599999999999994,2.0,3.6000000000000005,0.7999999999999972
2011-12,2012,2012-06-12,Miami Heat,94,Oklahoma City Thunder,105,1,0.7121212121212122,6.44,109.8,103.2,6.6,93.0,0.696969696969697,5.72,106.6,100.2,6.4,91.2,0.015151515151515138,0.7200000000000006,3.200000000000003,3.0,0.1999999999999993,1.7999999999999972
2011-12,2012,2012-06-14,Miami Heat,100,Oklahoma City Thunder,96,0,0.7121212121212122,6.44,109.8,103.2,6.6,93.0,0.696969696969697,5.72,106.6,100.2,6.4,91.2,0.015151515151515138,0.7200000000000006,3.200000000000003,3.0,0.1999999999999993,1.7999999999999972
2011-12,2012,2012-06-17,Oklahoma City Thunder,85,Miami Heat,91,1,0.696969696969697,5.72,106.6,100.2,6.4,91.2,0.7121212121212122,6.44,109.8,103.2,6.6,93.0,-0.015151515151515138,-0.7200000000000006,-3.200000000000003,-3.0,-0.1999999999999993,-1.7999999999999972
2011-12,2012,2012-06-19,Oklahoma City Thunder,98,Miami Heat,104,1,0.696969696969697,5.72,106.6,100.2,6.4,91.2,0.7121212121212122,6.44,109.8,103.2,6.6,93.0,-0.015151515151515138,-0.7200000000000006,-3.200000000000003,-3.0,-0.1999999999999993,-1.7999999999999972
2011-12,2012,2012-06-21,Oklahoma City Thunder,106,Miami Heat,121,1,0.696969696969697,5.72,106.6,100.2,6.4,91.2,0.7121212121212122,6.44,109.8,103.2,6.6,93.0,-0.015151515151515138,-0.7200000000000006,-3.200000000000003,-3.0,-0.1999999999999993,-1.7999999999999972
2012-13,2013,2013-04-20,Boston Celtics,78,New York Knicks,85,1,0.6585365853658537,3.73,111.1,106.3,4.8,89.8,0.5061728395061729,-0.62,103.1,103.3,-0.2,91.7,0.15236374585968082,4.35,8.0,3.0,5.0,-1.9000000000000057
2012-13,2013,2013-04-20,Golden State Warriors,95,Denver Nuggets,97,1,0.6951219512195121,5.37,110.4,105.1,5.3,95.1,0.573170731707317,1.32,106.4,105.5,0.9,94.5,0.12195121951219512,4.05,4.0,-0.4000000000000057,4.3999999999999995,0.5999999999999943
2012-13,2013,2013-04-20,Chicago Bulls,89,Brooklyn Nets,106,1,0.5975609756097561,1.25,108.2,106.2,2.0,88.8,0.5487804878048781,-0.02,103.5,103.2,0.3,89.3,0.04878048780487798,1.27,4.700000000000003,3.0,1.7,-0.5
2012-13,2013,2013-04-20,Memphis Grizzlies,91,Los Angeles Clippers,112,1,0.6829268292682927,6.43,110.6,103.6,7.0,91.1,0.6829268292682927,4.32,104.9,100.3,4.6,88.4,0.0,2.1099999999999994,5.699999999999989,3.299999999999997,2.4000000000000004,2.6999999999999886
2012-13,2013,2013-04-21,Atlanta Hawks,90,Indiana Pacers,107,1,0.6049382716049383,3.34,104.3,99.8,4.5,90.2,0.5365853658536586,-0.08,104.8,104.4,0.4,92.6,0.06835290575127972,3.42,-0.5,-4.6000000000000085,4.1,-2.3999999999999915
2012-13,2013,2013-04-21,Los Angeles Lakers,79,San Antonio Spurs,91,1,0.7073170731707317,6.67,108.3,101.6,6.7,94.2,0.5487804878048781,1.48,107.8,106.6,1.2,94.4,0.15853658536585358,5.1899999999999995,0.5,-5.0,5.5,-0.20000000000000284
2012-13,2013,2013-04-21,Milwaukee Bucks,87,Miami Heat,110,1,0.8048780487804879,7.03,112.3,103.7,8.6,90.7,0.4634146341463415,-1.83,103.6,105.2,-1.6,94.7,0.34146341463414637,8.86,8.700000000000003,-1.5,10.2,-4.0
2012-13,2013,2013-04-21,Houston Rockets,91,Oklahoma City Thunder,120,1,0.7317073170731707,9.15,112.4,102.6,9.8,93.3,0.5487804878048781,3.69,109.7,106.1,3.6,96.1,0.18292682926829262,5.460000000000001,2.700000000000003,-3.5,6.200000000000001,-2.799999999999997
2012-13,2013,2013-04-22,Chicago Bulls,90,Brooklyn Nets,82,0,0.5975609756097561,1.25,108.2,106.2,2.0,88.8,0.5487804878048781,-0.02,103.5,103.2,0.3,89.3,0.04878048780487798,1.27,4.700000000000003,3.0,1.7,-0.5
2012-13,2013,2013-04-22,Memphis Grizzlies,91,Los Angeles Clippers,93,1,0.6829268292682927,6.43,110.6,103.6,7.0,91.1,0.6829268292682927,4.32,104.9,100.3,4.6,88.4,0.0,2.1099999999999994,5.699999999999989,3.299999999999997,2.4000000000000004,2.6999999999999886
2012-13,2013,2013-04-23,Milwaukee Bucks,86,Miami Heat,98,1,0.8048780487804879,7.03,112.3,103.7,8.6,90.7,0.4634146341463415,-1.83,103.6,105.2,-1.6,94.7,0.34146341463414637,8.86,8.700000000000003,-1.5,10.2,-4.0
2012-13,2013,2013-04-23,Boston Celtics,71,New York Knicks,87,1,0.6585365853658537,3.73,111.1,106.3,4.8,89.8,0.5061728395061729,-0.62,103.1,103.3,-0.2,91.7,0.15236374585968082,4.35,8.0,3.0,5.0,-1.9000000000000057
2012-13,2013,2013-04-23,Golden State Warriors,131,Denver Nuggets,117,0,0.6951219512195121,5.37,110.4,105.1,5.3,95.1,0.573170731707317,1.32,106.4,105.5,0.9,94.5,0.12195121951219512,4.05,4.0,-0.4000000000000057,4.3999999999999995,0.5999999999999943
2012-13,2013,2013-04-24,Houston Rockets,102,Oklahoma City Thunder,105,1,0.7317073170731707,9.15,112.4,102.6,9.8,93.3,0.5487804878048781,3.69,109.7,106.1,3.6,96.1,0.18292682926829262,5.460000000000001,2.700000000000003,-3.5,6.200000000000001,-2.799999999999997
2012-13,2013,2013-04-24,Atlanta Hawks,98,Indiana Pacers,113,1,0.6049382716049383,3.34,104.3,99.8,4.5,90.2,0.5365853658536586,-0.08,104.8,104.4,0.4,92.6,0.06835290575127972,3.42,-0.5,-4.6000000000000085,4.1,-2.3999999999999915
2012-13,2013,2013-04-24,Los Angeles Lakers,91,San Antonio Spurs,102,1,0.7073170731707317,6.67,108.3,101.6,6.7,94.2,0.5487804878048781,1.48,107.8,106.6,1.2,94.4,0.15853658536585358,5.1899999999999995,0.5,-5.0,5.5,-0.20000000000000284
2012-13,2013,2013-04-25,Miami Heat,104,Milwaukee Bucks,91,0,0.4634146341463415,-1.83,103.6,105.2,-1.6,94.7,0.8048780487804879,7.03,112.3,103.7,8.6,90.7,-0.34146341463414637,-8.86,-8.700000000000003,1.5,-10.2,4.0
2012-13,2013,2013-04-25,Brooklyn Nets,76,Chicago Bulls,79,1,0.5487804878048781,-0.02,103.5,103.2,0.3,89.3,0.5975609756097561,1.25,108.2,106.2,2.0,88.8,-0.04878048780487798,-1.27,-4.700000000000003,-3.0,-1.7,0.5
2012-13,2013,2013-04-25,Los Angeles Clippers,82,Memphis Grizzlies,94,1,0.6829268292682927,4.32,104.9,100.3,4.6,88.4,0.6829268292682927,6.43,110.6,103.6,7.0,91.1,0.0,-2.1099999999999994,-5.699999999999989,-3.299999999999997,-2.4000000000000004,-2.6999999999999886
2012-13,2013,2013-04-26,New York Knicks,90,Boston Celtics,76,0,0.5061728395061729,-0.62,103.1,103.3,-0.2,91.7,0.6585365853658537,3.73,111.1,106.3,4.8,89.8,-0.15236374585968082,-4.35,-8.0,-3.0,-5.0,1.9000000000000057
2012-13,2013,2013-04-26,Denver Nuggets,108,Golden State Warriors,110,1,0.573170731707317,1.32,106.4,105.5,0.9,94.5,0.6951219512195121,5.37,110.4,105.1,5.3,95.1,-0.12195121951219512,-4.05,-4.0,0.4000000000000057,-4.3999999999999995,-0.5999999999999943
2012-13,2013,2013-04-26,San Antonio Spurs,120,Los Angeles Lakers,89,0,0.5487804878048781,1.48,107.8,106.6,1.2,94.4,0.7073170731707317,6.67,108.3,101.6,6.7,94.2,-0.15853658536585358,-5.1899999999999995,-0.5,5.0,-5.5,0.20000000000000284
2012-13,2013,2013-04-27,Brooklyn Nets,134,Chicago Bulls,142,1,0.5487804878048781,-0.02,103.5,103.2,0.3,89.3,0.5975609756097561,1.25,108.2,106.2,2.0,88.8,-0.04878048780487798,-1.27,-4.700000000000003,-3.0,-1.7,0.5
2012-13,2013,2013-04-27,Los Angeles Clippers,83,Memphis Grizzlies,104,1,0.6829268292682927,4.32,104.9,100.3,4.6,88.4,0.6829268292682927,6.43,110.6,103.6,7.0,91.1,0.0,-2.1099999999999994,-5.699999999999989,-3.299999999999997,-2.4000000000000004,-2.6999999999999886
2012-13,2013,2013-04-27,Indiana Pacers,69,Atlanta Hawks,90,1,0.5365853658536586,-0.08,104.8,104.4,0.4,92.6,0.6049382716049383,3.34,104.3,99.8,4.5,90.2,-0.06835290575127972,-3.42,0.5,4.6000000000000085,-4.1,2.3999999999999915
2012-13,2013,2013-04-27,Oklahoma City Thunder,104,Houston Rockets,101,0,0.5487804878048781,3.69,109.7,106.1,3.6,96.1,0.7317073170731707,9.15,112.4,102.6,9.8,93.3,-0.18292682926829262,-5.460000000000001,-2.700000000000003,3.5,-6.200000000000001,2.799999999999997
2012-13,2013,2013-04-28,New York Knicks,90,Boston Celtics,97,1,0.5061728395061729,-0.62,103.1,103.3,-0.2,91.7,0.6585365853658537,3.73,111.1,106.3,4.8,89.8,-0.15236374585968082,-4.35,-8.0,-3.0,-5.0,1.9000000000000057
2012-13,2013,2013-04-28,Miami Heat,88,Milwaukee Bucks,77,0,0.4634146341463415,-1.83,103.6,105.2,-1.6,94.7,0.8048780487804879,7.03,112.3,103.7,8.6,90.7,-0.34146341463414637,-8.86,-8.700000000000003,1.5,-10.2,4.0
2012-13,2013,2013-04-28,San Antonio Spurs,103,Los Angeles Lakers,82,0,0.5487804878048781,1.48,107.8,106.6,1.2,94.4,0.7073170731707317,6.67,108.3,101.6,6.7,94.2,-0.15853658536585358,-5.1899999999999995,-0.5,5.0,-5.5,0.20000000000000284
2012-13,2013,2013-04-28,Denver Nuggets,101,Golden State Warriors,115,1,0.573170731707317,1.32,106.4,105.5,0.9,94.5,0.6951219512195121,5.37,110.4,105.1,5.3,95.1,-0.12195121951219512,-4.05,-4.0,0.4000000000000057,-4.3999999999999995,-0.5999999999999943
2012-13,2013,2013-04-29,Chicago Bulls,91,Brooklyn Nets,110,1,0.5975609756097561,1.25,108.2,106.2,2.0,88.8,0.5487804878048781,-0.02,103.5,103.2,0.3,89.3,0.04878048780487798,1.27,4.700000000000003,3.0,1.7,-0.5
2012-13,2013,2013-04-29,Indiana Pacers,91,Atlanta Hawks,102,1,0.5365853658536586,-0.08,104.8,104.4,0.4,92.6,0.6049382716049383,3.34,104.3,99.8,4.5,90.2,-0.06835290575127972,-3.42,0.5,4.6000000000000085,-4.1,2.3999999999999915
2012-13,2013,2013-04-29,Oklahoma City Thunder,103,Houston Rockets,105,1,0.5487804878048781,3.69,109.7,106.1,3.6,96.1,0.7317073170731707,9.15,112.4,102.6,9.8,93.3,-0.18292682926829262,-5.460000000000001,-2.700000000000003,3.5,-6.200000000000001,2.799999999999997
2012-13,2013,2013-04-30,Golden State Warriors,100,Denver Nuggets,107,1,0.6951219512195121,5.37,110.4,105.1,5.3,95.1,0.573170731707317,1.32,106.4,105.5,0.9,94.5,0.12195121951219512,4.05,4.0,-0.4000000000000057,4.3999999999999995,0.5999999999999943
2012-13,2013,2013-04-30,Memphis Grizzlies,103,Los Angeles Clippers,93,0,0.6829268292682927,6.43,110.6,103.6,7.0,91.1,0.6829268292682927,4.32,104.9,100.3,4.6,88.4,0.0,2.1099999999999994,5.699999999999989,3.299999999999997,2.4000000000000004,2.6999999999999886
2012-13,2013,2013-05-01,Boston Celtics,92,New York Knicks,86,0,0.6585365853658537,3.73,111.1,106.3,4.8,89.8,0.5061728395061729,-0.62,103.1,103.3,-0.2,91.7,0.15236374585968082,4.35,8.0,3.0,5.0,-1.9000000000000057
2012-13,2013,2013-05-01,Atlanta Hawks,83,Indiana Pacers,106,1,0.6049382716049383,3.34,104.3,99.8,4.5,90.2,0.5365853658536586,-0.08,104.8,104.4,0.4,92.6,0.06835290575127972,3.42,-0.5,-4.6000000000000085,4.1,-2.3999999999999915
2012-13,2013,2013-05-01,Houston Rockets,107,Oklahoma City Thunder,100,0,0.7317073170731707,9.15,112.4,102.6,9.8,93.3,0.5487804878048781,3.69,109.7,106.1,3.6,96.1,0.18292682926829262,5.460000000000001,2.700000000000003,-3.5,6.200000000000001,-2.799999999999997
2012-13,2013,2013-05-02,Brooklyn Nets,95,Chicago Bulls,92,0,0.5487804878048781,-0.02,103.5,103.2,0.3,89.3,0.5975609756097561,1.25,108.2,106.2,2.0,88.8,-0.04878048780487798,-1.27,-4.700000000000003,-3.0,-1.7,0.5
2012-13,2013,2013-05-02,Denver Nuggets,88,Golden State Warriors,92,1,0.573170731707317,1.32,106.4,105.5,0.9,94.5,0.6951219512195121,5.37,110.4,105.1,5.3,95.1,-0.12195121951219512,-4.05,-4.0,0.4000000000000057,-4.3999999999999995,-0.5999999999999943
2012-13,2013,2013-05-03,Indiana Pacers,81,Atlanta Hawks,73,0,0.5365853658536586,-0.08,104.8,104.4,0.4,92.6,0.6049382716049383,3.34,104.3,99.8,4.5,90.2,-0.06835290575127972,-3.42,0.5,4.6000000000000085,-4.1,2.3999999999999915
2012-13,2013,2013-05-03,New York Knicks,88,Boston Celtics,80,0,0.5061728395061729,-0.62,103.1,103.3,-0.2,91.7,0.6585365853658537,3.73,111.1,106.3,4.8,89.8,-0.15236374585968082,-4.35,-8.0,-3.0,-5.0,1.9000000000000057
2012-13,2013,2013-05-03,Oklahoma City Thunder,103,Houston Rockets,94,0,0.5487804878048781,3.69,109.7,106.1,3.6,96.1,0.7317073170731707,9.15,112.4,102.6,9.8,93.3,-0.18292682926829262,-5.460000000000001,-2.700000000000003,3.5,-6.200000000000001,2.799999999999997
2012-13,2013,2013-05-03,Los Angeles Clippers,105,Memphis Grizzlies,118,1,0.6829268292682927,4.32,104.9,100.3,4.6,88.4,0.6829268292682927,6.43,110.6,103.6,7.0,91.1,0.0,-2.1099999999999994,-5.699999999999989,-3.299999999999997,-2.4000000000000004,-2.6999999999999886
2012-13,2013,2013-05-04,Chicago Bulls,99,Brooklyn Nets,93,0,0.5975609756097561,1.25,108.2,106.2,2.0,88.8,0.5487804878048781,-0.02,103.5,103.2,0.3,89.3,0.04878048780487798,1.27,4.700000000000003,3.0,1.7,-0.5
2012-13,2013,2013-05-05,Memphis Grizzlies,91,Oklahoma City Thunder,93,1,0.7317073170731707,9.15,112.4,102.6,9.8,93.3,0.6829268292682927,4.32,104.9,100.3,4.6,88.4,0.04878048780487798,4.83,7.5,2.299999999999997,5.200000000000001,4.8999999999999915
2012-13,2013,2013-05-05,Indiana Pacers,102,New York Knicks,95,0,0.6585365853658537,3.73,111.1,106.3,4.8,89.8,0.6049382716049383,3.34,104.3,99.8,4.5,90.2,0.053598313760915395,0.3900000000000001,6.799999999999997,6.5,0.2999999999999998,-0.4000000000000057
2012-13,2013,2013-05-06,Chicago Bulls,93,Miami Heat,86,0,0.8048780487804879,7.03,112.3,103.7,8.6,90.7,0.5487804878048781,-0.02,103.5,103.2,0.3,89.3,0.25609756097560976,7.05,8.799999999999997,0.5,8.299999999999999,1.4000000000000057
2012-13,2013,2013-05-06,Golden State Warriors,127,San Antonio Spurs,129,1,0.7073170731707317,6.67,108.3,101.6,6.7,94.2,0.573170731707317,1.32,106.4,105.5,0.9,94.5,0.13414634146341464,5.35,1.8999999999999915,-3.9000000000000057,5.8,-0.29999999999999716
2012-13,2013,2013-05-07,Indiana Pacers,79,New York Knicks,105,1,0.6585365853658537,3.73,111.1,106.3,4.8,89.8,0.6049382716049383,3.34,104.3,99.8,4.5,90.2,0.053598313760915395,0.3900000000000001,6.799999999999997,6.5,0.2999999999999998,-0.4000000000000057
2012-13,2013,2013-05-07,Memphis Grizzlies,99,Oklahoma City Thunder,93,0,0.7317073170731707,9.15,112.4,102.6,9.8,93.3,0.6829268292682927,4.32,104.9,100.3,4.6,88.4,0.04878048780487798,4.83,7.5,2.299999999999997,5.200000000000001,4.8999999999999915
2012-13,2013,2013-05-08,Chicago Bulls,78,Miami Heat,115,1,0.8048780487804879,7.03,112.3,103.7,8.6,90.7,0.5487804878048781,-0.02,103.5,103.2,0.3,89.3,0.25609756097560976,7.05,8.799999999999997,0.5,8.299999999999999,1.4000000000000057
2012-13,2013,2013-05-08,Golden State Warriors,100,San Antonio Spurs,91,0,0.7073170731707317,6.67,108.3,101.6,6.7,94.2,0.573170731707317,1.32,106.4,105.5,0.9,94.5,0.13414634146341464,5.35,1.8999999999999915,-3.9000000000000057,5.8,-0.29999999999999716
2012-13,2013,2013-05-10,Miami Heat,104,Chicago Bulls,94,0,0.5487804878048781,-0.02,103.5,103.2,0.3,89.3,0.8048780487804879,7.03,112.3,103.7,8.6,90.7,-0.25609756097560976,-7.05,-8.799999999999997,-0.5,-8.299999999999999,-1.4000000000000057
2012-13,2013,2013-05-10,San Antonio Spurs,102,Golden State Warriors,92,0,0.573170731707317,1.32,106.4,105.5,0.9,94.5,0.7073170731707317,6.67,108.3,101.6,6.7,94.2,-0.13414634146341464,-5.35,-1.8999999999999915,3.9000000000000057,-5.8,0.29999999999999716
2012-13,2013,2013-05-11,Oklahoma City Thunder,81,Memphis Grizzlies,87,1,0.6829268292682927,4.32,104.9,100.3,4.6,88.4,0.7317073170731707,9.15,112.4,102.6,9.8,93.3,-0.04878048780487798,-4.83,-7.5,-2.299999999999997,-5.200000000000001,-4.8999999999999915
2012-13,2013,2013-05-11,New York Knicks,71,Indiana Pacers,82,1,0.6049382716049383,3.34,104.3,99.8,4.5,90.2,0.6585365853658537,3.73,111.1,106.3,4.8,89.8,-0.053598313760915395,-0.3900000000000001,-6.799999999999997,-6.5,-0.2999999999999998,0.4000000000000057
2012-13,2013,2013-05-12,San Antonio Spurs,87,Golden State Warriors,97,1,0.573170731707317,1.32,106.4,105.5,0.9,94.5,0.7073170731707317,6.67,108.3,101.6,6.7,94.2,-0.13414634146341464,-5.35,-1.8999999999999915,3.9000000000000057,-5.8,0.29999999999999716
2012-13,2013,2013-05-13,Miami Heat,88,Chicago Bulls,65,0,0.5487804878048781,-0.02,103.5,103.2,0.3,89.3,0.8048780487804879,7.03,112.3,103.7,8.6,90.7,-0.25609756097560976,-7.05,-8.799999999999997,-0.5,-8.299999999999999,-1.4000000000000057
2012-13,2013,2013-05-13,Oklahoma City Thunder,97,Memphis Grizzlies,103,1,0.6829268292682927,4.32,104.9,100.3,4.6,88.4,0.7317073170731707,9.15,112.4,102.6,9.8,93.3,-0.04878048780487798,-4.83,-7.5,-2.299999999999997,-5.200000000000001,-4.8999999999999915
2012-13,2013,2013-05-14,New York Knicks,82,Indiana Pacers,93,1,0.6049382716049383,3.34,104.3,99.8,4.5,90.2,0.6585365853658537,3.73,111.1,106.3,4.8,89.8,-0.053598313760915395,-0.3900000000000001,-6.799999999999997,-6.5,-0.2999999999999998,0.4000000000000057
2012-13,2013,2013-05-14,Golden State Warriors,91,San Antonio Spurs,109,1,0.7073170731707317,6.67,108.3,101.6,6.7,94.2,0.573170731707317,1.32,106.4,105.5,0.9,94.5,0.13414634146341464,5.35,1.8999999999999915,-3.9000000000000057,5.8,-0.29999999999999716
2012-13,2013,2013-05-15,Chicago Bulls,91,Miami Heat,94,1,0.8048780487804879,7.03,112.3,103.7,8.6,90.7,0.5487804878048781,-0.02,103.5,103.2,0.3,89.3,0.25609756097560976,7.05,8.799999999999997,0.5,8.299999999999999,1.4000000000000057
2012-13,2013,2013-05-15,Memphis Grizzlies,88,Oklahoma City Thunder,84,0,0.7317073170731707,9.15,112.4,102.6,9.8,93.3,0.6829268292682927,4.32,104.9,100.3,4.6,88.4,0.04878048780487798,4.83,7.5,2.299999999999997,5.200000000000001,4.8999999999999915
2012-13,2013,2013-05-16,Indiana Pacers,75,New York Knicks,85,1,0.6585365853658537,3.73,111.1,106.3,4.8,89.8,0.6049382716049383,3.34,104.3,99.8,4.5,90.2,0.053598313760915395,0.3900000000000001,6.799999999999997,6.5,0.2999999999999998,-0.4000000000000057
2012-13,2013,2013-05-16,San Antonio Spurs,94,Golden State Warriors,82,0,0.573170731707317,1.32,106.4,105.5,0.9,94.5,0.7073170731707317,6.67,108.3,101.6,6.7,94.2,-0.13414634146341464,-5.35,-1.8999999999999915,3.9000000000000057,-5.8,0.29999999999999716
2012-13,2013,2013-05-18,New York Knicks,99,Indiana Pacers,106,1,0.6049382716049383,3.34,104.3,99.8,4.5,90.2,0.6585365853658537,3.73,111.1,106.3,4.8,89.8,-0.053598313760915395,-0.3900000000000001,-6.799999999999997,-6.5,-0.2999999999999998,0.4000000000000057
2012-13,2013,2013-05-19,Memphis Grizzlies,83,San Antonio Spurs,105,1,0.7073170731707317,6.67,108.3,101.6,6.7,94.2,0.6829268292682927,4.32,104.9,100.3,4.6,88.4,0.024390243902438935,2.3499999999999996,3.3999999999999915,1.2999999999999972,2.1000000000000005,5.799999999999997
2012-13,2013,2013-05-21,Memphis Grizzlies,89,San Antonio Spurs,93,1,0.7073170731707317,6.67,108.3,101.6,6.7,94.2,0.6829268292682927,4.32,104.9,100.3,4.6,88.4,0.024390243902438935,2.3499999999999996,3.3999999999999915,1.2999999999999972,2.1000000000000005,5.799999999999997
2012-13,2013,2013-05-22,Indiana Pacers,102,Miami Heat,103,1,0.8048780487804879,7.03,112.3,103.7,8.6,90.7,0.6049382716049383,3.34,104.3,99.8,4.5,90.2,0.19993977717554956,3.6900000000000004,8.0,3.9000000000000057,4.1,0.5
2012-13,2013,2013-05-24,Indiana Pacers,97,Miami Heat,93,0,0.8048780487804879,7.03,112.3,103.7,8.6,90.7,0.6049382716049383,3.34,104.3,99.8,4.5,90.2,0.19993977717554956,3.6900000000000004,8.0,3.9000000000000057,4.1,0.5
2012-13,2013,2013-05-25,San Antonio Spurs,104,Memphis Grizzlies,93,0,0.6829268292682927,4.32,104.9,100.3,4.6,88.4,0.7073170731707317,6.67,108.3,101.6,6.7,94.2,-0.024390243902438935,-2.3499999999999996,-3.3999999999999915,-1.2999999999999972,-2.1000000000000005,-5.799999999999997
2012-13,2013,2013-05-26,Miami Heat,114,Indiana Pacers,96,0,0.6049382716049383,3.34,104.3,99.8,4.5,90.2,0.8048780487804879,7.03,112.3,103.7,8.6,90.7,-0.19993977717554956,-3.6900000000000004,-8.0,-3.9000000000000057,-4.1,-0.5
2012-13,2013,2013-05-27,San Antonio Spurs,93,Memphis Grizzlies,86,0,0.6829268292682927,4.32,104.9,100.3,4.6,88.4,0.7073170731707317,6.67,108.3,101.6,6.7,94.2,-0.024390243902438935,-2.3499999999999996,-3.3999999999999915,-1.2999999999999972,-2.1000000000000005,-5.799999999999997
2012-13,2013,2013-05-28,Miami Heat,92,Indiana Pacers,99,1,0.6049382716049383,3.34,104.3,99.8,4.5,90.2,0.8048780487804879,7.03,112.3,103.7,8.6,90.7,-0.19993977717554956,-3.6900000000000004,-8.0,-3.9000000000000057,-4.1,-0.5
2012-13,2013,2013-05-30,Indiana Pacers,79,Miami Heat,90,1,0.8048780487804879,7.03,112.3,103.7,8.6,90.7,0.6049382716049383,3.34,104.3,99.8,4.5,90.2,0.19993977717554956,3.6900000000000004,8.0,3.9000000000000057,4.1,0.5
2012-13,2013,2013-06-01,Miami Heat,77,Indiana Pacers,91,1,0.6049382716049383,3.34,104.3,99.8,4.5,90.2,0.8048780487804879,7.03,112.3,103.7,8.6,90.7,-0.19993977717554956,-3.6900000000000004,-8.0,-3.9000000000000057,-4.1,-0.5
2012-13,2013,2013-06-03,Indiana Pacers,76,Miami Heat,99,1,0.8048780487804879,7.03,112.3,103.7,8.6,90.7,0.6049382716049383,3.34,104.3,99.8,4.5,90.2,0.19993977717554956,3.6900000000000004,8.0,3.9000000000000057,4.1,0.5
2012-13,2013,2013-06-06,San Antonio Spurs,92,Miami Heat,88,0,0.8048780487804879,7.03,112.3,103.7,8.6,90.7,0.7073170731707317,6.67,108.3,101.6,6.7,94.2,0.09756097560975618,0.3600000000000003,4.0,2.1000000000000085,1.8999999999999995,-3.5
2012-13,2013,2013-06-09,San Antonio Spurs,84,Miami Heat,103,1,0.8048780487804879,7.03,112.3,103.7,8.6,90.7,0.7073170731707317,6.67,108.3,101.6,6.7,94.2,0.09756097560975618,0.3600000000000003,4.0,2.1000000000000085,1.8999999999999995,-3.5
2012-13,2013,2013-06-11,Miami Heat,77,San Antonio Spurs,113,1,0.7073170731707317,6.67,108.3,101.6,6.7,94.2,0.8048780487804879,7.03,112.3,103.7,8.6,90.7,-0.09756097560975618,-0.3600000000000003,-4.0,-2.1000000000000085,-1.8999999999999995,3.5
2012-13,2013,2013-06-13,Miami Heat,109,San Antonio Spurs,93,0,0.7073170731707317,6.67,108.3,101.6,6.7,94.2,0.8048780487804879,7.03,112.3,103.7,8.6,90.7,-0.09756097560975618,-0.3600000000000003,-4.0,-2.1000000000000085,-1.8999999999999995,3.5
2012-13,2013,2013-06-16,Miami Heat,104,San Antonio Spurs,114,1,0.7073170731707317,6.67,108.3,101.6,6.7,94.2,0.8048780487804879,7.03,112.3,103.7,8.6,90.7,-0.09756097560975618,-0.3600000000000003,-4.0,-2.1000000000000085,-1.8999999999999995,3.5
2012-13,2013,2013-06-18,San Antonio Spurs,100,Miami Heat,103,1,0.8048780487804879,7.03,112.3,103.7,8.6,90.7,0.7073170731707317,6.67,108.3,101.6,6.7,94.2,0.09756097560975618,0.3600000000000003,4.0,2.1000000000000085,1.8999999999999995,-3.5
2012-13,2013,2013-06-20,San Antonio Spurs,88,Miami Heat,95,1,0.8048780487804879,7.03,112.3,103.7,8.6,90.7,0.7073170731707317,6.67,108.3,101.6,6.7,94.2,0.09756097560975618,0.3600000000000003,4.0,2.1000000000000085,1.8999999999999995,-3.5
2013-14,2014,2014-04-19,Brooklyn Nets,94,Toronto Raptors,87,0,0.5853658536585366,2.55,108.8,105.3,3.5,91.8,0.5365853658536586,-1.58,106.7,107.7,-1.0,91.4,0.04878048780487798,4.13,2.0999999999999943,-2.4000000000000057,4.5,0.3999999999999915
2013-14,2014,2014-04-19,Golden State Warriors,109,Los Angeles Clippers,105,0,0.6951219512195121,7.27,112.1,104.8,7.3,95.9,0.6219512195121951,5.15,107.5,102.6,4.9,96.2,0.07317073170731703,2.119999999999999,4.599999999999994,2.200000000000003,2.3999999999999995,-0.29999999999999716
2013-14,2014,2014-04-19,Atlanta Hawks,101,Indiana Pacers,93,0,0.6829268292682927,3.63,104.1,99.3,4.8,92.5,0.4634146341463415,-0.88,105.9,106.4,-0.5,94.6,0.21951219512195125,4.51,-1.8000000000000114,-7.1000000000000085,5.3,-2.0999999999999943
2013-14,2014,2014-04-19,Memphis Grizzlies,86,Oklahoma City Thunder,100,1,0.7195121951219512,6.66,110.5,103.9,6.6,95.4,0.6097560975609756,2.18,106.3,104.6,1.7,89.9,0.1097560975609756,4.48,4.200000000000003,-0.6999999999999886,4.8999999999999995,5.5
2013-14,2014,2014-04-20,Dallas Mavericks,85,San Antonio Spurs,90,1,0.7560975609756098,8.0,110.5,102.4,8.1,95.0,0.5975609756097561,2.91,111.2,108.7,2.5,93.5,0.1585365853658537,5.09,-0.7000000000000028,-6.299999999999997,5.6,1.5
2013-14,2014,2014-04-20,Charlotte Bobcats,88,Miami Heat,99,1,0.6585365853658537,4.15,110.9,105.8,5.1,91.2,0.524390243902439,-0.89,103.6,103.8,-0.2,92.4,0.13414634146341464,5.04,7.300000000000011,2.0,5.3,-1.2000000000000028
2013-14,2014,2014-04-20,Washington Wizards,102,Chicago Bulls,93,0,0.5853658536585366,1.2,102.5,100.5,2.0,90.2,0.5365853658536586,0.48,106.0,104.6,1.4,93.2,0.04878048780487798,0.72,-3.5,-4.099999999999994,0.6000000000000001,-3.0
2013-14,2014,2014-04-20,Portland Trail Blazers,122,Houston Rockets,120,0,0.6585365853658537,5.06,111.0,106.3,4.7,96.3,0.6585365853658537,4.44,111.5,107.4,4.1,94.9,0.0,0.6199999999999992,-0.5,-1.1000000000000085,0.6000000000000005,1.3999999999999915
2013-14,2014,2014-04-21,Memphis Grizzlies,111,Oklahoma City Thunder,105,0,0.7195121951219512,6.66,110.5,103.9,6.6,95.4,0.6097560975609756,2.18,106.3,104.6,1.7,89.9,0.1097560975609756,4.48,4.200000000000003,-0.6999999999999886,4.8999999999999995,5.5
2013-14,2014,2014-04-21,Golden State Warriors,98,Los Angeles Clippers,138,1,0.6951219512195121,7.27,112.1,104.8,7.3,95.9,0.6219512195121951,5.15,107.5,102.6,4.9,96.2,0.07317073170731703,2.119999999999999,4.599999999999994,2.200000000000003,2.3999999999999995,-0.29999999999999716
2013-14,2014,2014-04-22,Atlanta Hawks,85,Indiana Pacers,101,1,0.6829268292682927,3.63,104.1,99.3,4.8,92.5,0.4634146341463415,-0.88,105.9,106.4,-0.5,94.6,0.21951219512195125,4.51,-1.8000000000000114,-7.1000000000000085,5.3,-2.0999999999999943
2013-14,2014,2014-04-22,Brooklyn Nets,95,Toronto Raptors,100,1,0.5853658536585366,2.55,108.8,105.3,3.5,91.8,0.5365853658536586,-1.58,106.7,107.7,-1.0,91.4,0.04878048780487798,4.13,2.0999999999999943,-2.4000000000000057,4.5,0.3999999999999915
2013-14,2014,2014-04-22,Washington Wizards,101,Chicago Bulls,99,0,0.5853658536585366,1.2,102.5,100.5,2.0,90.2,0.5365853658536586,0.48,106.0,104.6,1.4,93.2,0.04878048780487798,0.72,-3.5,-4.099999999999994,0.6000000000000001,-3.0
2013-14,2014,2014-04-23,Charlotte Bobcats,97,Miami Heat,101,1,0.6585365853658537,4.15,110.9,105.8,5.1,91.2,0.524390243902439,-0.89,103.6,103.8,-0.2,92.4,0.13414634146341464,5.04,7.300000000000011,2.0,5.3,-1.2000000000000028
2013-14,2014,2014-04-23,Dallas Mavericks,113,San Antonio Spurs,92,0,0.7560975609756098,8.0,110.5,102.4,8.1,95.0,0.5975609756097561,2.91,111.2,108.7,2.5,93.5,0.1585365853658537,5.09,-0.7000000000000028,-6.299999999999997,5.6,1.5
2013-14,2014,2014-04-23,Portland Trail Blazers,112,Houston Rockets,105,0,0.6585365853658537,5.06,111.0,106.3,4.7,96.3,0.6585365853658537,4.44,111.5,107.4,4.1,94.9,0.0,0.6199999999999992,-0.5,-1.1000000000000085,0.6000000000000005,1.3999999999999915
2013-14,2014,2014-04-24,Indiana Pacers,85,Atlanta Hawks,98,1,0.4634146341463415,-0.88,105.9,106.4,-0.5,94.6,0.6829268292682927,3.63,104.1,99.3,4.8,92.5,-0.21951219512195125,-4.51,1.8000000000000114,7.1000000000000085,-5.3,2.0999999999999943
2013-14,2014,2014-04-24,Oklahoma City Thunder,95,Memphis Grizzlies,98,1,0.6097560975609756,2.18,106.3,104.6,1.7,89.9,0.7195121951219512,6.66,110.5,103.9,6.6,95.4,-0.1097560975609756,-4.48,-4.200000000000003,0.6999999999999886,-4.8999999999999995,-5.5
2013-14,2014,2014-04-24,Los Angeles Clippers,98,Golden State Warriors,96,0,0.6219512195121951,5.15,107.5,102.6,4.9,96.2,0.6951219512195121,7.27,112.1,104.8,7.3,95.9,-0.07317073170731703,-2.119999999999999,-4.599999999999994,-2.200000000000003,-2.3999999999999995,0.29999999999999716
2013-14,2014,2014-04-25,Toronto Raptors,98,Brooklyn Nets,102,1,0.5365853658536586,-1.58,106.7,107.7,-1.0,91.4,0.5853658536585366,2.55,108.8,105.3,3.5,91.8,-0.04878048780487798,-4.13,-2.0999999999999943,2.4000000000000057,-4.5,-0.3999999999999915
2013-14,2014,2014-04-25,Chicago Bulls,100,Washington Wizards,97,0,0.5365853658536586,0.48,106.0,104.6,1.4,93.2,0.5853658536585366,1.2,102.5,100.5,2.0,90.2,-0.04878048780487798,-0.72,3.5,4.099999999999994,-0.6000000000000001,3.0
2013-14,2014,2014-04-25,Houston Rockets,121,Portland Trail Blazers,116,0,0.6585365853658537,4.44,111.5,107.4,4.1,94.9,0.6585365853658537,5.06,111.0,106.3,4.7,96.3,0.0,-0.6199999999999992,0.5,1.1000000000000085,-0.6000000000000005,-1.3999999999999915
2013-14,2014,2014-04-26,Indiana Pacers,91,Atlanta Hawks,88,0,0.4634146341463415,-0.88,105.9,106.4,-0.5,94.6,0.6829268292682927,3.63,104.1,99.3,4.8,92.5,-0.21951219512195125,-4.51,1.8000000000000114,7.1000000000000085,-5.3,2.0999999999999943
2013-14,2014,2014-04-26,San Antonio Spurs,108,Dallas Mavericks,109,1,0.5975609756097561,2.91,111.2,108.7,2.5,93.5,0.7560975609756098,8.0,110.5,102.4,8.1,95.0,-0.1585365853658537,-5.09,0.7000000000000028,6.299999999999997,-5.6,-1.5
2013-14,2014,2014-04-26,Miami Heat,98,Charlotte Bobcats,85,0,0.524390243902439,-0.89,103.6,103.8,-0.2,92.4,0.6585365853658537,4.15,110.9,105.8,5.1,91.2,-0.13414634146341464,-5.04,-7.300000000000011,-2.0,-5.3,1.2000000000000028
2013-14,2014,2014-04-26,Oklahoma City Thunder,92,Memphis Grizzlies,89,0,0.6097560975609756,2.18,106.3,104.6,1.7,89.9,0.7195121951219512,6.66,110.5,103.9,6.6,95.4,-0.1097560975609756,-4.48,-4.200000000000003,0.6999999999999886,-4.8999999999999995,-5.5
2013-14,2014,2014-04-27,Chicago Bulls,89,Washington Wizards,98,1,0.5365853658536586,0.48,106.0,104.6,1.4,93.2,0.5853658536585366,1.2,102.5,100.5,2.0,90.2,-0.04878048780487798,-0.72,3.5,4.099999999999994,-0.6000000000000001,3.0
2013-14,2014,2014-04-27,Los Angeles Clippers,97,Golden State Warriors,118,1,0.6219512195121951,5.15,107.5,102.6,4.9,96.2,0.6951219512195121,7.27,112.1,104.8,7.3,95.9,-0.07317073170731703,-2.119999999999999,-4.599999999999994,-2.200000000000003,-2.3999999999999995,0.29999999999999716
2013-14,2014,2014-04-27,Toronto Raptors,87,Brooklyn Nets,79,0,0.5365853658536586,-1.58,106.7,107.7,-1.0,91.4,0.5853658536585366,2.55,108.8,105.3,3.5,91.8,-0.04878048780487798,-4.13,-2.0999999999999943,2.4000000000000057,-4.5,-0.3999999999999915
2013-14,2014,2014-04-27,Houston Rockets,120,Portland Trail Blazers,123,1,0.6585365853658537,4.44,111.5,107.4,4.1,94.9,0.6585365853658537,5.06,111.0,106.3,4.7,96.3,0.0,-0.6199999999999992,0.5,1.1000000000000085,-0.6000000000000005,-1.3999999999999915
2013-14,2014,2014-04-28,Miami Heat,109,Charlotte Bobcats,98,0,0.524390243902439,-0.89,103.6,103.8,-0.2,92.4,0.6585365853658537,4.15,110.9,105.8,5.1,91.2,-0.13414634146341464,-5.04,-7.300000000000011,-2.0,-5.3,1.2000000000000028
2013-14,2014,2014-04-28,Atlanta Hawks,107,Indiana Pacers,97,0,0.6829268292682927,3.63,104.1,99.3,4.8,92.5,0.4634146341463415,-0.88,105.9,106.4,-0.5,94.6,0.21951219512195125,4.51,-1.8000000000000114,-7.1000000000000085,5.3,-2.0999999999999943
2013-14,2014,2014-04-28,San Antonio Spurs,93,Dallas Mavericks,89,0,0.5975609756097561,2.91,111.2,108.7,2.5,93.5,0.7560975609756098,8.0,110.5,102.4,8.1,95.0,-0.1585365853658537,-5.09,0.7000000000000028,6.299999999999997,-5.6,-1.5
2013-14,2014,2014-04-29,Washington Wizards,75,Chicago Bulls,69,0,0.5853658536585366,1.2,102.5,100.5,2.0,90.2,0.5365853658536586,0.48,106.0,104.6,1.4,93.2,0.04878048780487798,0.72,-3.5,-4.099999999999994,0.6000000000000001,-3.0
2013-14,2014,2014-04-29,Memphis Grizzlies,100,Oklahoma City Thunder,99,0,0.7195121951219512,6.66,110.5,103.9,6.6,95.4,0.6097560975609756,2.18,106.3,104.6,1.7,89.9,0.1097560975609756,4.48,4.200000000000003,-0.6999999999999886,4.8999999999999995,5.5
2013-14,2014,2014-04-29,Golden State Warriors,103,Los Angeles Clippers,113,1,0.6951219512195121,7.27,112.1,104.8,7.3,95.9,0.6219512195121951,5.15,107.5,102.6,4.9,96.2,0.07317073170731703,2.119999999999999,4.599999999999994,2.200000000000003,2.3999999999999995,-0.29999999999999716
2013-14,2014,2014-04-30,Dallas Mavericks,103,San Antonio Spurs,109,1,0.7560975609756098,8.0,110.5,102.4,8.1,95.0,0.5975609756097561,2.91,111.2,108.7,2.5,93.5,0.1585365853658537,5.09,-0.7000000000000028,-6.299999999999997,5.6,1.5
2013-14,2014,2014-04-30,Brooklyn Nets,113,Toronto Raptors,115,1,0.5853658536585366,2.55,108.8,105.3,3.5,91.8,0.5365853658536586,-1.58,106.7,107.7,-1.0,91.4,0.04878048780487798,4.13,2.0999999999999943,-2.4000000000000057,4.5,0.3999999999999915
2013-14,2014,2014-04-30,Portland Trail Blazers,98,Houston Rockets,108,1,0.6585365853658537,5.06,111.0,106.3,4.7,96.3,0.6585365853658537,4.44,111.5,107.4,4.1,94.9,0.0,0.6199999999999992,-0.5,-1.1000000000000085,0.6000000000000005,1.3999999999999915
2013-14,2014,2014-05-01,Indiana Pacers,95,Atlanta Hawks,88,0,0.4634146341463415,-0.88,105.9,106.4,-0.5,94.6,0.6829268292682927,3.63,104.1,99.3,4.8,92.5,-0.21951219512195125,-4.51,1.8000000000000114,7.1000000000000085,-5.3,2.0999999999999943
2013-14,2014,2014-05-01,Oklahoma City Thunder,104,Memphis Grizzlies,84,0,0.6097560975609756,2.18,106.3,104.6,1.7,89.9,0.7195121951219512,6.66,110.5,103.9,6.6,95.4,-0.1097560975609756,-4.48,-4.200000000000003,0.6999999999999886,-4.8999999999999995,-5.5
2013-14,2014,2014-05-01,Los Angeles Clippers,99,Golden State Warriors,100,1,0.6219512195121951,5.15,107.5,102.6,4.9,96.2,0.6951219512195121,7.27,112.1,104.8,7.3,95.9,-0.07317073170731703,-2.119999999999999,-4.599999999999994,-2.200000000000003,-2.3999999999999995,0.29999999999999716
2013-14,2014,2014-05-02,Toronto Raptors,83,Brooklyn Nets,97,1,0.5365853658536586,-1.58,106.7,107.7,-1.0,91.4,0.5853658536585366,2.55,108.8,105.3,3.5,91.8,-0.04878048780487798,-4.13,-2.0999999999999943,2.4000000000000057,-4.5,-0.3999999999999915
2013-14,2014,2014-05-02,San Antonio Spurs,111,Dallas Mavericks,113,1,0.5975609756097561,2.91,111.2,108.7,2.5,93.5,0.7560975609756098,8.0,110.5,102.4,8.1,95.0,-0.1585365853658537,-5.09,0.7000000000000028,6.299999999999997,-5.6,-1.5
2013-14,2014,2014-05-02,Houston Rockets,98,Portland Trail Blazers,99,1,0.6585365853658537,4.44,111.5,107.4,4.1,94.9,0.6585365853658537,5.06,111.0,106.3,4.7,96.3,0.0,-0.6199999999999992,0.5,1.1000000000000085,-0.6000000000000005,-1.3999999999999915
2013-14,2014,2014-05-03,Atlanta Hawks,80,Indiana Pacers,92,1,0.6829268292682927,3.63,104.1,99.3,4.8,92.5,0.4634146341463415,-0.88,105.9,106.4,-0.5,94.6,0.21951219512195125,4.51,-1.8000000000000114,-7.1000000000000085,5.3,-2.0999999999999943
2013-14,2014,2014-05-03,Memphis Grizzlies,109,Oklahoma City Thunder,120,1,0.7195121951219512,6.66,110.5,103.9,6.6,95.4,0.6097560975609756,2.18,106.3,104.6,1.7,89.9,0.1097560975609756,4.48,4.200000000000003,-0.6999999999999886,4.8999999999999995,5.5
2013-14,2014,2014-05-03,Golden State Warriors,121,Los Angeles Clippers,126,1,0.6951219512195121,7.27,112.1,104.8,7.3,95.9,0.6219512195121951,5.15,107.5,102.6,4.9,96.2,0.07317073170731703,2.119999999999999,4.599999999999994,2.200000000000003,2.3999999999999995,-0.29999999999999716
2013-14,2014,2014-05-04,Brooklyn Nets,104,Toronto Raptors,103,0,0.5853658536585366,2.55,108.8,105.3,3.5,91.8,0.5365853658536586,-1.58,106.7,107.7,-1.0,91.4,0.04878048780487798,4.13,2.0999999999999943,-2.4000000000000057,4.5,0.3999999999999915
2013-14,2014,2014-05-04,Dallas Mavericks,96,San Antonio Spurs,119,1,0.7560975609756098,8.0,110.5,102.4,8.1,95.0,0.5975609756097561,2.91,111.2,108.7,2.5,93.5,0.1585365853658537,5.09,-0.7000000000000028,-6.299999999999997,5.6,1.5
2013-14,2014,2014-05-05,Washington Wizards,102,Indiana Pacers,96,0,0.6829268292682927,3.63,104.1,99.3,4.8,92.5,0.5365853658536586,0.48,106.0,104.6,1.4,93.2,0.14634146341463417,3.15,-1.9000000000000057,-5.299999999999997,3.4,-0.7000000000000028
2013-14,2014,2014-05-05,Los Angeles Clippers,122,Oklahoma City Thunder,105,0,0.7195121951219512,6.66,110.5,103.9,6.6,95.4,0.6951219512195121,7.27,112.1,104.8,7.3,95.9,0.024390243902439046,-0.6099999999999994,-1.5999999999999943,-0.8999999999999915,-0.7000000000000002,-0.5
2013-14,2014,2014-05-06,Brooklyn Nets,86,Miami Heat,107,1,0.6585365853658537,4.15,110.9,105.8,5.1,91.2,0.5365853658536586,-1.58,106.7,107.7,-1.0,91.4,0.12195121951219512,5.73,4.200000000000003,-1.9000000000000057,6.1,-0.20000000000000284
2013-14,2014,2014-05-06,Portland Trail Blazers,92,San Antonio Spurs,116,1,0.7560975609756098,8.0,110.5,102.4,8.1,95.0,0.6585365853658537,4.44,111.5,107.4,4.1,94.9,0.09756097560975607,3.5599999999999996,-1.0,-5.0,4.0,0.09999999999999432
2013-14,2014,2014-05-07,Washington Wizards,82,Indiana Pacers,86,1,0.6829268292682927,3.63,104.1,99.3,4.8,92.5,0.5365853658536586,0.48,106.0,104.6,1.4,93.2,0.14634146341463417,3.15,-1.9000000000000057,-5.299999999999997,3.4,-0.7000000000000028
2013-14,2014,2014-05-07,Los Angeles Clippers,101,Oklahoma City Thunder,112,1,0.7195121951219512,6.66,110.5,103.9,6.6,95.4,0.6951219512195121,7.27,112.1,104.8,7.3,95.9,0.024390243902439046,-0.6099999999999994,-1.5999999999999943,-0.8999999999999915,-0.7000000000000002,-0.5
2013-14,2014,2014-05-08,Brooklyn Nets,82,Miami Heat,94,1,0.6585365853658537,4.15,110.9,105.8,5.1,91.2,0.5365853658536586,-1.58,106.7,107.7,-1.0,91.4,0.12195121951219512,5.73,4.200000000000003,-1.9000000000000057,6.1,-0.20000000000000284
2013-14,2014,2014-05-08,Portland Trail Blazers,97,San Antonio Spurs,114,1,0.7560975609756098,8.0,110.5,102.4,8.1,95.0,0.6585365853658537,4.44,111.5,107.4,4.1,94.9,0.09756097560975607,3.5599999999999996,-1.0,-5.0,4.0,0.09999999999999432
2013-14,2014,2014-05-09,Indiana Pacers,85,Washington Wizards,63,0,0.5365853658536586,0.48,106.0,104.6,1.4,93.2,0.6829268292682927,3.63,104.1,99.3,4.8,92.5,-0.14634146341463417,-3.15,1.9000000000000057,5.299999999999997,-3.4,0.7000000000000028
2013-14,2014,2014-05-09,Oklahoma City Thunder,118,Los Angeles Clippers,112,0,0.6951219512195121,7.27,112.1,104.8,7.3,95.9,0.7195121951219512,6.66,110.5,103.9,6.6,95.4,-0.024390243902439046,0.6099999999999994,1.5999999999999943,0.8999999999999915,0.7000000000000002,0.5
2013-14,2014,2014-05-10,Miami Heat,90,Brooklyn Nets,104,1,0.5365853658536586,-1.58,106.7,107.7,-1.0,91.4,0.6585365853658537,4.15,110.9,105.8,5.1,91.2,-0.12195121951219512,-5.73,-4.200000000000003,1.9000000000000057,-6.1,0.20000000000000284
2013-14,2014,2014-05-10,San Antonio Spurs,118,Portland Trail Blazers,103,0,0.6585365853658537,4.44,111.5,107.4,4.1,94.9,0.7560975609756098,8.0,110.5,102.4,8.1,95.0,-0.09756097560975607,-3.5599999999999996,1.0,5.0,-4.0,-0.09999999999999432
2013-14,2014,2014-05-11,Oklahoma City Thunder,99,Los Angeles Clippers,101,1,0.6951219512195121,7.27,112.1,104.8,7.3,95.9,0.7195121951219512,6.66,110.5,103.9,6.6,95.4,-0.024390243902439046,0.6099999999999994,1.5999999999999943,0.8999999999999915,0.7000000000000002,0.5
2013-14,2014,2014-05-11,Indiana Pacers,95,Washington Wizards,92,0,0.5365853658536586,0.48,106.0,104.6,1.4,93.2,0.6829268292682927,3.63,104.1,99.3,4.8,92.5,-0.14634146341463417,-3.15,1.9000000000000057,5.299999999999997,-3.4,0.7000000000000028
2013-14,2014,2014-05-12,Miami Heat,102,Brooklyn Nets,96,0,0.5365853658536586,-1.58,106.7,107.7,-1.0,91.4,0.6585365853658537,4.15,110.9,105.8,5.1,91.2,-0.12195121951219512,-5.73,-4.200000000000003,1.9000000000000057,-6.1,0.20000000000000284
2013-14,2014,2014-05-12,San Antonio Spurs,92,Portland Trail Blazers,103,1,0.6585365853658537,4.44,111.5,107.4,4.1,94.9,0.7560975609756098,8.0,110.5,102.4,8.1,95.0,-0.09756097560975607,-3.5599999999999996,1.0,5.0,-4.0,-0.09999999999999432
2013-14,2014,2014-05-13,Washington Wizards,102,Indiana Pacers,79,0,0.6829268292682927,3.63,104.1,99.3,4.8,92.5,0.5365853658536586,0.48,106.0,104.6,1.4,93.2,0.14634146341463417,3.15,-1.9000000000000057,-5.299999999999997,3.4,-0.7000000000000028
2013-14,2014,2014-05-13,Los Angeles Clippers,104,Oklahoma City Thunder,105,1,0.7195121951219512,6.66,110.5,103.9,6.6,95.4,0.6951219512195121,7.27,112.1,104.8,7.3,95.9,0.024390243902439046,-0.6099999999999994,-1.5999999999999943,-0.8999999999999915,-0.7000000000000002,-0.5
2013-14,2014,2014-05-14,Brooklyn Nets,94,Miami Heat,96,1,0.6585365853658537,4.15,110.9,105.8,5.1,91.2,0.5365853658536586,-1.58,106.7,107.7,-1.0,91.4,0.12195121951219512,5.73,4.200000000000003,-1.9000000000000057,6.1,-0.20000000000000284
2013-14,2014,2014-05-14,Portland Trail Blazers,82,San Antonio Spurs,104,1,0.7560975609756098,8.0,110.5,102.4,8.1,95.0,0.6585365853658537,4.44,111.5,107.4,4.1,94.9,0.09756097560975607,3.5599999999999996,-1.0,-5.0,4.0,0.09999999999999432
2013-14,2014,2014-05-15,Indiana Pacers,93,Washington Wizards,80,0,0.5365853658536586,0.48,106.0,104.6,1.4,93.2,0.6829268292682927,3.63,104.1,99.3,4.8,92.5,-0.14634146341463417,-3.15,1.9000000000000057,5.299999999999997,-3.4,0.7000000000000028
2013-14,2014,2014-05-15,Oklahoma City Thunder,104,Los Angeles Clippers,98,0,0.6951219512195121,7.27,112.1,104.8,7.3,95.9,0.7195121951219512,6.66,110.5,103.9,6.6,95.4,-0.024390243902439046,0.6099999999999994,1.5999999999999943,0.8999999999999915,0.7000000000000002,0.5
2013-14,2014,2014-05-18,Miami Heat,96,Indiana Pacers,107,1,0.6829268292682927,3.63,104.1,99.3,4.8,92.5,0.6585365853658537,4.15,110.9,105.8,5.1,91.2,0.024390243902439046,-0.5200000000000005,-6.800000000000011,-6.5,-0.2999999999999998,1.2999999999999972
2013-14,2014,2014-05-19,Oklahoma City Thunder,105,San Antonio Spurs,122,1,0.7560975609756098,8.0,110.5,102.4,8.1,95.0,0.7195121951219512,6.66,110.5,103.9,6.6,95.4,0.03658536585365857,1.3399999999999999,0.0,-1.5,1.5,-0.4000000000000057
2013-14,2014,2014-05-20,Miami Heat,87,Indiana Pacers,83,0,0.6829268292682927,3.63,104.1,99.3,4.8,92.5,0.6585365853658537,4.15,110.9,105.8,5.1,91.2,0.024390243902439046,-0.5200000000000005,-6.800000000000011,-6.5,-0.2999999999999998,1.2999999999999972
2013-14,2014,2014-05-21,Oklahoma City Thunder,77,San Antonio Spurs,112,1,0.7560975609756098,8.0,110.5,102.4,8.1,95.0,0.7195121951219512,6.66,110.5,103.9,6.6,95.4,0.03658536585365857,1.3399999999999999,0.0,-1.5,1.5,-0.4000000000000057
2013-14,2014,2014-05-24,Indiana Pacers,87,Miami Heat,99,1,0.6585365853658537,4.15,110.9,105.8,5.1,91.2,0.6829268292682927,3.63,104.1,99.3,4.8,92.5,-0.024390243902439046,0.5200000000000005,6.800000000000011,6.5,0.2999999999999998,-1.2999999999999972
2013-14,2014,2014-05-25,San Antonio Spurs,97,Oklahoma City Thunder,106,1,0.7195121951219512,6.66,110.5,103.9,6.6,95.4,0.7560975609756098,8.0,110.5,102.4,8.1,95.0,-0.03658536585365857,-1.3399999999999999,0.0,1.5,-1.5,0.4000000000000057
2013-14,2014,2014-05-26,Indiana Pacers,90,Miami Heat,102,1,0.6585365853658537,4.15,110.9,105.8,5.1,91.2,0.6829268292682927,3.63,104.1,99.3,4.8,92.5,-0.024390243902439046,0.5200000000000005,6.800000000000011,6.5,0.2999999999999998,-1.2999999999999972
2013-14,2014,2014-05-27,San Antonio Spurs,92,Oklahoma City Thunder,105,1,0.7195121951219512,6.66,110.5,103.9,6.6,95.4,0.7560975609756098,8.0,110.5,102.4,8.1,95.0,-0.03658536585365857,-1.3399999999999999,0.0,1.5,-1.5,0.4000000000000057
2013-14,2014,2014-05-28,Miami Heat,90,Indiana Pacers,93,1,0.6829268292682927,3.63,104.1,99.3,4.8,92.5,0.6585365853658537,4.15,110.9,105.8,5.1,91.2,0.024390243902439046,-0.5200000000000005,-6.800000000000011,-6.5,-0.2999999999999998,1.2999999999999972
2013-14,2014,2014-05-29,Oklahoma City Thunder,89,San Antonio Spurs,117,1,0.7560975609756098,8.0,110.5,102.4,8.1,95.0,0.7195121951219512,6.66,110.5,103.9,6.6,95.4,0.03658536585365857,1.3399999999999999,0.0,-1.5,1.5,-0.4000000000000057
2013-14,2014,2014-05-30,Indiana Pacers,92,Miami Heat,117,1,0.6585365853658537,4.15,110.9,105.8,5.1,91.2,0.6829268292682927,3.63,104.1,99.3,4.8,92.5,-0.024390243902439046,0.5200000000000005,6.800000000000011,6.5,0.2999999999999998,-1.2999999999999972
2013-14,2014,2014-05-31,San Antonio Spurs,112,Oklahoma City Thunder,107,0,0.7195121951219512,6.66,110.5,103.9,6.6,95.4,0.7560975609756098,8.0,110.5,102.4,8.1,95.0,-0.03658536585365857,-1.3399999999999999,0.0,1.5,-1.5,0.4000000000000057
2013-14,2014,2014-06-05,Miami Heat,95,San Antonio Spurs,110,1,0.7560975609756098,8.0,110.5,102.4,8.1,95.0,0.6585365853658537,4.15,110.9,105.8,5.1,91.2,0.09756097560975607,3.8499999999999996,-0.4000000000000057,-3.3999999999999915,3.0,3.799999999999997
2013-14,2014,2014-06-08,Miami Heat,98,San Antonio Spurs,96,0,0.7560975609756098,8.0,110.5,102.4,8.1,95.0,0.6585365853658537,4.15,110.9,105.8,5.1,91.2,0.09756097560975607,3.8499999999999996,-0.4000000000000057,-3.3999999999999915,3.0,3.799999999999997
2013-14,2014,2014-06-10,San Antonio Spurs,111,Miami Heat,92,0,0.6585365853658537,4.15,110.9,105.8,5.1,91.2,0.7560975609756098,8.0,110.5,102.4,8.1,95.0,-0.09756097560975607,-3.8499999999999996,0.4000000000000057,3.3999999999999915,-3.0,-3.799999999999997
2013-14,2014,2014-06-12,San Antonio Spurs,107,Miami Heat,86,0,0.6585365853658537,4.15,110.9,105.8,5.1,91.2,0.7560975609756098,8.0,110.5,102.4,8.1,95.0,-0.09756097560975607,-3.8499999999999996,0.4000000000000057,3.3999999999999915,-3.0,-3.799999999999997
2013-14,2014,2014-06-15,Miami Heat,87,San Antonio Spurs,104,1,0.7560975609756098,8.0,110.5,102.4,8.1,95.0,0.6585365853658537,4.15,110.9,105.8,5.1,91.2,0.09756097560975607,3.8499999999999996,-0.4000000000000057,-3.3999999999999915,3.0,3.799999999999997
2014-15,2015,2015-04-18,Washington Wizards,93,Toronto Raptors,86,0,0.5975609756097561,2.45,111.0,107.7,3.3,92.8,0.5609756097560976,0.17,103.7,103.0,0.7,93.7,0.03658536585365846,2.2800000000000002,7.299999999999997,4.700000000000003,2.5999999999999996,-0.9000000000000057
2014-15,2015,2015-04-18,New Orleans Pelicans,99,Golden State Warriors,106,1,0.8170731707317073,10.01,111.6,101.4,10.2,98.3,0.5487804878048781,1.13,108.2,107.3,0.9,91.4,0.2682926829268292,8.879999999999999,3.3999999999999915,-5.8999999999999915,9.299999999999999,6.8999999999999915
2014-15,2015,2015-04-18,Milwaukee Bucks,91,Chicago Bulls,103,1,0.6097560975609756,2.54,107.5,104.3,3.2,92.8,0.5,-0.09,102.7,102.2,0.5,94.1,0.1097560975609756,2.63,4.799999999999997,2.0999999999999943,2.7,-1.2999999999999972
2014-15,2015,2015-04-18,Dallas Mavericks,108,Houston Rockets,118,1,0.6829268292682927,3.82,107.0,103.4,3.6,96.5,0.6097560975609756,3.36,109.5,106.4,3.1,95.2,0.07317073170731714,0.45999999999999996,-2.5,-3.0,0.5,1.2999999999999972
2014-15,2015,2015-04-19,Boston Celtics,100,Cleveland Cavaliers,113,1,0.6463414634146342,4.08,111.1,106.3,4.8,92.3,0.4878048780487805,-0.4,104.7,104.5,0.2,95.8,0.1585365853658537,4.48,6.3999999999999915,1.7999999999999972,4.6,-3.5
2014-15,2015,2015-04-19,Brooklyn Nets,92,Atlanta Hawks,99,1,0.7317073170731707,4.75,108.9,103.1,5.8,93.9,0.4634146341463415,-3.13,104.4,107.4,-3.0,92.7,0.26829268292682923,7.88,4.5,-4.300000000000011,8.8,1.2000000000000028
2014-15,2015,2015-04-19,Portland Trail Blazers,86,Memphis Grizzlies,100,1,0.6707317073170732,3.62,105.7,102.2,3.5,92.0,0.6219512195121951,4.41,108.2,103.7,4.5,94.2,0.04878048780487809,-0.79,-2.5,-1.5,-1.0,-2.200000000000003
2014-15,2015,2015-04-19,San Antonio Spurs,92,Los Angeles Clippers,107,1,0.6829268292682927,6.8,112.4,105.5,6.9,94.7,0.6707317073170732,6.34,108.5,102.0,6.5,93.8,0.012195121951219523,0.45999999999999996,3.9000000000000057,3.5,0.40000000000000036,0.9000000000000057
2014-15,2015,2015-04-20,Milwaukee Bucks,82,Chicago Bulls,91,1,0.6097560975609756,2.54,107.5,104.3,3.2,92.8,0.5,-0.09,102.7,102.2,0.5,94.1,0.1097560975609756,2.63,4.799999999999997,2.0999999999999943,2.7,-1.2999999999999972
2014-15,2015,2015-04-20,New Orleans Pelicans,87,Golden State Warriors,97,1,0.8170731707317073,10.01,111.6,101.4,10.2,98.3,0.5487804878048781,1.13,108.2,107.3,0.9,91.4,0.2682926829268292,8.879999999999999,3.3999999999999915,-5.8999999999999915,9.299999999999999,6.8999999999999915
2014-15,2015,2015-04-21,Boston Celtics,91,Cleveland Cavaliers,99,1,0.6463414634146342,4.08,111.1,106.3,4.8,92.3,0.4878048780487805,-0.4,104.7,104.5,0.2,95.8,0.1585365853658537,4.48,6.3999999999999915,1.7999999999999972,4.6,-3.5
2014-15,2015,2015-04-21,Washington Wizards,117,Toronto Raptors,106,0,0.5975609756097561,2.45,111.0,107.7,3.3,92.8,0.5609756097560976,0.17,103.7,103.0,0.7,93.7,0.03658536585365846,2.2800000000000002,7.299999999999997,4.700000000000003,2.5999999999999996,-0.9000000000000057
2014-15,2015,2015-04-21,Dallas Mavericks,99,Houston Rockets,111,1,0.6829268292682927,3.82,107.0,103.4,3.6,96.5,0.6097560975609756,3.36,109.5,106.4,3.1,95.2,0.07317073170731714,0.45999999999999996,-2.5,-3.0,0.5,1.2999999999999972
2014-15,2015,2015-04-22,Brooklyn Nets,91,Atlanta Hawks,96,1,0.7317073170731707,4.75,108.9,103.1,5.8,93.9,0.4634146341463415,-3.13,104.4,107.4,-3.0,92.7,0.26829268292682923,7.88,4.5,-4.300000000000011,8.8,1.2000000000000028
2014-15,2015,2015-04-22,Portland Trail Blazers,82,Memphis Grizzlies,97,1,0.6707317073170732,3.62,105.7,102.2,3.5,92.0,0.6219512195121951,4.41,108.2,103.7,4.5,94.2,0.04878048780487809,-0.79,-2.5,-1.5,-1.0,-2.200000000000003
2014-15,2015,2015-04-22,San Antonio Spurs,111,Los Angeles Clippers,107,0,0.6829268292682927,6.8,112.4,105.5,6.9,94.7,0.6707317073170732,6.34,108.5,102.0,6.5,93.8,0.012195121951219523,0.45999999999999996,3.9000000000000057,3.5,0.40000000000000036,0.9000000000000057
2014-15,2015,2015-04-23,Cleveland Cavaliers,103,Boston Celtics,95,0,0.4878048780487805,-0.4,104.7,104.5,0.2,95.8,0.6463414634146342,4.08,111.1,106.3,4.8,92.3,-0.1585365853658537,-4.48,-6.3999999999999915,-1.7999999999999972,-4.6,3.5
2014-15,2015,2015-04-23,Chicago Bulls,113,Milwaukee Bucks,106,0,0.5,-0.09,102.7,102.2,0.5,94.1,0.6097560975609756,2.54,107.5,104.3,3.2,92.8,-0.1097560975609756,-2.63,-4.799999999999997,-2.0999999999999943,-2.7,1.2999999999999972
2014-15,2015,2015-04-23,Golden State Warriors,123,New Orleans Pelicans,119,0,0.5487804878048781,1.13,108.2,107.3,0.9,91.4,0.8170731707317073,10.01,111.6,101.4,10.2,98.3,-0.2682926829268292,-8.879999999999999,-3.3999999999999915,5.8999999999999915,-9.299999999999999,-6.8999999999999915
2014-15,2015,2015-04-24,Houston Rockets,130,Dallas Mavericks,128,0,0.6097560975609756,3.36,109.5,106.4,3.1,95.2,0.6829268292682927,3.82,107.0,103.4,3.6,96.5,-0.07317073170731714,-0.45999999999999996,2.5,3.0,-0.5,-1.2999999999999972
2014-15,2015,2015-04-24,Toronto Raptors,99,Washington Wizards,106,1,0.5609756097560976,0.17,103.7,103.0,0.7,93.7,0.5975609756097561,2.45,111.0,107.7,3.3,92.8,-0.03658536585365846,-2.2800000000000002,-7.299999999999997,-4.700000000000003,-2.5999999999999996,0.9000000000000057
2014-15,2015,2015-04-24,Los Angeles Clippers,73,San Antonio Spurs,100,1,0.6707317073170732,6.34,108.5,102.0,6.5,93.8,0.6829268292682927,6.8,112.4,105.5,6.9,94.7,-0.012195121951219523,-0.45999999999999996,-3.9000000000000057,-3.5,-0.40000000000000036,-0.9000000000000057
2014-15,2015,2015-04-25,Atlanta Hawks,83,Brooklyn Nets,91,1,0.4634146341463415,-3.13,104.4,107.4,-3.0,92.7,0.7317073170731707,4.75,108.9,103.1,5.8,93.9,-0.26829268292682923,-7.88,-4.5,4.300000000000011,-8.8,-1.2000000000000028
2014-15,2015,2015-04-25,Chicago Bulls,90,Milwaukee Bucks,92,1,0.5,-0.09,102.7,102.2,0.5,94.1,0.6097560975609756,2.54,107.5,104.3,3.2,92.8,-0.1097560975609756,-2.63,-4.799999999999997,-2.0999999999999943,-2.7,1.2999999999999972
2014-15,2015,2015-04-25,Golden State Warriors,109,New Orleans Pelicans,98,0,0.5487804878048781,1.13,108.2,107.3,0.9,91.4,0.8170731707317073,10.01,111.6,101.4,10.2,98.3,-0.2682926829268292,-8.879999999999999,-3.3999999999999915,5.8999999999999915,-9.299999999999999,-6.8999999999999915
2014-15,2015,2015-04-25,Memphis Grizzlies,115,Portland Trail Blazers,109,0,0.6219512195121951,4.41,108.2,103.7,4.5,94.2,0.6707317073170732,3.62,105.7,102.2,3.5,92.0,-0.04878048780487809,0.79,2.5,1.5,1.0,2.200000000000003
2014-15,2015,2015-04-26,Cleveland Cavaliers,101,Boston Celtics,93,0,0.4878048780487805,-0.4,104.7,104.5,0.2,95.8,0.6463414634146342,4.08,111.1,106.3,4.8,92.3,-0.1585365853658537,-4.48,-6.3999999999999915,-1.7999999999999972,-4.6,3.5
2014-15,2015,2015-04-26,Los Angeles Clippers,114,San Antonio Spurs,105,0,0.6707317073170732,6.34,108.5,102.0,6.5,93.8,0.6829268292682927,6.8,112.4,105.5,6.9,94.7,-0.012195121951219523,-0.45999999999999996,-3.9000000000000057,-3.5,-0.40000000000000036,-0.9000000000000057
2014-15,2015,2015-04-26,Toronto Raptors,94,Washington Wizards,125,1,0.5609756097560976,0.17,103.7,103.0,0.7,93.7,0.5975609756097561,2.45,111.0,107.7,3.3,92.8,-0.03658536585365846,-2.2800000000000002,-7.299999999999997,-4.700000000000003,-2.5999999999999996,0.9000000000000057
2014-15,2015,2015-04-26,Houston Rockets,109,Dallas Mavericks,121,1,0.6097560975609756,3.36,109.5,106.4,3.1,95.2,0.6829268292682927,3.82,107.0,103.4,3.6,96.5,-0.07317073170731714,-0.45999999999999996,2.5,3.0,-0.5,-1.2999999999999972
2014-15,2015,2015-04-27,Atlanta Hawks,115,Brooklyn Nets,120,1,0.4634146341463415,-3.13,104.4,107.4,-3.0,92.7,0.7317073170731707,4.75,108.9,103.1,5.8,93.9,-0.26829268292682923,-7.88,-4.5,4.300000000000011,-8.8,-1.2000000000000028
2014-15,2015,2015-04-27,Milwaukee Bucks,94,Chicago Bulls,88,0,0.6097560975609756,2.54,107.5,104.3,3.2,92.8,0.5,-0.09,102.7,102.2,0.5,94.1,0.1097560975609756,2.63,4.799999999999997,2.0999999999999943,2.7,-1.2999999999999972
2014-15,2015,2015-04-27,Memphis Grizzlies,92,Portland Trail Blazers,99,1,0.6219512195121951,4.41,108.2,103.7,4.5,94.2,0.6707317073170732,3.62,105.7,102.2,3.5,92.0,-0.04878048780487809,0.79,2.5,1.5,1.0,2.200000000000003
2014-15,2015,2015-04-28,Dallas Mavericks,94,Houston Rockets,103,1,0.6829268292682927,3.82,107.0,103.4,3.6,96.5,0.6097560975609756,3.36,109.5,106.4,3.1,95.2,0.07317073170731714,0.45999999999999996,-2.5,-3.0,0.5,1.2999999999999972
2014-15,2015,2015-04-28,San Antonio Spurs,111,Los Angeles Clippers,107,0,0.6829268292682927,6.8,112.4,105.5,6.9,94.7,0.6707317073170732,6.34,108.5,102.0,6.5,93.8,0.012195121951219523,0.45999999999999996,3.9000000000000057,3.5,0.40000000000000036,0.9000000000000057
2014-15,2015,2015-04-29,Brooklyn Nets,97,Atlanta Hawks,107,1,0.7317073170731707,4.75,108.9,103.1,5.8,93.9,0.4634146341463415,-3.13,104.4,107.4,-3.0,92.7,0.26829268292682923,7.88,4.5,-4.300000000000011,8.8,1.2000000000000028
2014-15,2015,2015-04-29,Portland Trail Blazers,93,Memphis Grizzlies,99,1,0.6707317073170732,3.62,105.7,102.2,3.5,92.0,0.6219512195121951,4.41,108.2,103.7,4.5,94.2,0.04878048780487809,-0.79,-2.5,-1.5,-1.0,-2.200000000000003
2014-15,2015,2015-04-30,Chicago Bulls,120,Milwaukee Bucks,66,0,0.5,-0.09,102.7,102.2,0.5,94.1,0.6097560975609756,2.54,107.5,104.3,3.2,92.8,-0.1097560975609756,-2.63,-4.799999999999997,-2.0999999999999943,-2.7,1.2999999999999972
2014-15,2015,2015-04-30,Los Angeles Clippers,102,San Antonio Spurs,96,0,0.6707317073170732,6.34,108.5,102.0,6.5,93.8,0.6829268292682927,6.8,112.4,105.5,6.9,94.7,-0.012195121951219523,-0.45999999999999996,-3.9000000000000057,-3.5,-0.40000000000000036,-0.9000000000000057
2014-15,2015,2015-05-01,Atlanta Hawks,111,Brooklyn Nets,87,0,0.4634146341463415,-3.13,104.4,107.4,-3.0,92.7,0.7317073170731707,4.75,108.9,103.1,5.8,93.9,-0.26829268292682923,-7.88,-4.5,4.300000000000011,-8.8,-1.2000000000000028
2014-15,2015,2015-05-02,San Antonio Spurs,109,Los Angeles Clippers,111,1,0.6829268292682927,6.8,112.4,105.5,6.9,94.7,0.6707317073170732,6.34,108.5,102.0,6.5,93.8,0.012195121951219523,0.45999999999999996,3.9000000000000057,3.5,0.40000000000000036,0.9000000000000057
2014-15,2015,2015-05-03,Washington Wizards,104,Atlanta Hawks,98,0,0.7317073170731707,4.75,108.9,103.1,5.8,93.9,0.5609756097560976,0.17,103.7,103.0,0.7,93.7,0.1707317073170731,4.58,5.200000000000003,0.09999999999999432,5.1,0.20000000000000284
2014-15,2015,2015-05-03,Memphis Grizzlies,86,Golden State Warriors,101,1,0.8170731707317073,10.01,111.6,101.4,10.2,98.3,0.6707317073170732,3.62,105.7,102.2,3.5,92.0,0.14634146341463405,6.39,5.8999999999999915,-0.7999999999999972,6.699999999999999,6.299999999999997
2014-15,2015,2015-05-04,Chicago Bulls,99,Cleveland Cavaliers,92,0,0.6463414634146342,4.08,111.1,106.3,4.8,92.3,0.6097560975609756,2.54,107.5,104.3,3.2,92.8,0.03658536585365857,1.54,3.5999999999999943,2.0,1.5999999999999996,-0.5
2014-15,2015,2015-05-04,Los Angeles Clippers,117,Houston Rockets,101,0,0.6829268292682927,3.82,107.0,103.4,3.6,96.5,0.6829268292682927,6.8,112.4,105.5,6.9,94.7,0.0,-2.98,-5.400000000000006,-2.0999999999999943,-3.3000000000000003,1.7999999999999972
2014-15,2015,2015-05-05,Washington Wizards,90,Atlanta Hawks,106,1,0.7317073170731707,4.75,108.9,103.1,5.8,93.9,0.5609756097560976,0.17,103.7,103.0,0.7,93.7,0.1707317073170731,4.58,5.200000000000003,0.09999999999999432,5.1,0.20000000000000284
2014-15,2015,2015-05-05,Memphis Grizzlies,97,Golden State Warriors,90,0,0.8170731707317073,10.01,111.6,101.4,10.2,98.3,0.6707317073170732,3.62,105.7,102.2,3.5,92.0,0.14634146341463405,6.39,5.8999999999999915,-0.7999999999999972,6.699999999999999,6.299999999999997
2014-15,2015,2015-05-06,Chicago Bulls,91,Cleveland Cavaliers,106,1,0.6463414634146342,4.08,111.1,106.3,4.8,92.3,0.6097560975609756,2.54,107.5,104.3,3.2,92.8,0.03658536585365857,1.54,3.5999999999999943,2.0,1.5999999999999996,-0.5
2014-15,2015,2015-05-06,Los Angeles Clippers,109,Houston Rockets,115,1,0.6829268292682927,3.82,107.0,103.4,3.6,96.5,0.6829268292682927,6.8,112.4,105.5,6.9,94.7,0.0,-2.98,-5.400000000000006,-2.0999999999999943,-3.3000000000000003,1.7999999999999972
2014-15,2015,2015-05-08,Cleveland Cavaliers,96,Chicago Bulls,99,1,0.6097560975609756,2.54,107.5,104.3,3.2,92.8,0.6463414634146342,4.08,111.1,106.3,4.8,92.3,-0.03658536585365857,-1.54,-3.5999999999999943,-2.0,-1.5999999999999996,0.5
2014-15,2015,2015-05-08,Houston Rockets,99,Los Angeles Clippers,124,1,0.6829268292682927,6.8,112.4,105.5,6.9,94.7,0.6829268292682927,3.82,107.0,103.4,3.6,96.5,0.0,2.98,5.400000000000006,2.0999999999999943,3.3000000000000003,-1.7999999999999972
2014-15,2015,2015-05-09,Atlanta Hawks,101,Washington Wizards,103,1,0.5609756097560976,0.17,103.7,103.0,0.7,93.7,0.7317073170731707,4.75,108.9,103.1,5.8,93.9,-0.1707317073170731,-4.58,-5.200000000000003,-0.09999999999999432,-5.1,-0.20000000000000284
2014-15,2015,2015-05-09,Golden State Warriors,89,Memphis Grizzlies,99,1,0.6707317073170732,3.62,105.7,102.2,3.5,92.0,0.8170731707317073,10.01,111.6,101.4,10.2,98.3,-0.14634146341463405,-6.39,-5.8999999999999915,0.7999999999999972,-6.699999999999999,-6.299999999999997
2014-15,2015,2015-05-10,Cleveland Cavaliers,86,Chicago Bulls,84,0,0.6097560975609756,2.54,107.5,104.3,3.2,92.8,0.6463414634146342,4.08,111.1,106.3,4.8,92.3,-0.03658536585365857,-1.54,-3.5999999999999943,-2.0,-1.5999999999999996,0.5
2014-15,2015,2015-05-10,Houston Rockets,95,Los Angeles Clippers,128,1,0.6829268292682927,6.8,112.4,105.5,6.9,94.7,0.6829268292682927,3.82,107.0,103.4,3.6,96.5,0.0,2.98,5.400000000000006,2.0999999999999943,3.3000000000000003,-1.7999999999999972
2014-15,2015,2015-05-11,Atlanta Hawks,106,Washington Wizards,101,0,0.5609756097560976,0.17,103.7,103.0,0.7,93.7,0.7317073170731707,4.75,108.9,103.1,5.8,93.9,-0.1707317073170731,-4.58,-5.200000000000003,-0.09999999999999432,-5.1,-0.20000000000000284
2014-15,2015,2015-05-11,Golden State Warriors,101,Memphis Grizzlies,84,0,0.6707317073170732,3.62,105.7,102.2,3.5,92.0,0.8170731707317073,10.01,111.6,101.4,10.2,98.3,-0.14634146341463405,-6.39,-5.8999999999999915,0.7999999999999972,-6.699999999999999,-6.299999999999997
2014-15,2015,2015-05-12,Chicago Bulls,101,Cleveland Cavaliers,106,1,0.6463414634146342,4.08,111.1,106.3,4.8,92.3,0.6097560975609756,2.54,107.5,104.3,3.2,92.8,0.03658536585365857,1.54,3.5999999999999943,2.0,1.5999999999999996,-0.5
2014-15,2015,2015-05-12,Los Angeles Clippers,103,Houston Rockets,124,1,0.6829268292682927,3.82,107.0,103.4,3.6,96.5,0.6829268292682927,6.8,112.4,105.5,6.9,94.7,0.0,-2.98,-5.400000000000006,-2.0999999999999943,-3.3000000000000003,1.7999999999999972
2014-15,2015,2015-05-13,Washington Wizards,81,Atlanta Hawks,82,1,0.7317073170731707,4.75,108.9,103.1,5.8,93.9,0.5609756097560976,0.17,103.7,103.0,0.7,93.7,0.1707317073170731,4.58,5.200000000000003,0.09999999999999432,5.1,0.20000000000000284
2014-15,2015,2015-05-13,Memphis Grizzlies,78,Golden State Warriors,98,1,0.8170731707317073,10.01,111.6,101.4,10.2,98.3,0.6707317073170732,3.62,105.7,102.2,3.5,92.0,0.14634146341463405,6.39,5.8999999999999915,-0.7999999999999972,6.699999999999999,6.299999999999997
2014-15,2015,2015-05-14,Cleveland Cavaliers,94,Chicago Bulls,73,0,0.6097560975609756,2.54,107.5,104.3,3.2,92.8,0.6463414634146342,4.08,111.1,106.3,4.8,92.3,-0.03658536585365857,-1.54,-3.5999999999999943,-2.0,-1.5999999999999996,0.5
2014-15,2015,2015-05-14,Houston Rockets,119,Los Angeles Clippers,107,0,0.6829268292682927,6.8,112.4,105.5,6.9,94.7,0.6829268292682927,3.82,107.0,103.4,3.6,96.5,0.0,2.98,5.400000000000006,2.0999999999999943,3.3000000000000003,-1.7999999999999972
2014-15,2015,2015-05-15,Atlanta Hawks,94,Washington Wizards,91,0,0.5609756097560976,0.17,103.7,103.0,0.7,93.7,0.7317073170731707,4.75,108.9,103.1,5.8,93.9,-0.1707317073170731,-4.58,-5.200000000000003,-0.09999999999999432,-5.1,-0.20000000000000284
2014-15,2015,2015-05-15,Golden State Warriors,108,Memphis Grizzlies,95,0,0.6707317073170732,3.62,105.7,102.2,3.5,92.0,0.8170731707317073,10.01,111.6,101.4,10.2,98.3,-0.14634146341463405,-6.39,-5.8999999999999915,0.7999999999999972,-6.699999999999999,-6.299999999999997
2014-15,2015,2015-05-17,Los Angeles Clippers,100,Houston Rockets,113,1,0.6829268292682927,3.82,107.0,103.4,3.6,96.5,0.6829268292682927,6.8,112.4,105.5,6.9,94.7,0.0,-2.98,-5.400000000000006,-2.0999999999999943,-3.3000000000000003,1.7999999999999972
2014-15,2015,2015-05-19,Houston Rockets,106,Golden State Warriors,110,1,0.8170731707317073,10.01,111.6,101.4,10.2,98.3,0.6829268292682927,3.82,107.0,103.4,3.6,96.5,0.13414634146341453,6.1899999999999995,4.599999999999994,-2.0,6.6,1.7999999999999972
2014-15,2015,2015-05-20,Cleveland Cavaliers,97,Atlanta Hawks,89,0,0.7317073170731707,4.75,108.9,103.1,5.8,93.9,0.6463414634146342,4.08,111.1,106.3,4.8,92.3,0.08536585365853655,0.6699999999999999,-2.1999999999999886,-3.200000000000003,1.0,1.6000000000000085
2014-15,2015,2015-05-21,Houston Rockets,98,Golden State Warriors,99,1,0.8170731707317073,10.01,111.6,101.4,10.2,98.3,0.6829268292682927,3.82,107.0,103.4,3.6,96.5,0.13414634146341453,6.1899999999999995,4.599999999999994,-2.0,6.6,1.7999999999999972
2014-15,2015,2015-05-22,Cleveland Cavaliers,94,Atlanta Hawks,82,0,0.7317073170731707,4.75,108.9,103.1,5.8,93.9,0.6463414634146342,4.08,111.1,106.3,4.8,92.3,0.08536585365853655,0.6699999999999999,-2.1999999999999886,-3.200000000000003,1.0,1.6000000000000085
2014-15,2015,2015-05-23,Golden State Warriors,115,Houston Rockets,80,0,0.6829268292682927,3.82,107.0,103.4,3.6,96.5,0.8170731707317073,10.01,111.6,101.4,10.2,98.3,-0.13414634146341453,-6.1899999999999995,-4.599999999999994,2.0,-6.6,-1.7999999999999972
2014-15,2015,2015-05-24,Atlanta Hawks,111,Cleveland Cavaliers,114,1,0.6463414634146342,4.08,111.1,106.3,4.8,92.3,0.7317073170731707,4.75,108.9,103.1,5.8,93.9,-0.08536585365853655,-0.6699999999999999,2.1999999999999886,3.200000000000003,-1.0,-1.6000000000000085
2014-15,2015,2015-05-25,Golden State Warriors,115,Houston Rockets,128,1,0.6829268292682927,3.82,107.0,103.4,3.6,96.5,0.8170731707317073,10.01,111.6,101.4,10.2,98.3,-0.13414634146341453,-6.1899999999999995,-4.599999999999994,2.0,-6.6,-1.7999999999999972
2014-15,2015,2015-05-26,Atlanta Hawks,88,Cleveland Cavaliers,118,1,0.6463414634146342,4.08,111.1,106.3,4.8,92.3,0.7317073170731707,4.75,108.9,103.1,5.8,93.9,-0.08536585365853655,-0.6699999999999999,2.1999999999999886,3.200000000000003,-1.0,-1.6000000000000085
2014-15,2015,2015-05-27,Houston Rockets,90,Golden State Warriors,104,1,0.8170731707317073,10.01,111.6,101.4,10.2,98.3,0.6829268292682927,3.82,107.0,103.4,3.6,96.5,0.13414634146341453,6.1899999999999995,4.599999999999994,-2.0,6.6,1.7999999999999972
2014-15,2015,2015-06-04,Cleveland Cavaliers,100,Golden State Warriors,108,1,0.8170731707317073,10.01,111.6,101.4,10.2,98.3,0.6463414634146342,4.08,111.1,106.3,4.8,92.3,0.1707317073170731,5.93,0.5,-4.8999999999999915,5.3999999999999995,6.0
2014-15,2015,2015-06-07,Cleveland Cavaliers,95,Golden State Warriors,93,0,0.8170731707317073,10.01,111.6,101.4,10.2,98.3,0.6463414634146342,4.08,111.1,106.3,4.8,92.3,0.1707317073170731,5.93,0.5,-4.8999999999999915,5.3999999999999995,6.0
2014-15,2015,2015-06-09,Golden State Warriors,91,Cleveland Cavaliers,96,1,0.6463414634146342,4.08,111.1,106.3,4.8,92.3,0.8170731707317073,10.01,111.6,101.4,10.2,98.3,-0.1707317073170731,-5.93,-0.5,4.8999999999999915,-5.3999999999999995,-6.0
2014-15,2015,2015-06-11,Golden State Warriors,103,Cleveland Cavaliers,82,0,0.6463414634146342,4.08,111.1,106.3,4.8,92.3,0.8170731707317073,10.01,111.6,101.4,10.2,98.3,-0.1707317073170731,-5.93,-0.5,4.8999999999999915,-5.3999999999999995,-6.0
2014-15,2015,2015-06-14,Cleveland Cavaliers,91,Golden State Warriors,104,1,0.8170731707317073,10.01,111.6,101.4,10.2,98.3,0.6463414634146342,4.08,111.1,106.3,4.8,92.3,0.1707317073170731,5.93,0.5,-4.8999999999999915,5.3999999999999995,6.0
2014-15,2015,2015-06-16,Golden State Warriors,105,Cleveland Cavaliers,97,0,0.6463414634146342,4.08,111.1,106.3,4.8,92.3,0.8170731707317073,10.01,111.6,101.4,10.2,98.3,-0.1707317073170731,-5.93,-0.5,4.8999999999999915,-5.3999999999999995,-6.0
2015-16,2016,2016-04-16,Indiana Pacers,100,Toronto Raptors,90,0,0.6829268292682927,4.08,110.0,105.2,4.8,92.9,0.5487804878048781,1.62,104.6,102.9,1.7,96.6,0.13414634146341464,2.46,5.400000000000006,2.299999999999997,3.0999999999999996,-3.6999999999999886
2015-16,2016,2016-04-16,Houston Rockets,78,Golden State Warriors,104,1,0.8902439024390244,10.38,114.5,103.8,10.7,99.3,0.5,0.34,108.3,108.1,0.2,97.6,0.3902439024390244,10.040000000000001,6.200000000000003,-4.299999999999997,10.5,1.7000000000000028
2015-16,2016,2016-04-16,Boston Celtics,101,Atlanta Hawks,102,1,0.5853658536585366,3.49,105.1,101.4,3.7,97.1,0.5853658536585366,2.84,106.8,103.6,3.2,98.5,0.0,0.6500000000000004,-1.7000000000000028,-2.1999999999999886,0.5,-1.4000000000000057
2015-16,2016,2016-04-16,Dallas Mavericks,70,Oklahoma City Thunder,108,1,0.6707317073170732,7.09,113.1,105.6,7.5,96.7,0.5121951219512195,-0.02,106.7,107.0,-0.3,94.3,0.1585365853658537,7.109999999999999,6.3999999999999915,-1.4000000000000057,7.8,2.4000000000000057
2015-16,2016,2016-04-17,Detroit Pistons,101,Cleveland Cavaliers,106,1,0.6951219512195121,5.45,110.9,104.5,6.4,93.3,0.5365853658536586,0.43,106.1,105.5,0.6,95.1,0.15853658536585358,5.0200000000000005,4.800000000000011,-1.0,5.800000000000001,-1.7999999999999972
2015-16,2016,2016-04-17,Charlotte Hornets,91,Miami Heat,123,1,0.5853658536585366,1.5,106.1,104.4,1.7,93.6,0.5853658536585366,2.36,107.2,104.3,2.9,95.6,0.0,-0.8599999999999999,-1.1000000000000085,0.10000000000000853,-1.2,-2.0
2015-16,2016,2016-04-17,Memphis Grizzlies,74,San Antonio Spurs,106,1,0.8170731707317073,10.28,110.3,99.0,11.3,93.8,0.5121951219512195,-2.14,105.4,107.8,-2.4,93.3,0.30487804878048774,12.42,4.8999999999999915,-8.799999999999997,13.700000000000001,0.5
2015-16,2016,2016-04-17,Portland Trail Blazers,95,Los Angeles Clippers,115,1,0.6463414634146342,4.13,108.3,103.8,4.5,95.8,0.5365853658536586,0.98,108.8,108.0,0.8,96.0,0.1097560975609756,3.15,-0.5,-4.200000000000003,3.7,-0.20000000000000284
2015-16,2016,2016-04-18,Indiana Pacers,87,Toronto Raptors,98,1,0.6829268292682927,4.08,110.0,105.2,4.8,92.9,0.5487804878048781,1.62,104.6,102.9,1.7,96.6,0.13414634146341464,2.46,5.400000000000006,2.299999999999997,3.0999999999999996,-3.6999999999999886
2015-16,2016,2016-04-18,Dallas Mavericks,85,Oklahoma City Thunder,84,0,0.6707317073170732,7.09,113.1,105.6,7.5,96.7,0.5121951219512195,-0.02,106.7,107.0,-0.3,94.3,0.1585365853658537,7.109999999999999,6.3999999999999915,-1.4000000000000057,7.8,2.4000000000000057
2015-16,2016,2016-04-18,Houston Rockets,106,Golden State Warriors,115,1,0.8902439024390244,10.38,114.5,103.8,10.7,99.3,0.5,0.34,108.3,108.1,0.2,97.6,0.3902439024390244,10.040000000000001,6.200000000000003,-4.299999999999997,10.5,1.7000000000000028
2015-16,2016,2016-04-19,Boston Celtics,72,Atlanta Hawks,89,1,0.5853658536585366,3.49,105.1,101.4,3.7,97.1,0.5853658536585366,2.84,106.8,103.6,3.2,98.5,0.0,0.6500000000000004,-1.7000000000000028,-2.1999999999999886,0.5,-1.4000000000000057
2015-16,2016,2016-04-19,Memphis Grizzlies,68,San Antonio Spurs,94,1,0.8170731707317073,10.28,110.3,99.0,11.3,93.8,0.5121951219512195,-2.14,105.4,107.8,-2.4,93.3,0.30487804878048774,12.42,4.8999999999999915,-8.799999999999997,13.700000000000001,0.5
2015-16,2016,2016-04-20,Charlotte Hornets,103,Miami Heat,115,1,0.5853658536585366,1.5,106.1,104.4,1.7,93.6,0.5853658536585366,2.36,107.2,104.3,2.9,95.6,0.0,-0.8599999999999999,-1.1000000000000085,0.10000000000000853,-1.2,-2.0
2015-16,2016,2016-04-20,Detroit Pistons,90,Cleveland Cavaliers,107,1,0.6951219512195121,5.45,110.9,104.5,6.4,93.3,0.5365853658536586,0.43,106.1,105.5,0.6,95.1,0.15853658536585358,5.0200000000000005,4.800000000000011,-1.0,5.800000000000001,-1.7999999999999972
2015-16,2016,2016-04-20,Portland Trail Blazers,81,Los Angeles Clippers,102,1,0.6463414634146342,4.13,108.3,103.8,4.5,95.8,0.5365853658536586,0.98,108.8,108.0,0.8,96.0,0.1097560975609756,3.15,-0.5,-4.200000000000003,3.7,-0.20000000000000284
2015-16,2016,2016-04-21,Oklahoma City Thunder,131,Dallas Mavericks,102,0,0.5121951219512195,-0.02,106.7,107.0,-0.3,94.3,0.6707317073170732,7.09,113.1,105.6,7.5,96.7,-0.1585365853658537,-7.109999999999999,-6.3999999999999915,1.4000000000000057,-7.8,-2.4000000000000057
2015-16,2016,2016-04-21,Toronto Raptors,101,Indiana Pacers,85,0,0.5487804878048781,1.62,104.6,102.9,1.7,96.6,0.6829268292682927,4.08,110.0,105.2,4.8,92.9,-0.13414634146341464,-2.46,-5.400000000000006,-2.299999999999997,-3.0999999999999996,3.6999999999999886
2015-16,2016,2016-04-21,Golden State Warriors,96,Houston Rockets,97,1,0.5,0.34,108.3,108.1,0.2,97.6,0.8902439024390244,10.38,114.5,103.8,10.7,99.3,-0.3902439024390244,-10.040000000000001,-6.200000000000003,4.299999999999997,-10.5,-1.7000000000000028
2015-16,2016,2016-04-22,Cleveland Cavaliers,101,Detroit Pistons,91,0,0.5365853658536586,0.43,106.1,105.5,0.6,95.1,0.6951219512195121,5.45,110.9,104.5,6.4,93.3,-0.15853658536585358,-5.0200000000000005,-4.800000000000011,1.0,-5.800000000000001,1.7999999999999972
2015-16,2016,2016-04-22,Atlanta Hawks,103,Boston Celtics,111,1,0.5853658536585366,2.84,106.8,103.6,3.2,98.5,0.5853658536585366,3.49,105.1,101.4,3.7,97.1,0.0,-0.6500000000000004,1.7000000000000028,2.1999999999999886,-0.5,1.4000000000000057
2015-16,2016,2016-04-22,San Antonio Spurs,96,Memphis Grizzlies,87,0,0.5121951219512195,-2.14,105.4,107.8,-2.4,93.3,0.8170731707317073,10.28,110.3,99.0,11.3,93.8,-0.30487804878048774,-12.42,-4.8999999999999915,8.799999999999997,-13.700000000000001,-0.5
2015-16,2016,2016-04-23,Toronto Raptors,83,Indiana Pacers,100,1,0.5487804878048781,1.62,104.6,102.9,1.7,96.6,0.6829268292682927,4.08,110.0,105.2,4.8,92.9,-0.13414634146341464,-2.46,-5.400000000000006,-2.299999999999997,-3.0999999999999996,3.6999999999999886
2015-16,2016,2016-04-23,Miami Heat,80,Charlotte Hornets,96,1,0.5853658536585366,2.36,107.2,104.3,2.9,95.6,0.5853658536585366,1.5,106.1,104.4,1.7,93.6,0.0,0.8599999999999999,1.1000000000000085,-0.10000000000000853,1.2,2.0
2015-16,2016,2016-04-23,Oklahoma City Thunder,119,Dallas Mavericks,108,0,0.5121951219512195,-0.02,106.7,107.0,-0.3,94.3,0.6707317073170732,7.09,113.1,105.6,7.5,96.7,-0.1585365853658537,-7.109999999999999,-6.3999999999999915,1.4000000000000057,-7.8,-2.4000000000000057
2015-16,2016,2016-04-23,Los Angeles Clippers,88,Portland Trail Blazers,96,1,0.5365853658536586,0.98,108.8,108.0,0.8,96.0,0.6463414634146342,4.13,108.3,103.8,4.5,95.8,-0.1097560975609756,-3.15,0.5,4.200000000000003,-3.7,0.20000000000000284
2015-16,2016,2016-04-24,San Antonio Spurs,116,Memphis Grizzlies,95,0,0.5121951219512195,-2.14,105.4,107.8,-2.4,93.3,0.8170731707317073,10.28,110.3,99.0,11.3,93.8,-0.30487804878048774,-12.42,-4.8999999999999915,8.799999999999997,-13.700000000000001,-0.5
2015-16,2016,2016-04-24,Golden State Warriors,121,Houston Rockets,94,0,0.5,0.34,108.3,108.1,0.2,97.6,0.8902439024390244,10.38,114.5,103.8,10.7,99.3,-0.3902439024390244,-10.040000000000001,-6.200000000000003,4.299999999999997,-10.5,-1.7000000000000028
2015-16,2016,2016-04-24,Atlanta Hawks,95,Boston Celtics,104,1,0.5853658536585366,2.84,106.8,103.6,3.2,98.5,0.5853658536585366,3.49,105.1,101.4,3.7,97.1,0.0,-0.6500000000000004,1.7000000000000028,2.1999999999999886,-0.5,1.4000000000000057
2015-16,2016,2016-04-24,Cleveland Cavaliers,100,Detroit Pistons,98,0,0.5365853658536586,0.43,106.1,105.5,0.6,95.1,0.6951219512195121,5.45,110.9,104.5,6.4,93.3,-0.15853658536585358,-5.0200000000000005,-4.800000000000011,1.0,-5.800000000000001,1.7999999999999972
2015-16,2016,2016-04-25,Miami Heat,85,Charlotte Hornets,89,1,0.5853658536585366,2.36,107.2,104.3,2.9,95.6,0.5853658536585366,1.5,106.1,104.4,1.7,93.6,0.0,0.8599999999999999,1.1000000000000085,-0.10000000000000853,1.2,2.0
2015-16,2016,2016-04-25,Dallas Mavericks,104,Oklahoma City Thunder,118,1,0.6707317073170732,7.09,113.1,105.6,7.5,96.7,0.5121951219512195,-0.02,106.7,107.0,-0.3,94.3,0.1585365853658537,7.109999999999999,6.3999999999999915,-1.4000000000000057,7.8,2.4000000000000057
2015-16,2016,2016-04-25,Los Angeles Clippers,84,Portland Trail Blazers,98,1,0.5365853658536586,0.98,108.8,108.0,0.8,96.0,0.6463414634146342,4.13,108.3,103.8,4.5,95.8,-0.1097560975609756,-3.15,0.5,4.200000000000003,-3.7,0.20000000000000284
2015-16,2016,2016-04-26,Indiana Pacers,99,Toronto Raptors,102,1,0.6829268292682927,4.08,110.0,105.2,4.8,92.9,0.5487804878048781,1.62,104.6,102.9,1.7,96.6,0.13414634146341464,2.46,5.400000000000006,2.299999999999997,3.0999999999999996,-3.6999999999999886
2015-16,2016,2016-04-26,Boston Celtics,83,Atlanta Hawks,110,1,0.5853658536585366,3.49,105.1,101.4,3.7,97.1,0.5853658536585366,2.84,106.8,103.6,3.2,98.5,0.0,0.6500000000000004,-1.7000000000000028,-2.1999999999999886,0.5,-1.4000000000000057
2015-16,2016,2016-04-27,Charlotte Hornets,90,Miami Heat,88,0,0.5853658536585366,1.5,106.1,104.4,1.7,93.6,0.5853658536585366,2.36,107.2,104.3,2.9,95.6,0.0,-0.8599999999999999,-1.1000000000000085,0.10000000000000853,-1.2,-2.0
2015-16,2016,2016-04-27,Portland Trail Blazers,108,Los Angeles Clippers,98,0,0.6463414634146342,4.13,108.3,103.8,4.5,95.8,0.5365853658536586,0.98,108.8,108.0,0.8,96.0,0.1097560975609756,3.15,-0.5,-4.200000000000003,3.7,-0.20000000000000284
2015-16,2016,2016-04-27,Houston Rockets,81,Golden State Warriors,114,1,0.8902439024390244,10.38,114.5,103.8,10.7,99.3,0.5,0.34,108.3,108.1,0.2,97.6,0.3902439024390244,10.040000000000001,6.200000000000003,-4.299999999999997,10.5,1.7000000000000028
2015-16,2016,2016-04-28,Atlanta Hawks,104,Boston Celtics,92,0,0.5853658536585366,2.84,106.8,103.6,3.2,98.5,0.5853658536585366,3.49,105.1,101.4,3.7,97.1,0.0,-0.6500000000000004,1.7000000000000028,2.1999999999999886,-0.5,1.4000000000000057
2015-16,2016,2016-04-29,Toronto Raptors,83,Indiana Pacers,101,1,0.5487804878048781,1.62,104.6,102.9,1.7,96.6,0.6829268292682927,4.08,110.0,105.2,4.8,92.9,-0.13414634146341464,-2.46,-5.400000000000006,-2.299999999999997,-3.0999999999999996,3.6999999999999886
2015-16,2016,2016-04-29,Miami Heat,97,Charlotte Hornets,90,0,0.5853658536585366,2.36,107.2,104.3,2.9,95.6,0.5853658536585366,1.5,106.1,104.4,1.7,93.6,0.0,0.8599999999999999,1.1000000000000085,-0.10000000000000853,1.2,2.0
2015-16,2016,2016-04-29,Los Angeles Clippers,103,Portland Trail Blazers,106,1,0.5365853658536586,0.98,108.8,108.0,0.8,96.0,0.6463414634146342,4.13,108.3,103.8,4.5,95.8,-0.1097560975609756,-3.15,0.5,4.200000000000003,-3.7,0.20000000000000284
2015-16,2016,2016-04-30,Oklahoma City Thunder,92,San Antonio Spurs,124,1,0.8170731707317073,10.28,110.3,99.0,11.3,93.8,0.6707317073170732,7.09,113.1,105.6,7.5,96.7,0.14634146341463405,3.1899999999999995,-2.799999999999997,-6.599999999999994,3.8000000000000007,-2.9000000000000057
2015-16,2016,2016-05-01,Charlotte Hornets,73,Miami Heat,106,1,0.5853658536585366,1.5,106.1,104.4,1.7,93.6,0.5853658536585366,2.36,107.2,104.3,2.9,95.6,0.0,-0.8599999999999999,-1.1000000000000085,0.10000000000000853,-1.2,-2.0
2015-16,2016,2016-05-01,Portland Trail Blazers,106,Golden State Warriors,118,1,0.8902439024390244,10.38,114.5,103.8,10.7,99.3,0.5365853658536586,0.98,108.8,108.0,0.8,96.0,0.35365853658536583,9.4,5.700000000000003,-4.200000000000003,9.899999999999999,3.299999999999997
2015-16,2016,2016-05-01,Indiana Pacers,84,Toronto Raptors,89,1,0.6829268292682927,4.08,110.0,105.2,4.8,92.9,0.5487804878048781,1.62,104.6,102.9,1.7,96.6,0.13414634146341464,2.46,5.400000000000006,2.299999999999997,3.0999999999999996,-3.6999999999999886
2015-16,2016,2016-05-02,Atlanta Hawks,93,Cleveland Cavaliers,104,1,0.6951219512195121,5.45,110.9,104.5,6.4,93.3,0.5853658536585366,3.49,105.1,101.4,3.7,97.1,0.1097560975609756,1.96,5.800000000000011,3.0999999999999943,2.7,-3.799999999999997
2015-16,2016,2016-05-02,Oklahoma City Thunder,98,San Antonio Spurs,97,0,0.8170731707317073,10.28,110.3,99.0,11.3,93.8,0.6707317073170732,7.09,113.1,105.6,7.5,96.7,0.14634146341463405,3.1899999999999995,-2.799999999999997,-6.599999999999994,3.8000000000000007,-2.9000000000000057
2015-16,2016,2016-05-03,Miami Heat,102,Toronto Raptors,96,0,0.6829268292682927,4.08,110.0,105.2,4.8,92.9,0.5853658536585366,1.5,106.1,104.4,1.7,93.6,0.09756097560975618,2.58,3.9000000000000057,0.7999999999999972,3.0999999999999996,-0.6999999999999886
2015-16,2016,2016-05-03,Portland Trail Blazers,99,Golden State Warriors,110,1,0.8902439024390244,10.38,114.5,103.8,10.7,99.3,0.5365853658536586,0.98,108.8,108.0,0.8,96.0,0.35365853658536583,9.4,5.700000000000003,-4.200000000000003,9.899999999999999,3.299999999999997
2015-16,2016,2016-05-04,Atlanta Hawks,98,Cleveland Cavaliers,123,1,0.6951219512195121,5.45,110.9,104.5,6.4,93.3,0.5853658536585366,3.49,105.1,101.4,3.7,97.1,0.1097560975609756,1.96,5.800000000000011,3.0999999999999943,2.7,-3.799999999999997
2015-16,2016,2016-05-05,Miami Heat,92,Toronto Raptors,96,1,0.6829268292682927,4.08,110.0,105.2,4.8,92.9,0.5853658536585366,1.5,106.1,104.4,1.7,93.6,0.09756097560975618,2.58,3.9000000000000057,0.7999999999999972,3.0999999999999996,-0.6999999999999886
2015-16,2016,2016-05-06,Cleveland Cavaliers,121,Atlanta Hawks,108,0,0.5853658536585366,3.49,105.1,101.4,3.7,97.1,0.6951219512195121,5.45,110.9,104.5,6.4,93.3,-0.1097560975609756,-1.96,-5.800000000000011,-3.0999999999999943,-2.7,3.799999999999997
2015-16,2016,2016-05-06,San Antonio Spurs,100,Oklahoma City Thunder,96,0,0.6707317073170732,7.09,113.1,105.6,7.5,96.7,0.8170731707317073,10.28,110.3,99.0,11.3,93.8,-0.14634146341463405,-3.1899999999999995,2.799999999999997,6.599999999999994,-3.8000000000000007,2.9000000000000057
2015-16,2016,2016-05-07,Toronto Raptors,95,Miami Heat,91,0,0.5853658536585366,1.5,106.1,104.4,1.7,93.6,0.6829268292682927,4.08,110.0,105.2,4.8,92.9,-0.09756097560975618,-2.58,-3.9000000000000057,-0.7999999999999972,-3.0999999999999996,0.6999999999999886
2015-16,2016,2016-05-07,Golden State Warriors,108,Portland Trail Blazers,120,1,0.5365853658536586,0.98,108.8,108.0,0.8,96.0,0.8902439024390244,10.38,114.5,103.8,10.7,99.3,-0.35365853658536583,-9.4,-5.700000000000003,4.200000000000003,-9.899999999999999,-3.299999999999997
2015-16,2016,2016-05-08,Cleveland Cavaliers,100,Atlanta Hawks,99,0,0.5853658536585366,3.49,105.1,101.4,3.7,97.1,0.6951219512195121,5.45,110.9,104.5,6.4,93.3,-0.1097560975609756,-1.96,-5.800000000000011,-3.0999999999999943,-2.7,3.799999999999997
2015-16,2016,2016-05-08,San Antonio Spurs,97,Oklahoma City Thunder,111,1,0.6707317073170732,7.09,113.1,105.6,7.5,96.7,0.8170731707317073,10.28,110.3,99.0,11.3,93.8,-0.14634146341463405,-3.1899999999999995,2.799999999999997,6.599999999999994,-3.8000000000000007,2.9000000000000057
2015-16,2016,2016-05-09,Toronto Raptors,87,Miami Heat,94,1,0.5853658536585366,1.5,106.1,104.4,1.7,93.6,0.6829268292682927,4.08,110.0,105.2,4.8,92.9,-0.09756097560975618,-2.58,-3.9000000000000057,-0.7999999999999972,-3.0999999999999996,0.6999999999999886
2015-16,2016,2016-05-09,Golden State Warriors,132,Portland Trail Blazers,125,0,0.5365853658536586,0.98,108.8,108.0,0.8,96.0,0.8902439024390244,10.38,114.5,103.8,10.7,99.3,-0.35365853658536583,-9.4,-5.700000000000003,4.200000000000003,-9.899999999999999,-3.299999999999997
2015-16,2016,2016-05-10,Oklahoma City Thunder,95,San Antonio Spurs,91,0,0.8170731707317073,10.28,110.3,99.0,11.3,93.8,0.6707317073170732,7.09,113.1,105.6,7.5,96.7,0.14634146341463405,3.1899999999999995,-2.799999999999997,-6.599999999999994,3.8000000000000007,-2.9000000000000057
2015-16,2016,2016-05-11,Miami Heat,91,Toronto Raptors,99,1,0.6829268292682927,4.08,110.0,105.2,4.8,92.9,0.5853658536585366,1.5,106.1,104.4,1.7,93.6,0.09756097560975618,2.58,3.9000000000000057,0.7999999999999972,3.0999999999999996,-0.6999999999999886
2015-16,2016,2016-05-11,Portland Trail Blazers,121,Golden State Warriors,125,1,0.8902439024390244,10.38,114.5,103.8,10.7,99.3,0.5365853658536586,0.98,108.8,108.0,0.8,96.0,0.35365853658536583,9.4,5.700000000000003,-4.200000000000003,9.899999999999999,3.299999999999997
2015-16,2016,2016-05-12,San Antonio Spurs,99,Oklahoma City Thunder,113,1,0.6707317073170732,7.09,113.1,105.6,7.5,96.7,0.8170731707317073,10.28,110.3,99.0,11.3,93.8,-0.14634146341463405,-3.1899999999999995,2.799999999999997,6.599999999999994,-3.8000000000000007,2.9000000000000057
2015-16,2016,2016-05-13,Toronto Raptors,91,Miami Heat,103,1,0.5853658536585366,1.5,106.1,104.4,1.7,93.6,0.6829268292682927,4.08,110.0,105.2,4.8,92.9,-0.09756097560975618,-2.58,-3.9000000000000057,-0.7999999999999972,-3.0999999999999996,0.6999999999999886
2015-16,2016,2016-05-15,Miami Heat,89,Toronto Raptors,116,1,0.6829268292682927,4.08,110.0,105.2,4.8,92.9,0.5853658536585366,1.5,106.1,104.4,1.7,93.6,0.09756097560975618,2.58,3.9000000000000057,0.7999999999999972,3.0999999999999996,-0.6999999999999886
2015-16,2016,2016-05-16,Oklahoma City Thunder,108,Golden State Warriors,102,0,0.8902439024390244,10.38,114.5,103.8,10.7,99.3,0.6707317073170732,7.09,113.1,105.6,7.5,96.7,0.2195121951219512,3.290000000000001,1.4000000000000057,-1.7999999999999972,3.1999999999999993,2.5999999999999943
2015-16,2016,2016-05-17,Toronto Raptors,84,Cleveland Cavaliers,115,1,0.6951219512195121,5.45,110.9,104.5,6.4,93.3,0.6829268292682927,4.08,110.0,105.2,4.8,92.9,0.012195121951219412,1.37,0.9000000000000057,-0.7000000000000028,1.6000000000000005,0.3999999999999915
2015-16,2016,2016-05-18,Oklahoma City Thunder,91,Golden State Warriors,118,1,0.8902439024390244,10.38,114.5,103.8,10.7,99.3,0.6707317073170732,7.09,113.1,105.6,7.5,96.7,0.2195121951219512,3.290000000000001,1.4000000000000057,-1.7999999999999972,3.1999999999999993,2.5999999999999943
2015-16,2016,2016-05-19,Toronto Raptors,89,Cleveland Cavaliers,108,1,0.6951219512195121,5.45,110.9,104.5,6.4,93.3,0.6829268292682927,4.08,110.0,105.2,4.8,92.9,0.012195121951219412,1.37,0.9000000000000057,-0.7000000000000028,1.6000000000000005,0.3999999999999915
2015-16,2016,2016-05-21,Cleveland Cavaliers,84,Toronto Raptors,99,1,0.6829268292682927,4.08,110.0,105.2,4.8,92.9,0.6951219512195121,5.45,110.9,104.5,6.4,93.3,-0.012195121951219412,-1.37,-0.9000000000000057,0.7000000000000028,-1.6000000000000005,-0.3999999999999915
2015-16,2016,2016-05-22,Golden State Warriors,105,Oklahoma City Thunder,133,1,0.6707317073170732,7.09,113.1,105.6,7.5,96.7,0.8902439024390244,10.38,114.5,103.8,10.7,99.3,-0.2195121951219512,-3.290000000000001,-1.4000000000000057,1.7999999999999972,-3.1999999999999993,-2.5999999999999943
2015-16,2016,2016-05-23,Cleveland Cavaliers,99,Toronto Raptors,105,1,0.6829268292682927,4.08,110.0,105.2,4.8,92.9,0.6951219512195121,5.45,110.9,104.5,6.4,93.3,-0.012195121951219412,-1.37,-0.9000000000000057,0.7000000000000028,-1.6000000000000005,-0.3999999999999915
2015-16,2016,2016-05-24,Golden State Warriors,94,Oklahoma City Thunder,118,1,0.6707317073170732,7.09,113.1,105.6,7.5,96.7,0.8902439024390244,10.38,114.5,103.8,10.7,99.3,-0.2195121951219512,-3.290000000000001,-1.4000000000000057,1.7999999999999972,-3.1999999999999993,-2.5999999999999943
2015-16,2016,2016-05-25,Toronto Raptors,78,Cleveland Cavaliers,116,1,0.6951219512195121,5.45,110.9,104.5,6.4,93.3,0.6829268292682927,4.08,110.0,105.2,4.8,92.9,0.012195121951219412,1.37,0.9000000000000057,-0.7000000000000028,1.6000000000000005,0.3999999999999915
2015-16,2016,2016-05-26,Oklahoma City Thunder,111,Golden State Warriors,120,1,0.8902439024390244,10.38,114.5,103.8,10.7,99.3,0.6707317073170732,7.09,113.1,105.6,7.5,96.7,0.2195121951219512,3.290000000000001,1.4000000000000057,-1.7999999999999972,3.1999999999999993,2.5999999999999943
2015-16,2016,2016-05-27,Cleveland Cavaliers,113,Toronto Raptors,87,0,0.6829268292682927,4.08,110.0,105.2,4.8,92.9,0.6951219512195121,5.45,110.9,104.5,6.4,93.3,-0.012195121951219412,-1.37,-0.9000000000000057,0.7000000000000028,-1.6000000000000005,-0.3999999999999915
2015-16,2016,2016-05-28,Golden State Warriors,108,Oklahoma City Thunder,101,0,0.6707317073170732,7.09,113.1,105.6,7.5,96.7,0.8902439024390244,10.38,114.5,103.8,10.7,99.3,-0.2195121951219512,-3.290000000000001,-1.4000000000000057,1.7999999999999972,-3.1999999999999993,-2.5999999999999943
2015-16,2016,2016-05-30,Oklahoma City Thunder,88,Golden State Warriors,96,1,0.8902439024390244,10.38,114.5,103.8,10.7,99.3,0.6707317073170732,7.09,113.1,105.6,7.5,96.7,0.2195121951219512,3.290000000000001,1.4000000000000057,-1.7999999999999972,3.1999999999999993,2.5999999999999943
2015-16,2016,2016-06-02,Cleveland Cavaliers,89,Golden State Warriors,104,1,0.8902439024390244,10.38,114.5,103.8,10.7,99.3,0.6951219512195121,5.45,110.9,104.5,6.4,93.3,0.19512195121951226,4.930000000000001,3.5999999999999943,-0.7000000000000028,4.299999999999999,6.0
2015-16,2016,2016-06-05,Cleveland Cavaliers,77,Golden State Warriors,110,1,0.8902439024390244,10.38,114.5,103.8,10.7,99.3,0.6951219512195121,5.45,110.9,104.5,6.4,93.3,0.19512195121951226,4.930000000000001,3.5999999999999943,-0.7000000000000028,4.299999999999999,6.0
2015-16,2016,2016-06-08,Golden State Warriors,90,Cleveland Cavaliers,120,1,0.6951219512195121,5.45,110.9,104.5,6.4,93.3,0.8902439024390244,10.38,114.5,103.8,10.7,99.3,-0.19512195121951226,-4.930000000000001,-3.5999999999999943,0.7000000000000028,-4.299999999999999,-6.0
2015-16,2016,2016-06-10,Golden State Warriors,108,Cleveland Cavaliers,97,0,0.6951219512195121,5.45,110.9,104.5,6.4,93.3,0.8902439024390244,10.38,114.5,103.8,10.7,99.3,-0.19512195121951226,-4.930000000000001,-3.5999999999999943,0.7000000000000028,-4.299999999999999,-6.0
2015-16,2016,2016-06-13,Cleveland Cavaliers,112,Golden State Warriors,97,0,0.8902439024390244,10.38,114.5,103.8,10.7,99.3,0.6951219512195121,5.45,110.9,104.5,6.4,93.3,0.19512195121951226,4.930000000000001,3.5999999999999943,-0.7000000000000028,4.299999999999999,6.0
2015-16,2016,2016-06-16,Golden State Warriors,101,Cleveland Cavaliers,115,1,0.6951219512195121,5.45,110.9,104.5,6.4,93.3,0.8902439024390244,10.38,114.5,103.8,10.7,99.3,-0.19512195121951226,-4.930000000000001,-3.5999999999999943,0.7000000000000028,-4.299999999999999,-6.0
2015-16,2016,2016-06-19,Cleveland Cavaliers,93,Golden State Warriors,89,0,0.8902439024390244,10.38,114.5,103.8,10.7,99.3,0.6951219512195121,5.45,110.9,104.5,6.4,93.3,0.19512195121951226,4.930000000000001,3.5999999999999943,-0.7000000000000028,4.299999999999999,6.0
2016-17,2017,2017-04-15,Indiana Pacers,108,Cleveland Cavaliers,109,1,0.6219512195121951,2.87,113.6,110.3,3.3,96.2,0.5121951219512195,-0.64,108.6,108.8,-0.2,95.9,0.1097560975609756,3.5100000000000002,5.0,1.5,3.5,0.29999999999999716
2016-17,2017,2017-04-15,Milwaukee Bucks,97,Toronto Raptors,83,0,0.6219512195121951,3.65,112.3,107.8,4.5,94.7,0.5121951219512195,-0.45,109.1,109.3,-0.2,94.5,0.1097560975609756,4.1,3.200000000000003,-1.5,4.7,0.20000000000000284
2016-17,2017,2017-04-15,Memphis Grizzlies,82,San Antonio Spurs,111,1,0.7439024390243902,7.13,111.1,103.5,7.6,94.2,0.524390243902439,0.96,107.7,107.1,0.6,92.3,0.2195121951219512,6.17,3.3999999999999915,-3.5999999999999943,7.0,1.9000000000000057
2016-17,2017,2017-04-15,Utah Jazz,97,Los Angeles Clippers,95,0,0.6219512195121951,4.42,112.7,108.2,4.5,96.1,0.6219512195121951,4.0,109.6,105.3,4.3,91.6,0.0,0.41999999999999993,3.1000000000000085,2.9000000000000057,0.20000000000000018,4.5
2016-17,2017,2017-04-16,Atlanta Hawks,107,Washington Wizards,114,1,0.5975609756097561,1.36,111.2,109.3,1.9,97.4,0.524390243902439,-1.23,104.9,105.7,-0.8,97.4,0.07317073170731703,2.59,6.299999999999997,3.5999999999999943,2.7,0.0
2016-17,2017,2017-04-16,Portland Trail Blazers,109,Golden State Warriors,121,1,0.8170731707317073,11.35,115.6,104.0,11.6,99.8,0.5,-0.23,110.3,110.8,-0.5,96.7,0.31707317073170727,11.58,5.299999999999997,-6.799999999999997,12.1,3.0999999999999943
2016-17,2017,2017-04-16,Chicago Bulls,106,Boston Celtics,102,0,0.6463414634146342,2.25,111.2,108.4,2.8,96.8,0.5,0.03,107.4,107.0,0.4,95.3,0.14634146341463417,2.22,3.799999999999997,1.4000000000000057,2.4,1.5
2016-17,2017,2017-04-16,Oklahoma City Thunder,87,Houston Rockets,118,1,0.6707317073170732,5.84,114.7,109.0,5.7,100.0,0.573170731707317,1.14,108.3,107.5,0.8,97.8,0.09756097560975618,4.7,6.400000000000006,1.5,4.9,2.200000000000003
2016-17,2017,2017-04-17,Indiana Pacers,111,Cleveland Cavaliers,117,1,0.6219512195121951,2.87,113.6,110.3,3.3,96.2,0.5121951219512195,-0.64,108.6,108.8,-0.2,95.9,0.1097560975609756,3.5100000000000002,5.0,1.5,3.5,0.29999999999999716
2016-17,2017,2017-04-17,Memphis Grizzlies,82,San Antonio Spurs,96,1,0.7439024390243902,7.13,111.1,103.5,7.6,94.2,0.524390243902439,0.96,107.7,107.1,0.6,92.3,0.2195121951219512,6.17,3.3999999999999915,-3.5999999999999943,7.0,1.9000000000000057
2016-17,2017,2017-04-18,Milwaukee Bucks,100,Toronto Raptors,106,1,0.6219512195121951,3.65,112.3,107.8,4.5,94.7,0.5121951219512195,-0.45,109.1,109.3,-0.2,94.5,0.1097560975609756,4.1,3.200000000000003,-1.5,4.7,0.20000000000000284
2016-17,2017,2017-04-18,Chicago Bulls,111,Boston Celtics,97,0,0.6463414634146342,2.25,111.2,108.4,2.8,96.8,0.5,0.03,107.4,107.0,0.4,95.3,0.14634146341463417,2.22,3.799999999999997,1.4000000000000057,2.4,1.5
2016-17,2017,2017-04-18,Utah Jazz,91,Los Angeles Clippers,99,1,0.6219512195121951,4.42,112.7,108.2,4.5,96.1,0.6219512195121951,4.0,109.6,105.3,4.3,91.6,0.0,0.41999999999999993,3.1000000000000085,2.9000000000000057,0.20000000000000018,4.5
2016-17,2017,2017-04-19,Atlanta Hawks,101,Washington Wizards,109,1,0.5975609756097561,1.36,111.2,109.3,1.9,97.4,0.524390243902439,-1.23,104.9,105.7,-0.8,97.4,0.07317073170731703,2.59,6.299999999999997,3.5999999999999943,2.7,0.0
2016-17,2017,2017-04-19,Oklahoma City Thunder,111,Houston Rockets,115,1,0.6707317073170732,5.84,114.7,109.0,5.7,100.0,0.573170731707317,1.14,108.3,107.5,0.8,97.8,0.09756097560975618,4.7,6.400000000000006,1.5,4.9,2.200000000000003
2016-17,2017,2017-04-19,Portland Trail Blazers,81,Golden State Warriors,110,1,0.8170731707317073,11.35,115.6,104.0,11.6,99.8,0.5,-0.23,110.3,110.8,-0.5,96.7,0.31707317073170727,11.58,5.299999999999997,-6.799999999999997,12.1,3.0999999999999943
2016-17,2017,2017-04-20,Cleveland Cavaliers,119,Indiana Pacers,114,0,0.5121951219512195,-0.64,108.6,108.8,-0.2,95.9,0.6219512195121951,2.87,113.6,110.3,3.3,96.2,-0.1097560975609756,-3.5100000000000002,-5.0,-1.5,-3.5,-0.29999999999999716
2016-17,2017,2017-04-20,Toronto Raptors,77,Milwaukee Bucks,104,1,0.5121951219512195,-0.45,109.1,109.3,-0.2,94.5,0.6219512195121951,3.65,112.3,107.8,4.5,94.7,-0.1097560975609756,-4.1,-3.200000000000003,1.5,-4.7,-0.20000000000000284
2016-17,2017,2017-04-20,San Antonio Spurs,94,Memphis Grizzlies,105,1,0.524390243902439,0.96,107.7,107.1,0.6,92.3,0.7439024390243902,7.13,111.1,103.5,7.6,94.2,-0.2195121951219512,-6.17,-3.3999999999999915,3.5999999999999943,-7.0,-1.9000000000000057
2016-17,2017,2017-04-21,Boston Celtics,104,Chicago Bulls,87,0,0.5,0.03,107.4,107.0,0.4,95.3,0.6463414634146342,2.25,111.2,108.4,2.8,96.8,-0.14634146341463417,-2.22,-3.799999999999997,-1.4000000000000057,-2.4,-1.5
2016-17,2017,2017-04-21,Houston Rockets,113,Oklahoma City Thunder,115,1,0.573170731707317,1.14,108.3,107.5,0.8,97.8,0.6707317073170732,5.84,114.7,109.0,5.7,100.0,-0.09756097560975618,-4.7,-6.400000000000006,-1.5,-4.9,-2.200000000000003
2016-17,2017,2017-04-21,Los Angeles Clippers,111,Utah Jazz,106,0,0.6219512195121951,4.0,109.6,105.3,4.3,91.6,0.6219512195121951,4.42,112.7,108.2,4.5,96.1,0.0,-0.41999999999999993,-3.1000000000000085,-2.9000000000000057,-0.20000000000000018,-4.5
2016-17,2017,2017-04-22,Toronto Raptors,87,Milwaukee Bucks,76,0,0.5121951219512195,-0.45,109.1,109.3,-0.2,94.5,0.6219512195121951,3.65,112.3,107.8,4.5,94.7,-0.1097560975609756,-4.1,-3.200000000000003,1.5,-4.7,-0.20000000000000284
2016-17,2017,2017-04-22,Washington Wizards,98,Atlanta Hawks,116,1,0.524390243902439,-1.23,104.9,105.7,-0.8,97.4,0.5975609756097561,1.36,111.2,109.3,1.9,97.4,-0.07317073170731703,-2.59,-6.299999999999997,-3.5999999999999943,-2.7,0.0
2016-17,2017,2017-04-22,San Antonio Spurs,108,Memphis Grizzlies,110,1,0.524390243902439,0.96,107.7,107.1,0.6,92.3,0.7439024390243902,7.13,111.1,103.5,7.6,94.2,-0.2195121951219512,-6.17,-3.3999999999999915,3.5999999999999943,-7.0,-1.9000000000000057
2016-17,2017,2017-04-22,Golden State Warriors,119,Portland Trail Blazers,113,0,0.5,-0.23,110.3,110.8,-0.5,96.7,0.8170731707317073,11.35,115.6,104.0,11.6,99.8,-0.31707317073170727,-11.58,-5.299999999999997,6.799999999999997,-12.1,-3.0999999999999943
2016-17,2017,2017-04-23,Cleveland Cavaliers,106,Indiana Pacers,102,0,0.5121951219512195,-0.64,108.6,108.8,-0.2,95.9,0.6219512195121951,2.87,113.6,110.3,3.3,96.2,-0.1097560975609756,-3.5100000000000002,-5.0,-1.5,-3.5,-0.29999999999999716
2016-17,2017,2017-04-23,Houston Rockets,113,Oklahoma City Thunder,109,0,0.573170731707317,1.14,108.3,107.5,0.8,97.8,0.6707317073170732,5.84,114.7,109.0,5.7,100.0,-0.09756097560975618,-4.7,-6.400000000000006,-1.5,-4.9,-2.200000000000003
2016-17,2017,2017-04-23,Boston Celtics,104,Chicago Bulls,95,0,0.5,0.03,107.4,107.0,0.4,95.3,0.6463414634146342,2.25,111.2,108.4,2.8,96.8,-0.14634146341463417,-2.22,-3.799999999999997,-1.4000000000000057,-2.4,-1.5
2016-17,2017,2017-04-23,Los Angeles Clippers,98,Utah Jazz,105,1,0.6219512195121951,4.0,109.6,105.3,4.3,91.6,0.6219512195121951,4.42,112.7,108.2,4.5,96.1,0.0,-0.41999999999999993,-3.1000000000000085,-2.9000000000000057,-0.20000000000000018,-4.5
2016-17,2017,2017-04-24,Milwaukee Bucks,93,Toronto Raptors,118,1,0.6219512195121951,3.65,112.3,107.8,4.5,94.7,0.5121951219512195,-0.45,109.1,109.3,-0.2,94.5,0.1097560975609756,4.1,3.200000000000003,-1.5,4.7,0.20000000000000284
2016-17,2017,2017-04-24,Washington Wizards,101,Atlanta Hawks,111,1,0.524390243902439,-1.23,104.9,105.7,-0.8,97.4,0.5975609756097561,1.36,111.2,109.3,1.9,97.4,-0.07317073170731703,-2.59,-6.299999999999997,-3.5999999999999943,-2.7,0.0
2016-17,2017,2017-04-24,Golden State Warriors,128,Portland Trail Blazers,103,0,0.5,-0.23,110.3,110.8,-0.5,96.7,0.8170731707317073,11.35,115.6,104.0,11.6,99.8,-0.31707317073170727,-11.58,-5.299999999999997,6.799999999999997,-12.1,-3.0999999999999943
2016-17,2017,2017-04-25,Oklahoma City Thunder,99,Houston Rockets,105,1,0.6707317073170732,5.84,114.7,109.0,5.7,100.0,0.573170731707317,1.14,108.3,107.5,0.8,97.8,0.09756097560975618,4.7,6.400000000000006,1.5,4.9,2.200000000000003
2016-17,2017,2017-04-25,Memphis Grizzlies,103,San Antonio Spurs,116,1,0.7439024390243902,7.13,111.1,103.5,7.6,94.2,0.524390243902439,0.96,107.7,107.1,0.6,92.3,0.2195121951219512,6.17,3.3999999999999915,-3.5999999999999943,7.0,1.9000000000000057
2016-17,2017,2017-04-25,Utah Jazz,96,Los Angeles Clippers,92,0,0.6219512195121951,4.42,112.7,108.2,4.5,96.1,0.6219512195121951,4.0,109.6,105.3,4.3,91.6,0.0,0.41999999999999993,3.1000000000000085,2.9000000000000057,0.20000000000000018,4.5
2016-17,2017,2017-04-26,Atlanta Hawks,99,Washington Wizards,103,1,0.5975609756097561,1.36,111.2,109.3,1.9,97.4,0.524390243902439,-1.23,104.9,105.7,-0.8,97.4,0.07317073170731703,2.59,6.299999999999997,3.5999999999999943,2.7,0.0
2016-17,2017,2017-04-26,Chicago Bulls,97,Boston Celtics,108,1,0.6463414634146342,2.25,111.2,108.4,2.8,96.8,0.5,0.03,107.4,107.0,0.4,95.3,0.14634146341463417,2.22,3.799999999999997,1.4000000000000057,2.4,1.5
2016-17,2017,2017-04-27,Toronto Raptors,92,Milwaukee Bucks,89,0,0.5121951219512195,-0.45,109.1,109.3,-0.2,94.5,0.6219512195121951,3.65,112.3,107.8,4.5,94.7,-0.1097560975609756,-4.1,-3.200000000000003,1.5,-4.7,-0.20000000000000284
2016-17,2017,2017-04-27,San Antonio Spurs,103,Memphis Grizzlies,96,0,0.524390243902439,0.96,107.7,107.1,0.6,92.3,0.7439024390243902,7.13,111.1,103.5,7.6,94.2,-0.2195121951219512,-6.17,-3.3999999999999915,3.5999999999999943,-7.0,-1.9000000000000057
2016-17,2017,2017-04-28,Washington Wizards,115,Atlanta Hawks,99,0,0.524390243902439,-1.23,104.9,105.7,-0.8,97.4,0.5975609756097561,1.36,111.2,109.3,1.9,97.4,-0.07317073170731703,-2.59,-6.299999999999997,-3.5999999999999943,-2.7,0.0
2016-17,2017,2017-04-28,Boston Celtics,105,Chicago Bulls,83,0,0.5,0.03,107.4,107.0,0.4,95.3,0.6463414634146342,2.25,111.2,108.4,2.8,96.8,-0.14634146341463417,-2.22,-3.799999999999997,-1.4000000000000057,-2.4,-1.5
2016-17,2017,2017-04-28,Los Angeles Clippers,98,Utah Jazz,93,0,0.6219512195121951,4.0,109.6,105.3,4.3,91.6,0.6219512195121951,4.42,112.7,108.2,4.5,96.1,0.0,-0.41999999999999993,-3.1000000000000085,-2.9000000000000057,-0.20000000000000018,-4.5
2016-17,2017,2017-04-30,Washington Wizards,111,Boston Celtics,123,1,0.6463414634146342,2.25,111.2,108.4,2.8,96.8,0.5975609756097561,1.36,111.2,109.3,1.9,97.4,0.04878048780487809,0.8899999999999999,0.0,-0.8999999999999915,0.8999999999999999,-0.6000000000000085
2016-17,2017,2017-04-30,Utah Jazz,104,Los Angeles Clippers,91,0,0.6219512195121951,4.42,112.7,108.2,4.5,96.1,0.6219512195121951,4.0,109.6,105.3,4.3,91.6,0.0,0.41999999999999993,3.1000000000000085,2.9000000000000057,0.20000000000000018,4.5
2016-17,2017,2017-05-01,Toronto Raptors,105,Cleveland Cavaliers,116,1,0.6219512195121951,2.87,113.6,110.3,3.3,96.2,0.6219512195121951,3.65,112.3,107.8,4.5,94.7,0.0,-0.7799999999999998,1.2999999999999972,2.5,-1.2000000000000002,1.5
2016-17,2017,2017-05-01,Houston Rockets,126,San Antonio Spurs,99,0,0.7439024390243902,7.13,111.1,103.5,7.6,94.2,0.6707317073170732,5.84,114.7,109.0,5.7,100.0,0.07317073170731703,1.29,-3.6000000000000085,-5.5,1.8999999999999995,-5.799999999999997
2016-17,2017,2017-05-02,Washington Wizards,119,Boston Celtics,129,1,0.6463414634146342,2.25,111.2,108.4,2.8,96.8,0.5975609756097561,1.36,111.2,109.3,1.9,97.4,0.04878048780487809,0.8899999999999999,0.0,-0.8999999999999915,0.8999999999999999,-0.6000000000000085
2016-17,2017,2017-05-02,Utah Jazz,94,Golden State Warriors,106,1,0.8170731707317073,11.35,115.6,104.0,11.6,99.8,0.6219512195121951,4.0,109.6,105.3,4.3,91.6,0.19512195121951215,7.35,6.0,-1.2999999999999972,7.3,8.200000000000003
2016-17,2017,2017-05-03,Toronto Raptors,103,Cleveland Cavaliers,125,1,0.6219512195121951,2.87,113.6,110.3,3.3,96.2,0.6219512195121951,3.65,112.3,107.8,4.5,94.7,0.0,-0.7799999999999998,1.2999999999999972,2.5,-1.2000000000000002,1.5
2016-17,2017,2017-05-03,Houston Rockets,96,San Antonio Spurs,121,1,0.7439024390243902,7.13,111.1,103.5,7.6,94.2,0.6707317073170732,5.84,114.7,109.0,5.7,100.0,0.07317073170731703,1.29,-3.6000000000000085,-5.5,1.8999999999999995,-5.799999999999997
2016-17,2017,2017-05-04,Boston Celtics,89,Washington Wizards,116,1,0.5975609756097561,1.36,111.2,109.3,1.9,97.4,0.6463414634146342,2.25,111.2,108.4,2.8,96.8,-0.04878048780487809,-0.8899999999999999,0.0,0.8999999999999915,-0.8999999999999999,0.6000000000000085
2016-17,2017,2017-05-04,Utah Jazz,104,Golden State Warriors,115,1,0.8170731707317073,11.35,115.6,104.0,11.6,99.8,0.6219512195121951,4.0,109.6,105.3,4.3,91.6,0.19512195121951215,7.35,6.0,-1.2999999999999972,7.3,8.200000000000003
2016-17,2017,2017-05-05,Cleveland Cavaliers,115,Toronto Raptors,94,0,0.6219512195121951,3.65,112.3,107.8,4.5,94.7,0.6219512195121951,2.87,113.6,110.3,3.3,96.2,0.0,0.7799999999999998,-1.2999999999999972,-2.5,1.2000000000000002,-1.5
2016-17,2017,2017-05-05,San Antonio Spurs,103,Houston Rockets,92,0,0.6707317073170732,5.84,114.7,109.0,5.7,100.0,0.7439024390243902,7.13,111.1,103.5,7.6,94.2,-0.07317073170731703,-1.29,3.6000000000000085,5.5,-1.8999999999999995,5.799999999999997
2016-17,2017,2017-05-06,Golden State Warriors,102,Utah Jazz,91,0,0.6219512195121951,4.0,109.6,105.3,4.3,91.6,0.8170731707317073,11.35,115.6,104.0,11.6,99.8,-0.19512195121951215,-7.35,-6.0,1.2999999999999972,-7.3,-8.200000000000003
2016-17,2017,2017-05-07,Cleveland Cavaliers,109,Toronto Raptors,102,0,0.6219512195121951,3.65,112.3,107.8,4.5,94.7,0.6219512195121951,2.87,113.6,110.3,3.3,96.2,0.0,0.7799999999999998,-1.2999999999999972,-2.5,1.2000000000000002,-1.5
2016-17,2017,2017-05-07,Boston Celtics,102,Washington Wizards,121,1,0.5975609756097561,1.36,111.2,109.3,1.9,97.4,0.6463414634146342,2.25,111.2,108.4,2.8,96.8,-0.04878048780487809,-0.8899999999999999,0.0,0.8999999999999915,-0.8999999999999999,0.6000000000000085
2016-17,2017,2017-05-07,San Antonio Spurs,104,Houston Rockets,125,1,0.6707317073170732,5.84,114.7,109.0,5.7,100.0,0.7439024390243902,7.13,111.1,103.5,7.6,94.2,-0.07317073170731703,-1.29,3.6000000000000085,5.5,-1.8999999999999995,5.799999999999997
2016-17,2017,2017-05-08,Golden State Warriors,121,Utah Jazz,95,0,0.6219512195121951,4.0,109.6,105.3,4.3,91.6,0.8170731707317073,11.35,115.6,104.0,11.6,99.8,-0.19512195121951215,-7.35,-6.0,1.2999999999999972,-7.3,-8.200000000000003
2016-17,2017,2017-05-09,Houston Rockets,107,San Antonio Spurs,110,1,0.7439024390243902,7.13,111.1,103.5,7.6,94.2,0.6707317073170732,5.84,114.7,109.0,5.7,100.0,0.07317073170731703,1.29,-3.6000000000000085,-5.5,1.8999999999999995,-5.799999999999997
2016-17,2017,2017-05-10,Washington Wizards,101,Boston Celtics,123,1,0.6463414634146342,2.25,111.2,108.4,2.8,96.8,0.5975609756097561,1.36,111.2,109.3,1.9,97.4,0.04878048780487809,0.8899999999999999,0.0,-0.8999999999999915,0.8999999999999999,-0.6000000000000085
2016-17,2017,2017-05-11,San Antonio Spurs,114,Houston Rockets,75,0,0.6707317073170732,5.84,114.7,109.0,5.7,100.0,0.7439024390243902,7.13,111.1,103.5,7.6,94.2,-0.07317073170731703,-1.29,3.6000000000000085,5.5,-1.8999999999999995,5.799999999999997
2016-17,2017,2017-05-12,Boston Celtics,91,Washington Wizards,92,1,0.5975609756097561,1.36,111.2,109.3,1.9,97.4,0.6463414634146342,2.25,111.2,108.4,2.8,96.8,-0.04878048780487809,-0.8899999999999999,0.0,0.8999999999999915,-0.8999999999999999,0.6000000000000085
2016-17,2017,2017-05-14,San Antonio Spurs,111,Golden State Warriors,113,1,0.8170731707317073,11.35,115.6,104.0,11.6,99.8,0.7439024390243902,7.13,111.1,103.5,7.6,94.2,0.07317073170731703,4.22,4.5,0.5,4.0,5.599999999999994
2016-17,2017,2017-05-15,Washington Wizards,105,Boston Celtics,115,1,0.6463414634146342,2.25,111.2,108.4,2.8,96.8,0.5975609756097561,1.36,111.2,109.3,1.9,97.4,0.04878048780487809,0.8899999999999999,0.0,-0.8999999999999915,0.8999999999999999,-0.6000000000000085
2016-17,2017,2017-05-16,San Antonio Spurs,100,Golden State Warriors,136,1,0.8170731707317073,11.35,115.6,104.0,11.6,99.8,0.7439024390243902,7.13,111.1,103.5,7.6,94.2,0.07317073170731703,4.22,4.5,0.5,4.0,5.599999999999994
2016-17,2017,2017-05-17,Cleveland Cavaliers,117,Boston Celtics,104,0,0.6463414634146342,2.25,111.2,108.4,2.8,96.8,0.6219512195121951,2.87,113.6,110.3,3.3,96.2,0.024390243902439046,-0.6200000000000001,-2.3999999999999915,-1.8999999999999915,-0.5,0.5999999999999943
2016-17,2017,2017-05-19,Cleveland Cavaliers,130,Boston Celtics,86,0,0.6463414634146342,2.25,111.2,108.4,2.8,96.8,0.6219512195121951,2.87,113.6,110.3,3.3,96.2,0.024390243902439046,-0.6200000000000001,-2.3999999999999915,-1.8999999999999915,-0.5,0.5999999999999943
2016-17,2017,2017-05-20,Golden State Warriors,120,San Antonio Spurs,108,0,0.7439024390243902,7.13,111.1,103.5,7.6,94.2,0.8170731707317073,11.35,115.6,104.0,11.6,99.8,-0.07317073170731703,-4.22,-4.5,-0.5,-4.0,-5.599999999999994
2016-17,2017,2017-05-21,Boston Celtics,111,Cleveland Cavaliers,108,0,0.6219512195121951,2.87,113.6,110.3,3.3,96.2,0.6463414634146342,2.25,111.2,108.4,2.8,96.8,-0.024390243902439046,0.6200000000000001,2.3999999999999915,1.8999999999999915,0.5,-0.5999999999999943
2016-17,2017,2017-05-22,Golden State Warriors,129,San Antonio Spurs,115,0,0.7439024390243902,7.13,111.1,103.5,7.6,94.2,0.8170731707317073,11.35,115.6,104.0,11.6,99.8,-0.07317073170731703,-4.22,-4.5,-0.5,-4.0,-5.599999999999994
2016-17,2017,2017-05-23,Boston Celtics,99,Cleveland Cavaliers,112,1,0.6219512195121951,2.87,113.6,110.3,3.3,96.2,0.6463414634146342,2.25,111.2,108.4,2.8,96.8,-0.024390243902439046,0.6200000000000001,2.3999999999999915,1.8999999999999915,0.5,-0.5999999999999943
2016-17,2017,2017-05-25,Cleveland Cavaliers,135,Boston Celtics,102,0,0.6463414634146342,2.25,111.2,108.4,2.8,96.8,0.6219512195121951,2.87,113.6,110.3,3.3,96.2,0.024390243902439046,-0.6200000000000001,-2.3999999999999915,-1.8999999999999915,-0.5,0.5999999999999943
2016-17,2017,2017-06-01,Cleveland Cavaliers,91,Golden State Warriors,113,1,0.8170731707317073,11.35,115.6,104.0,11.6,99.8,0.6219512195121951,2.87,113.6,110.3,3.3,96.2,0.19512195121951215,8.48,2.0,-6.299999999999997,8.3,3.5999999999999943
2016-17,2017,2017-06-04,Cleveland Cavaliers,113,Golden State Warriors,132,1,0.8170731707317073,11.35,115.6,104.0,11.6,99.8,0.6219512195121951,2.87,113.6,110.3,3.3,96.2,0.19512195121951215,8.48,2.0,-6.299999999999997,8.3,3.5999999999999943
2016-17,2017,2017-06-07,Golden State Warriors,118,Cleveland Cavaliers,113,0,0.6219512195121951,2.87,113.6,110.3,3.3,96.2,0.8170731707317073,11.35,115.6,104.0,11.6,99.8,-0.19512195121951215,-8.48,-2.0,6.299999999999997,-8.3,-3.5999999999999943
2016-17,2017,2017-06-09,Golden State Warriors,116,Cleveland Cavaliers,137,1,0.6219512195121951,2.87,113.6,110.3,3.3,96.2,0.8170731707317073,11.35,115.6,104.0,11.6,99.8,-0.19512195121951215,-8.48,-2.0,6.299999999999997,-8.3,-3.5999999999999943
2016-17,2017,2017-06-12,Cleveland Cavaliers,120,Golden State Warriors,129,1,0.8170731707317073,11.35,115.6,104.0,11.6,99.8,0.6219512195121951,2.87,113.6,110.3,3.3,96.2,0.19512195121951215,8.48,2.0,-6.299999999999997,8.3,3.5999999999999943
2017-18,2018,2018-04-14,San Antonio Spurs,92,Golden State Warriors,113,1,0.7073170731707317,5.79,113.6,107.7,5.9,99.6,0.573170731707317,2.89,107.9,104.8,3.1,95.0,0.13414634146341464,2.9,5.699999999999989,2.9000000000000057,2.8000000000000003,4.599999999999994
2017-18,2018,2018-04-14,Washington Wizards,106,Toronto Raptors,114,1,0.7195121951219512,7.29,113.8,105.9,7.9,97.4,0.524390243902439,0.53,109.3,108.7,0.6,96.6,0.19512195121951215,6.76,4.5,-2.799999999999997,7.300000000000001,0.8000000000000114
2017-18,2018,2018-04-14,Miami Heat,103,Philadelphia 76ers,130,1,0.6341463414634146,4.3,109.5,105.0,4.5,99.8,0.5365853658536586,0.15,106.8,106.3,0.5,95.6,0.09756097560975607,4.1499999999999995,2.700000000000003,-1.2999999999999972,4.0,4.200000000000003
2017-18,2018,2018-04-14,New Orleans Pelicans,97,Portland Trail Blazers,95,0,0.5975609756097561,2.6,109.1,106.4,2.7,96.5,0.5853658536585366,1.48,109.6,108.3,1.3,100.5,0.012195121951219523,1.12,-0.5,-1.8999999999999915,1.4000000000000001,-4.0
2017-18,2018,2018-04-15,Milwaukee Bucks,107,Boston Celtics,113,1,0.6707317073170732,3.23,107.6,103.9,3.7,96.0,0.5365853658536586,-0.45,109.8,110.1,-0.3,96.3,0.13414634146341464,3.68,-2.200000000000003,-6.199999999999989,4.0,-0.29999999999999716
2017-18,2018,2018-04-15,Indiana Pacers,98,Cleveland Cavaliers,80,0,0.6097560975609756,0.59,112.9,111.9,1.0,98.0,0.5853658536585366,1.18,109.5,108.1,1.4,96.0,0.024390243902439046,-0.59,3.4000000000000057,3.8000000000000114,-0.3999999999999999,2.0
2017-18,2018,2018-04-15,Utah Jazz,108,Oklahoma City Thunder,116,1,0.5853658536585366,3.42,110.7,107.2,3.5,96.7,0.5853658536585366,4.47,108.4,103.9,4.5,95.7,0.0,-1.0499999999999998,2.299999999999997,3.299999999999997,-1.0,1.0
2017-18,2018,2018-04-15,Minnesota Timberwolves,101,Houston Rockets,104,1,0.7926829268292683,8.21,114.7,106.1,8.6,97.6,0.573170731707317,2.35,113.4,111.1,2.3,96.0,0.2195121951219513,5.860000000000001,1.2999999999999972,-5.0,6.3,1.5999999999999943
2017-18,2018,2018-04-16,Miami Heat,113,Philadelphia 76ers,103,0,0.6341463414634146,4.3,109.5,105.0,4.5,99.8,0.5365853658536586,0.15,106.8,106.3,0.5,95.6,0.09756097560975607,4.1499999999999995,2.700000000000003,-1.2999999999999972,4.0,4.200000000000003
2017-18,2018,2018-04-16,San Antonio Spurs,101,Golden State Warriors,116,1,0.7073170731707317,5.79,113.6,107.7,5.9,99.6,0.573170731707317,2.89,107.9,104.8,3.1,95.0,0.13414634146341464,2.9,5.699999999999989,2.9000000000000057,2.8000000000000003,4.599999999999994
2017-18,2018,2018-04-17,Washington Wizards,119,Toronto Raptors,130,1,0.7195121951219512,7.29,113.8,105.9,7.9,97.4,0.524390243902439,0.53,109.3,108.7,0.6,96.6,0.19512195121951215,6.76,4.5,-2.799999999999997,7.300000000000001,0.8000000000000114
2017-18,2018,2018-04-17,Milwaukee Bucks,106,Boston Celtics,120,1,0.6707317073170732,3.23,107.6,103.9,3.7,96.0,0.5365853658536586,-0.45,109.8,110.1,-0.3,96.3,0.13414634146341464,3.68,-2.200000000000003,-6.199999999999989,4.0,-0.29999999999999716
2017-18,2018,2018-04-17,New Orleans Pelicans,111,Portland Trail Blazers,102,0,0.5975609756097561,2.6,109.1,106.4,2.7,96.5,0.5853658536585366,1.48,109.6,108.3,1.3,100.5,0.012195121951219523,1.12,-0.5,-1.8999999999999915,1.4000000000000001,-4.0
2017-18,2018,2018-04-18,Indiana Pacers,97,Cleveland Cavaliers,100,1,0.6097560975609756,0.59,112.9,111.9,1.0,98.0,0.5853658536585366,1.18,109.5,108.1,1.4,96.0,0.024390243902439046,-0.59,3.4000000000000057,3.8000000000000114,-0.3999999999999999,2.0
2017-18,2018,2018-04-18,Utah Jazz,102,Oklahoma City Thunder,95,0,0.5853658536585366,3.42,110.7,107.2,3.5,96.7,0.5853658536585366,4.47,108.4,103.9,4.5,95.7,0.0,-1.0499999999999998,2.299999999999997,3.299999999999997,-1.0,1.0
2017-18,2018,2018-04-18,Minnesota Timberwolves,82,Houston Rockets,102,1,0.7926829268292683,8.21,114.7,106.1,8.6,97.6,0.573170731707317,2.35,113.4,111.1,2.3,96.0,0.2195121951219513,5.860000000000001,1.2999999999999972,-5.0,6.3,1.5999999999999943
2017-18,2018,2018-04-19,Philadelphia 76ers,128,Miami Heat,108,0,0.5365853658536586,0.15,106.8,106.3,0.5,95.6,0.6341463414634146,4.3,109.5,105.0,4.5,99.8,-0.09756097560975607,-4.1499999999999995,-2.700000000000003,1.2999999999999972,-4.0,-4.200000000000003
2017-18,2018,2018-04-19,Portland Trail Blazers,102,New Orleans Pelicans,119,1,0.5853658536585366,1.48,109.6,108.3,1.3,100.5,0.5975609756097561,2.6,109.1,106.4,2.7,96.5,-0.012195121951219523,-1.12,0.5,1.8999999999999915,-1.4000000000000001,4.0
2017-18,2018,2018-04-19,Golden State Warriors,110,San Antonio Spurs,97,0,0.573170731707317,2.89,107.9,104.8,3.1,95.0,0.7073170731707317,5.79,113.6,107.7,5.9,99.6,-0.13414634146341464,-2.9,-5.699999999999989,-2.9000000000000057,-2.8000000000000003,-4.599999999999994
2017-18,2018,2018-04-20,Cleveland Cavaliers,90,Indiana Pacers,92,1,0.5853658536585366,1.18,109.5,108.1,1.4,96.0,0.6097560975609756,0.59,112.9,111.9,1.0,98.0,-0.024390243902439046,0.59,-3.4000000000000057,-3.8000000000000114,0.3999999999999999,-2.0
2017-18,2018,2018-04-20,Toronto Raptors,103,Washington Wizards,122,1,0.524390243902439,0.53,109.3,108.7,0.6,96.6,0.7195121951219512,7.29,113.8,105.9,7.9,97.4,-0.19512195121951215,-6.76,-4.5,2.799999999999997,-7.300000000000001,-0.8000000000000114
2017-18,2018,2018-04-20,Boston Celtics,92,Milwaukee Bucks,116,1,0.5365853658536586,-0.45,109.8,110.1,-0.3,96.3,0.6707317073170732,3.23,107.6,103.9,3.7,96.0,-0.13414634146341464,-3.68,2.200000000000003,6.199999999999989,-4.0,0.29999999999999716
2017-18,2018,2018-04-21,Philadelphia 76ers,106,Miami Heat,102,0,0.5365853658536586,0.15,106.8,106.3,0.5,95.6,0.6341463414634146,4.3,109.5,105.0,4.5,99.8,-0.09756097560975607,-4.1499999999999995,-2.700000000000003,1.2999999999999972,-4.0,-4.200000000000003
2017-18,2018,2018-04-21,Portland Trail Blazers,123,New Orleans Pelicans,131,1,0.5853658536585366,1.48,109.6,108.3,1.3,100.5,0.5975609756097561,2.6,109.1,106.4,2.7,96.5,-0.012195121951219523,-1.12,0.5,1.8999999999999915,-1.4000000000000001,4.0
2017-18,2018,2018-04-21,Houston Rockets,105,Minnesota Timberwolves,121,1,0.573170731707317,2.35,113.4,111.1,2.3,96.0,0.7926829268292683,8.21,114.7,106.1,8.6,97.6,-0.2195121951219513,-5.860000000000001,-1.2999999999999972,5.0,-6.3,-1.5999999999999943
2017-18,2018,2018-04-21,Oklahoma City Thunder,102,Utah Jazz,115,1,0.5853658536585366,4.47,108.4,103.9,4.5,95.7,0.5853658536585366,3.42,110.7,107.2,3.5,96.7,0.0,1.0499999999999998,-2.299999999999997,-3.299999999999997,1.0,-1.0
2017-18,2018,2018-04-22,Boston Celtics,102,Milwaukee Bucks,104,1,0.5365853658536586,-0.45,109.8,110.1,-0.3,96.3,0.6707317073170732,3.23,107.6,103.9,3.7,96.0,-0.13414634146341464,-3.68,2.200000000000003,6.199999999999989,-4.0,0.29999999999999716
2017-18,2018,2018-04-22,Golden State Warriors,90,San Antonio Spurs,103,1,0.573170731707317,2.89,107.9,104.8,3.1,95.0,0.7073170731707317,5.79,113.6,107.7,5.9,99.6,-0.13414634146341464,-2.9,-5.699999999999989,-2.9000000000000057,-2.8000000000000003,-4.599999999999994
2017-18,2018,2018-04-22,Toronto Raptors,98,Washington Wizards,106,1,0.524390243902439,0.53,109.3,108.7,0.6,96.6,0.7195121951219512,7.29,113.8,105.9,7.9,97.4,-0.19512195121951215,-6.76,-4.5,2.799999999999997,-7.300000000000001,-0.8000000000000114
2017-18,2018,2018-04-22,Cleveland Cavaliers,104,Indiana Pacers,100,0,0.5853658536585366,1.18,109.5,108.1,1.4,96.0,0.6097560975609756,0.59,112.9,111.9,1.0,98.0,-0.024390243902439046,0.59,-3.4000000000000057,-3.8000000000000114,0.3999999999999999,-2.0
2017-18,2018,2018-04-23,Houston Rockets,119,Minnesota Timberwolves,100,0,0.573170731707317,2.35,113.4,111.1,2.3,96.0,0.7926829268292683,8.21,114.7,106.1,8.6,97.6,-0.2195121951219513,-5.860000000000001,-1.2999999999999972,5.0,-6.3,-1.5999999999999943
2017-18,2018,2018-04-23,Oklahoma City Thunder,96,Utah Jazz,113,1,0.5853658536585366,4.47,108.4,103.9,4.5,95.7,0.5853658536585366,3.42,110.7,107.2,3.5,96.7,0.0,1.0499999999999998,-2.299999999999997,-3.299999999999997,1.0,-1.0
2017-18,2018,2018-04-24,Milwaukee Bucks,87,Boston Celtics,92,1,0.6707317073170732,3.23,107.6,103.9,3.7,96.0,0.5365853658536586,-0.45,109.8,110.1,-0.3,96.3,0.13414634146341464,3.68,-2.200000000000003,-6.199999999999989,4.0,-0.29999999999999716
2017-18,2018,2018-04-24,Miami Heat,91,Philadelphia 76ers,104,1,0.6341463414634146,4.3,109.5,105.0,4.5,99.8,0.5365853658536586,0.15,106.8,106.3,0.5,95.6,0.09756097560975607,4.1499999999999995,2.700000000000003,-1.2999999999999972,4.0,4.200000000000003
2017-18,2018,2018-04-24,San Antonio Spurs,91,Golden State Warriors,99,1,0.7073170731707317,5.79,113.6,107.7,5.9,99.6,0.573170731707317,2.89,107.9,104.8,3.1,95.0,0.13414634146341464,2.9,5.699999999999989,2.9000000000000057,2.8000000000000003,4.599999999999994
2017-18,2018,2018-04-25,Indiana Pacers,95,Cleveland Cavaliers,98,1,0.6097560975609756,0.59,112.9,111.9,1.0,98.0,0.5853658536585366,1.18,109.5,108.1,1.4,96.0,0.024390243902439046,-0.59,3.4000000000000057,3.8000000000000114,-0.3999999999999999,2.0
2017-18,2018,2018-04-25,Washington Wizards,98,Toronto Raptors,108,1,0.7195121951219512,7.29,113.8,105.9,7.9,97.4,0.524390243902439,0.53,109.3,108.7,0.6,96.6,0.19512195121951215,6.76,4.5,-2.799999999999997,7.300000000000001,0.8000000000000114
2017-18,2018,2018-04-25,Minnesota Timberwolves,104,Houston Rockets,122,1,0.7926829268292683,8.21,114.7,106.1,8.6,97.6,0.573170731707317,2.35,113.4,111.1,2.3,96.0,0.2195121951219513,5.860000000000001,1.2999999999999972,-5.0,6.3,1.5999999999999943
2017-18,2018,2018-04-25,Utah Jazz,99,Oklahoma City Thunder,107,1,0.5853658536585366,3.42,110.7,107.2,3.5,96.7,0.5853658536585366,4.47,108.4,103.9,4.5,95.7,0.0,-1.0499999999999998,2.299999999999997,3.299999999999997,-1.0,1.0
2017-18,2018,2018-04-26,Boston Celtics,86,Milwaukee Bucks,97,1,0.5365853658536586,-0.45,109.8,110.1,-0.3,96.3,0.6707317073170732,3.23,107.6,103.9,3.7,96.0,-0.13414634146341464,-3.68,2.200000000000003,6.199999999999989,-4.0,0.29999999999999716
2017-18,2018,2018-04-27,Toronto Raptors,102,Washington Wizards,92,0,0.524390243902439,0.53,109.3,108.7,0.6,96.6,0.7195121951219512,7.29,113.8,105.9,7.9,97.4,-0.19512195121951215,-6.76,-4.5,2.799999999999997,-7.300000000000001,-0.8000000000000114
2017-18,2018,2018-04-27,Cleveland Cavaliers,87,Indiana Pacers,121,1,0.5853658536585366,1.18,109.5,108.1,1.4,96.0,0.6097560975609756,0.59,112.9,111.9,1.0,98.0,-0.024390243902439046,0.59,-3.4000000000000057,-3.8000000000000114,0.3999999999999999,-2.0
2017-18,2018,2018-04-27,Oklahoma City Thunder,91,Utah Jazz,96,1,0.5853658536585366,4.47,108.4,103.9,4.5,95.7,0.5853658536585366,3.42,110.7,107.2,3.5,96.7,0.0,1.0499999999999998,-2.299999999999997,-3.299999999999997,1.0,-1.0
2017-18,2018,2018-04-28,Milwaukee Bucks,96,Boston Celtics,112,1,0.6707317073170732,3.23,107.6,103.9,3.7,96.0,0.5365853658536586,-0.45,109.8,110.1,-0.3,96.3,0.13414634146341464,3.68,-2.200000000000003,-6.199999999999989,4.0,-0.29999999999999716
2017-18,2018,2018-04-28,New Orleans Pelicans,101,Golden State Warriors,123,1,0.7073170731707317,5.79,113.6,107.7,5.9,99.6,0.5853658536585366,1.48,109.6,108.3,1.3,100.5,0.12195121951219512,4.3100000000000005,4.0,-0.5999999999999943,4.6000000000000005,-0.9000000000000057
2017-18,2018,2018-04-29,Indiana Pacers,101,Cleveland Cavaliers,105,1,0.6097560975609756,0.59,112.9,111.9,1.0,98.0,0.5853658536585366,1.18,109.5,108.1,1.4,96.0,0.024390243902439046,-0.59,3.4000000000000057,3.8000000000000114,-0.3999999999999999,2.0
2017-18,2018,2018-04-29,Utah Jazz,96,Houston Rockets,110,1,0.7926829268292683,8.21,114.7,106.1,8.6,97.6,0.5853658536585366,4.47,108.4,103.9,4.5,95.7,0.20731707317073178,3.740000000000001,6.299999999999997,2.1999999999999886,4.1,1.8999999999999915
2017-18,2018,2018-04-30,Philadelphia 76ers,101,Boston Celtics,117,1,0.6707317073170732,3.23,107.6,103.9,3.7,96.0,0.6341463414634146,4.3,109.5,105.0,4.5,99.8,0.03658536585365857,-1.0699999999999998,-1.9000000000000057,-1.0999999999999943,-0.7999999999999998,-3.799999999999997
2017-18,2018,2018-05-01,Cleveland Cavaliers,113,Toronto Raptors,112,0,0.7195121951219512,7.29,113.8,105.9,7.9,97.4,0.6097560975609756,0.59,112.9,111.9,1.0,98.0,0.1097560975609756,6.7,0.8999999999999915,-6.0,6.9,-0.5999999999999943
2017-18,2018,2018-05-01,New Orleans Pelicans,116,Golden State Warriors,121,1,0.7073170731707317,5.79,113.6,107.7,5.9,99.6,0.5853658536585366,1.48,109.6,108.3,1.3,100.5,0.12195121951219512,4.3100000000000005,4.0,-0.5999999999999943,4.6000000000000005,-0.9000000000000057
2017-18,2018,2018-05-02,Utah Jazz,116,Houston Rockets,108,0,0.7926829268292683,8.21,114.7,106.1,8.6,97.6,0.5853658536585366,4.47,108.4,103.9,4.5,95.7,0.20731707317073178,3.740000000000001,6.299999999999997,2.1999999999999886,4.1,1.8999999999999915
2017-18,2018,2018-05-03,Cleveland Cavaliers,128,Toronto Raptors,110,0,0.7195121951219512,7.29,113.8,105.9,7.9,97.4,0.6097560975609756,0.59,112.9,111.9,1.0,98.0,0.1097560975609756,6.7,0.8999999999999915,-6.0,6.9,-0.5999999999999943
2017-18,2018,2018-05-03,Philadelphia 76ers,103,Boston Celtics,108,1,0.6707317073170732,3.23,107.6,103.9,3.7,96.0,0.6341463414634146,4.3,109.5,105.0,4.5,99.8,0.03658536585365857,-1.0699999999999998,-1.9000000000000057,-1.0999999999999943,-0.7999999999999998,-3.799999999999997
2017-18,2018,2018-05-04,Golden State Warriors,100,New Orleans Pelicans,119,1,0.5853658536585366,1.48,109.6,108.3,1.3,100.5,0.7073170731707317,5.79,113.6,107.7,5.9,99.6,-0.12195121951219512,-4.3100000000000005,-4.0,0.5999999999999943,-4.6000000000000005,0.9000000000000057
2017-18,2018,2018-05-04,Houston Rockets,113,Utah Jazz,92,0,0.5853658536585366,4.47,108.4,103.9,4.5,95.7,0.7926829268292683,8.21,114.7,106.1,8.6,97.6,-0.20731707317073178,-3.740000000000001,-6.299999999999997,-2.1999999999999886,-4.1,-1.8999999999999915
2017-18,2018,2018-05-05,Boston Celtics,101,Philadelphia 76ers,98,0,0.6341463414634146,4.3,109.5,105.0,4.5,99.8,0.6707317073170732,3.23,107.6,103.9,3.7,96.0,-0.03658536585365857,1.0699999999999998,1.9000000000000057,1.0999999999999943,0.7999999999999998,3.799999999999997
2017-18,2018,2018-05-05,Toronto Raptors,103,Cleveland Cavaliers,105,1,0.6097560975609756,0.59,112.9,111.9,1.0,98.0,0.7195121951219512,7.29,113.8,105.9,7.9,97.4,-0.1097560975609756,-6.7,-0.8999999999999915,6.0,-6.9,0.5999999999999943
2017-18,2018,2018-05-06,Golden State Warriors,118,New Orleans Pelicans,92,0,0.5853658536585366,1.48,109.6,108.3,1.3,100.5,0.7073170731707317,5.79,113.6,107.7,5.9,99.6,-0.12195121951219512,-4.3100000000000005,-4.0,0.5999999999999943,-4.6000000000000005,0.9000000000000057
2017-18,2018,2018-05-06,Houston Rockets,100,Utah Jazz,87,0,0.5853658536585366,4.47,108.4,103.9,4.5,95.7,0.7926829268292683,8.21,114.7,106.1,8.6,97.6,-0.20731707317073178,-3.740000000000001,-6.299999999999997,-2.1999999999999886,-4.1,-1.8999999999999915
2017-18,2018,2018-05-07,Boston Celtics,92,Philadelphia 76ers,103,1,0.6341463414634146,4.3,109.5,105.0,4.5,99.8,0.6707317073170732,3.23,107.6,103.9,3.7,96.0,-0.03658536585365857,1.0699999999999998,1.9000000000000057,1.0999999999999943,0.7999999999999998,3.799999999999997
2017-18,2018,2018-05-07,Toronto Raptors,93,Cleveland Cavaliers,128,1,0.6097560975609756,0.59,112.9,111.9,1.0,98.0,0.7195121951219512,7.29,113.8,105.9,7.9,97.4,-0.1097560975609756,-6.7,-0.8999999999999915,6.0,-6.9,0.5999999999999943
2017-18,2018,2018-05-08,Utah Jazz,102,Houston Rockets,112,1,0.7926829268292683,8.21,114.7,106.1,8.6,97.6,0.5853658536585366,4.47,108.4,103.9,4.5,95.7,0.20731707317073178,3.740000000000001,6.299999999999997,2.1999999999999886,4.1,1.8999999999999915
2017-18,2018,2018-05-08,New Orleans Pelicans,104,Golden State Warriors,113,1,0.7073170731707317,5.79,113.6,107.7,5.9,99.6,0.5853658536585366,1.48,109.6,108.3,1.3,100.5,0.12195121951219512,4.3100000000000005,4.0,-0.5999999999999943,4.6000000000000005,-0.9000000000000057
2017-18,2018,2018-05-09,Philadelphia 76ers,112,Boston Celtics,114,1,0.6707317073170732,3.23,107.6,103.9,3.7,96.0,0.6341463414634146,4.3,109.5,105.0,4.5,99.8,0.03658536585365857,-1.0699999999999998,-1.9000000000000057,-1.0999999999999943,-0.7999999999999998,-3.799999999999997
2017-18,2018,2018-05-13,Cleveland Cavaliers,83,Boston Celtics,108,1,0.6707317073170732,3.23,107.6,103.9,3.7,96.0,0.6097560975609756,0.59,112.9,111.9,1.0,98.0,0.060975609756097615,2.64,-5.300000000000011,-8.0,2.7,-2.0
2017-18,2018,2018-05-14,Golden State Warriors,119,Houston Rockets,106,0,0.7926829268292683,8.21,114.7,106.1,8.6,97.6,0.7073170731707317,5.79,113.6,107.7,5.9,99.6,0.08536585365853666,2.420000000000001,1.1000000000000085,-1.6000000000000085,2.6999999999999993,-2.0
2017-18,2018,2018-05-15,Cleveland Cavaliers,94,Boston Celtics,107,1,0.6707317073170732,3.23,107.6,103.9,3.7,96.0,0.6097560975609756,0.59,112.9,111.9,1.0,98.0,0.060975609756097615,2.64,-5.300000000000011,-8.0,2.7,-2.0
2017-18,2018,2018-05-16,Golden State Warriors,105,Houston Rockets,127,1,0.7926829268292683,8.21,114.7,106.1,8.6,97.6,0.7073170731707317,5.79,113.6,107.7,5.9,99.6,0.08536585365853666,2.420000000000001,1.1000000000000085,-1.6000000000000085,2.6999999999999993,-2.0
2017-18,2018,2018-05-19,Boston Celtics,86,Cleveland Cavaliers,116,1,0.6097560975609756,0.59,112.9,111.9,1.0,98.0,0.6707317073170732,3.23,107.6,103.9,3.7,96.0,-0.060975609756097615,-2.64,5.300000000000011,8.0,-2.7,2.0
2017-18,2018,2018-05-20,Houston Rockets,85,Golden State Warriors,126,1,0.7073170731707317,5.79,113.6,107.7,5.9,99.6,0.7926829268292683,8.21,114.7,106.1,8.6,97.6,-0.08536585365853666,-2.420000000000001,-1.1000000000000085,1.6000000000000085,-2.6999999999999993,2.0
2017-18,2018,2018-05-21,Boston Celtics,102,Cleveland Cavaliers,111,1,0.6097560975609756,0.59,112.9,111.9,1.0,98.0,0.6707317073170732,3.23,107.6,103.9,3.7,96.0,-0.060975609756097615,-2.64,5.300000000000011,8.0,-2.7,2.0
2017-18,2018,2018-05-22,Houston Rockets,95,Golden State Warriors,92,0,0.7073170731707317,5.79,113.6,107.7,5.9,99.6,0.7926829268292683,8.21,114.7,106.1,8.6,97.6,-0.08536585365853666,-2.420000000000001,-1.1000000000000085,1.6000000000000085,-2.6999999999999993,2.0
2017-18,2018,2018-05-23,Cleveland Cavaliers,83,Boston Celtics,96,1,0.6707317073170732,3.23,107.6,103.9,3.7,96.0,0.6097560975609756,0.59,112.9,111.9,1.0,98.0,0.060975609756097615,2.64,-5.300000000000011,-8.0,2.7,-2.0
2017-18,2018,2018-05-24,Golden State Warriors,94,Houston Rockets,98,1,0.7926829268292683,8.21,114.7,106.1,8.6,97.6,0.7073170731707317,5.79,113.6,107.7,5.9,99.6,0.08536585365853666,2.420000000000001,1.1000000000000085,-1.6000000000000085,2.6999999999999993,-2.0
2017-18,2018,2018-05-25,Boston Celtics,99,Cleveland Cavaliers,109,1,0.6097560975609756,0.59,112.9,111.9,1.0,98.0,0.6707317073170732,3.23,107.6,103.9,3.7,96.0,-0.060975609756097615,-2.64,5.300000000000011,8.0,-2.7,2.0
2017-18,2018,2018-05-26,Houston Rockets,86,Golden State Warriors,115,1,0.7073170731707317,5.79,113.6,107.7,5.9,99.6,0.7926829268292683,8.21,114.7,106.1,8.6,97.6,-0.08536585365853666,-2.420000000000001,-1.1000000000000085,1.6000000000000085,-2.6999999999999993,2.0
2017-18,2018,2018-05-27,Cleveland Cavaliers,87,Boston Celtics,79,0,0.6707317073170732,3.23,107.6,103.9,3.7,96.0,0.6097560975609756,0.59,112.9,111.9,1.0,98.0,0.060975609756097615,2.64,-5.300000000000011,-8.0,2.7,-2.0
2017-18,2018,2018-05-28,Golden State Warriors,101,Houston Rockets,92,0,0.7926829268292683,8.21,114.7,106.1,8.6,97.6,0.7073170731707317,5.79,113.6,107.7,5.9,99.6,0.08536585365853666,2.420000000000001,1.1000000000000085,-1.6000000000000085,2.6999999999999993,-2.0
2017-18,2018,2018-05-31,Cleveland Cavaliers,114,Golden State Warriors,124,1,0.7073170731707317,5.79,113.6,107.7,5.9,99.6,0.6097560975609756,0.59,112.9,111.9,1.0,98.0,0.09756097560975607,5.2,0.6999999999999886,-4.200000000000003,4.9,1.5999999999999943
2017-18,2018,2018-06-03,Cleveland Cavaliers,103,Golden State Warriors,122,1,0.7073170731707317,5.79,113.6,107.7,5.9,99.6,0.6097560975609756,0.59,112.9,111.9,1.0,98.0,0.09756097560975607,5.2,0.6999999999999886,-4.200000000000003,4.9,1.5999999999999943
2017-18,2018,2018-06-06,Golden State Warriors,110,Cleveland Cavaliers,102,0,0.6097560975609756,0.59,112.9,111.9,1.0,98.0,0.7073170731707317,5.79,113.6,107.7,5.9,99.6,-0.09756097560975607,-5.2,-0.6999999999999886,4.200000000000003,-4.9,-1.5999999999999943
2017-18,2018,2018-06-08,Golden State Warriors,108,Cleveland Cavaliers,85,0,0.6097560975609756,0.59,112.9,111.9,1.0,98.0,0.7073170731707317,5.79,113.6,107.7,5.9,99.6,-0.09756097560975607,-5.2,-0.6999999999999886,4.200000000000003,-4.9,-1.5999999999999943
2018-19,2019,2019-04-13,Brooklyn Nets,111,Philadelphia 76ers,102,0,0.6219512195121951,2.25,112.6,110.0,2.6,101.6,0.5121951219512195,-0.4,109.6,109.7,-0.1,100.8,0.1097560975609756,2.65,3.0,0.29999999999999716,2.7,0.7999999999999972
2018-19,2019,2019-04-13,Orlando Magic,104,Toronto Raptors,101,0,0.7073170731707317,5.49,113.1,107.1,6.0,100.2,0.5121951219512195,0.28,108.9,108.1,0.8,98.1,0.19512195121951215,5.21,4.199999999999989,-1.0,5.2,2.1000000000000085
2018-19,2019,2019-04-13,Los Angeles Clippers,104,Golden State Warriors,121,1,0.6951219512195121,6.42,115.9,109.5,6.4,100.9,0.5853658536585366,1.09,112.4,111.5,0.9,101.7,0.1097560975609756,5.33,3.5,-2.0,5.5,-0.7999999999999972
2018-19,2019,2019-04-13,San Antonio Spurs,101,Denver Nuggets,96,0,0.6585365853658537,4.19,113.0,108.9,4.1,97.7,0.5853658536585366,1.8,112.9,111.2,1.7,98.3,0.07317073170731714,2.3900000000000006,0.09999999999999432,-2.299999999999997,2.3999999999999995,-0.5999999999999943
2018-19,2019,2019-04-14,Indiana Pacers,74,Boston Celtics,84,1,0.5975609756097561,3.9,112.2,107.8,4.4,99.6,0.5853658536585366,2.76,109.9,106.5,3.4,98.1,0.012195121951219523,1.1400000000000001,2.299999999999997,1.2999999999999972,1.0000000000000004,1.5
2018-19,2019,2019-04-14,Oklahoma City Thunder,99,Portland Trail Blazers,104,1,0.6463414634146342,4.43,114.7,110.5,4.2,99.1,0.5975609756097561,3.56,110.3,107.0,3.3,102.8,0.04878048780487809,0.8699999999999997,4.400000000000006,3.5,0.9000000000000004,-3.700000000000003
2018-19,2019,2019-04-14,Detroit Pistons,86,Milwaukee Bucks,121,1,0.7317073170731707,8.04,113.8,105.2,8.6,103.3,0.5,-0.56,109.0,109.2,-0.2,97.4,0.23170731707317072,8.6,4.799999999999997,-4.0,8.799999999999999,5.8999999999999915
2018-19,2019,2019-04-14,Utah Jazz,90,Houston Rockets,122,1,0.6463414634146342,4.96,115.5,110.7,4.8,97.9,0.6097560975609756,5.28,110.9,105.7,5.2,100.3,0.03658536585365857,-0.3200000000000003,4.599999999999994,5.0,-0.40000000000000036,-2.3999999999999915
2018-19,2019,2019-04-15,Brooklyn Nets,123,Philadelphia 76ers,145,1,0.6219512195121951,2.25,112.6,110.0,2.6,101.6,0.5121951219512195,-0.4,109.6,109.7,-0.1,100.8,0.1097560975609756,2.65,3.0,0.29999999999999716,2.7,0.7999999999999972
2018-19,2019,2019-04-15,Los Angeles Clippers,135,Golden State Warriors,131,0,0.6951219512195121,6.42,115.9,109.5,6.4,100.9,0.5853658536585366,1.09,112.4,111.5,0.9,101.7,0.1097560975609756,5.33,3.5,-2.0,5.5,-0.7999999999999972
2018-19,2019,2019-04-16,Orlando Magic,82,Toronto Raptors,111,1,0.7073170731707317,5.49,113.1,107.1,6.0,100.2,0.5121951219512195,0.28,108.9,108.1,0.8,98.1,0.19512195121951215,5.21,4.199999999999989,-1.0,5.2,2.1000000000000085
2018-19,2019,2019-04-16,San Antonio Spurs,105,Denver Nuggets,114,1,0.6585365853658537,4.19,113.0,108.9,4.1,97.7,0.5853658536585366,1.8,112.9,111.2,1.7,98.3,0.07317073170731714,2.3900000000000006,0.09999999999999432,-2.299999999999997,2.3999999999999995,-0.5999999999999943
2018-19,2019,2019-04-16,Oklahoma City Thunder,94,Portland Trail Blazers,114,1,0.6463414634146342,4.43,114.7,110.5,4.2,99.1,0.5975609756097561,3.56,110.3,107.0,3.3,102.8,0.04878048780487809,0.8699999999999997,4.400000000000006,3.5,0.9000000000000004,-3.700000000000003
2018-19,2019,2019-04-17,Indiana Pacers,91,Boston Celtics,99,1,0.5975609756097561,3.9,112.2,107.8,4.4,99.6,0.5853658536585366,2.76,109.9,106.5,3.4,98.1,0.012195121951219523,1.1400000000000001,2.299999999999997,1.2999999999999972,1.0000000000000004,1.5
2018-19,2019,2019-04-17,Detroit Pistons,99,Milwaukee Bucks,120,1,0.7317073170731707,8.04,113.8,105.2,8.6,103.3,0.5,-0.56,109.0,109.2,-0.2,97.4,0.23170731707317072,8.6,4.799999999999997,-4.0,8.799999999999999,5.8999999999999915
2018-19,2019,2019-04-17,Utah Jazz,98,Houston Rockets,118,1,0.6463414634146342,4.96,115.5,110.7,4.8,97.9,0.6097560975609756,5.28,110.9,105.7,5.2,100.3,0.03658536585365857,-0.3200000000000003,4.599999999999994,5.0,-0.40000000000000036,-2.3999999999999915
2018-19,2019,2019-04-18,Philadelphia 76ers,131,Brooklyn Nets,115,0,0.5121951219512195,-0.4,109.6,109.7,-0.1,100.8,0.6219512195121951,2.25,112.6,110.0,2.6,101.6,-0.1097560975609756,-2.65,-3.0,-0.29999999999999716,-2.7,-0.7999999999999972
2018-19,2019,2019-04-18,Denver Nuggets,108,San Antonio Spurs,118,1,0.5853658536585366,1.8,112.9,111.2,1.7,98.3,0.6585365853658537,4.19,113.0,108.9,4.1,97.7,-0.07317073170731714,-2.3900000000000006,-0.09999999999999432,2.299999999999997,-2.3999999999999995,0.5999999999999943
2018-19,2019,2019-04-18,Golden State Warriors,132,Los Angeles Clippers,105,0,0.5853658536585366,1.09,112.4,111.5,0.9,101.7,0.6951219512195121,6.42,115.9,109.5,6.4,100.9,-0.1097560975609756,-5.33,-3.5,2.0,-5.5,0.7999999999999972
2018-19,2019,2019-04-19,Toronto Raptors,98,Orlando Magic,93,0,0.5121951219512195,0.28,108.9,108.1,0.8,98.1,0.7073170731707317,5.49,113.1,107.1,6.0,100.2,-0.19512195121951215,-5.21,-4.199999999999989,1.0,-5.2,-2.1000000000000085
2018-19,2019,2019-04-19,Boston Celtics,104,Indiana Pacers,96,0,0.5853658536585366,2.76,109.9,106.5,3.4,98.1,0.5975609756097561,3.9,112.2,107.8,4.4,99.6,-0.012195121951219523,-1.1400000000000001,-2.299999999999997,-1.2999999999999972,-1.0000000000000004,-1.5
2018-19,2019,2019-04-19,Portland Trail Blazers,108,Oklahoma City Thunder,120,1,0.5975609756097561,3.56,110.3,107.0,3.3,102.8,0.6463414634146342,4.43,114.7,110.5,4.2,99.1,-0.04878048780487809,-0.8699999999999997,-4.400000000000006,-3.5,-0.9000000000000004,3.700000000000003
2018-19,2019,2019-04-20,Philadelphia 76ers,112,Brooklyn Nets,108,0,0.5121951219512195,-0.4,109.6,109.7,-0.1,100.8,0.6219512195121951,2.25,112.6,110.0,2.6,101.6,-0.1097560975609756,-2.65,-3.0,-0.29999999999999716,-2.7,-0.7999999999999972
2018-19,2019,2019-04-20,Denver Nuggets,117,San Antonio Spurs,103,0,0.5853658536585366,1.8,112.9,111.2,1.7,98.3,0.6585365853658537,4.19,113.0,108.9,4.1,97.7,-0.07317073170731714,-2.3900000000000006,-0.09999999999999432,2.299999999999997,-2.3999999999999995,0.5999999999999943
2018-19,2019,2019-04-20,Milwaukee Bucks,119,Detroit Pistons,103,0,0.5,-0.56,109.0,109.2,-0.2,97.4,0.7317073170731707,8.04,113.8,105.2,8.6,103.3,-0.23170731707317072,-8.6,-4.799999999999997,4.0,-8.799999999999999,-5.8999999999999915
2018-19,2019,2019-04-20,Houston Rockets,104,Utah Jazz,101,0,0.6097560975609756,5.28,110.9,105.7,5.2,100.3,0.6463414634146342,4.96,115.5,110.7,4.8,97.9,-0.03658536585365857,0.3200000000000003,-4.599999999999994,-5.0,0.40000000000000036,2.3999999999999915
2018-19,2019,2019-04-21,Boston Celtics,110,Indiana Pacers,106,0,0.5853658536585366,2.76,109.9,106.5,3.4,98.1,0.5975609756097561,3.9,112.2,107.8,4.4,99.6,-0.012195121951219523,-1.1400000000000001,-2.299999999999997,-1.2999999999999972,-1.0000000000000004,-1.5
2018-19,2019,2019-04-21,Golden State Warriors,113,Los Angeles Clippers,105,0,0.5853658536585366,1.09,112.4,111.5,0.9,101.7,0.6951219512195121,6.42,115.9,109.5,6.4,100.9,-0.1097560975609756,-5.33,-3.5,2.0,-5.5,0.7999999999999972
2018-19,2019,2019-04-21,Toronto Raptors,107,Orlando Magic,85,0,0.5121951219512195,0.28,108.9,108.1,0.8,98.1,0.7073170731707317,5.49,113.1,107.1,6.0,100.2,-0.19512195121951215,-5.21,-4.199999999999989,1.0,-5.2,-2.1000000000000085
2018-19,2019,2019-04-21,Portland Trail Blazers,111,Oklahoma City Thunder,98,0,0.5975609756097561,3.56,110.3,107.0,3.3,102.8,0.6463414634146342,4.43,114.7,110.5,4.2,99.1,-0.04878048780487809,-0.8699999999999997,-4.400000000000006,-3.5,-0.9000000000000004,3.700000000000003
2018-19,2019,2019-04-22,Milwaukee Bucks,127,Detroit Pistons,104,0,0.5,-0.56,109.0,109.2,-0.2,97.4,0.7317073170731707,8.04,113.8,105.2,8.6,103.3,-0.23170731707317072,-8.6,-4.799999999999997,4.0,-8.799999999999999,-5.8999999999999915
2018-19,2019,2019-04-22,Houston Rockets,91,Utah Jazz,107,1,0.6097560975609756,5.28,110.9,105.7,5.2,100.3,0.6463414634146342,4.96,115.5,110.7,4.8,97.9,-0.03658536585365857,0.3200000000000003,-4.599999999999994,-5.0,0.40000000000000036,2.3999999999999915
2018-19,2019,2019-04-23,Orlando Magic,96,Toronto Raptors,115,1,0.7073170731707317,5.49,113.1,107.1,6.0,100.2,0.5121951219512195,0.28,108.9,108.1,0.8,98.1,0.19512195121951215,5.21,4.199999999999989,-1.0,5.2,2.1000000000000085
2018-19,2019,2019-04-23,Brooklyn Nets,100,Philadelphia 76ers,122,1,0.6219512195121951,2.25,112.6,110.0,2.6,101.6,0.5121951219512195,-0.4,109.6,109.7,-0.1,100.8,0.1097560975609756,2.65,3.0,0.29999999999999716,2.7,0.7999999999999972
2018-19,2019,2019-04-23,San Antonio Spurs,90,Denver Nuggets,108,1,0.6585365853658537,4.19,113.0,108.9,4.1,97.7,0.5853658536585366,1.8,112.9,111.2,1.7,98.3,0.07317073170731714,2.3900000000000006,0.09999999999999432,-2.299999999999997,2.3999999999999995,-0.5999999999999943
2018-19,2019,2019-04-23,Oklahoma City Thunder,115,Portland Trail Blazers,118,1,0.6463414634146342,4.43,114.7,110.5,4.2,99.1,0.5975609756097561,3.56,110.3,107.0,3.3,102.8,0.04878048780487809,0.8699999999999997,4.400000000000006,3.5,0.9000000000000004,-3.700000000000003
2018-19,2019,2019-04-24,Utah Jazz,93,Houston Rockets,100,1,0.6463414634146342,4.96,115.5,110.7,4.8,97.9,0.6097560975609756,5.28,110.9,105.7,5.2,100.3,0.03658536585365857,-0.3200000000000003,4.599999999999994,5.0,-0.40000000000000036,-2.3999999999999915
2018-19,2019,2019-04-24,Los Angeles Clippers,129,Golden State Warriors,121,0,0.6951219512195121,6.42,115.9,109.5,6.4,100.9,0.5853658536585366,1.09,112.4,111.5,0.9,101.7,0.1097560975609756,5.33,3.5,-2.0,5.5,-0.7999999999999972
2018-19,2019,2019-04-25,Denver Nuggets,103,San Antonio Spurs,120,1,0.5853658536585366,1.8,112.9,111.2,1.7,98.3,0.6585365853658537,4.19,113.0,108.9,4.1,97.7,-0.07317073170731714,-2.3900000000000006,-0.09999999999999432,2.299999999999997,-2.3999999999999995,0.5999999999999943
2018-19,2019,2019-04-26,Golden State Warriors,129,Los Angeles Clippers,110,0,0.5853658536585366,1.09,112.4,111.5,0.9,101.7,0.6951219512195121,6.42,115.9,109.5,6.4,100.9,-0.1097560975609756,-5.33,-3.5,2.0,-5.5,0.7999999999999972
2018-19,2019,2019-04-27,Philadelphia 76ers,95,Toronto Raptors,108,1,0.7073170731707317,5.49,113.1,107.1,6.0,100.2,0.6219512195121951,2.25,112.6,110.0,2.6,101.6,0.08536585365853655,3.24,0.5,-2.9000000000000057,3.4,-1.3999999999999915
2018-19,2019,2019-04-27,San Antonio Spurs,86,Denver Nuggets,90,1,0.6585365853658537,4.19,113.0,108.9,4.1,97.7,0.5853658536585366,1.8,112.9,111.2,1.7,98.3,0.07317073170731714,2.3900000000000006,0.09999999999999432,-2.299999999999997,2.3999999999999995,-0.5999999999999943
2018-19,2019,2019-04-28,Boston Celtics,112,Milwaukee Bucks,90,0,0.7317073170731707,8.04,113.8,105.2,8.6,103.3,0.5975609756097561,3.9,112.2,107.8,4.4,99.6,0.13414634146341464,4.139999999999999,1.5999999999999943,-2.5999999999999943,4.199999999999999,3.700000000000003
2018-19,2019,2019-04-28,Houston Rockets,100,Golden State Warriors,104,1,0.6951219512195121,6.42,115.9,109.5,6.4,100.9,0.6463414634146342,4.96,115.5,110.7,4.8,97.9,0.04878048780487798,1.46,0.4000000000000057,-1.2000000000000028,1.6000000000000005,3.0
2018-19,2019,2019-04-29,Philadelphia 76ers,94,Toronto Raptors,89,0,0.7073170731707317,5.49,113.1,107.1,6.0,100.2,0.6219512195121951,2.25,112.6,110.0,2.6,101.6,0.08536585365853655,3.24,0.5,-2.9000000000000057,3.4,-1.3999999999999915
2018-19,2019,2019-04-29,Portland Trail Blazers,113,Denver Nuggets,121,1,0.6585365853658537,4.19,113.0,108.9,4.1,97.7,0.6463414634146342,4.43,114.7,110.5,4.2,99.1,0.012195121951219523,-0.23999999999999932,-1.7000000000000028,-1.5999999999999943,-0.10000000000000053,-1.3999999999999915
2018-19,2019,2019-04-30,Boston Celtics,102,Milwaukee Bucks,123,1,0.7317073170731707,8.04,113.8,105.2,8.6,103.3,0.5975609756097561,3.9,112.2,107.8,4.4,99.6,0.13414634146341464,4.139999999999999,1.5999999999999943,-2.5999999999999943,4.199999999999999,3.700000000000003
2018-19,2019,2019-04-30,Houston Rockets,109,Golden State Warriors,115,1,0.6951219512195121,6.42,115.9,109.5,6.4,100.9,0.6463414634146342,4.96,115.5,110.7,4.8,97.9,0.04878048780487798,1.46,0.4000000000000057,-1.2000000000000028,1.6000000000000005,3.0
2018-19,2019,2019-05-01,Portland Trail Blazers,97,Denver Nuggets,90,0,0.6585365853658537,4.19,113.0,108.9,4.1,97.7,0.6463414634146342,4.43,114.7,110.5,4.2,99.1,0.012195121951219523,-0.23999999999999932,-1.7000000000000028,-1.5999999999999943,-0.10000000000000053,-1.3999999999999915
2018-19,2019,2019-05-02,Toronto Raptors,95,Philadelphia 76ers,116,1,0.6219512195121951,2.25,112.6,110.0,2.6,101.6,0.7073170731707317,5.49,113.1,107.1,6.0,100.2,-0.08536585365853655,-3.24,-0.5,2.9000000000000057,-3.4,1.3999999999999915
2018-19,2019,2019-05-03,Milwaukee Bucks,123,Boston Celtics,116,0,0.5975609756097561,3.9,112.2,107.8,4.4,99.6,0.7317073170731707,8.04,113.8,105.2,8.6,103.3,-0.13414634146341464,-4.139999999999999,-1.5999999999999943,2.5999999999999943,-4.199999999999999,-3.700000000000003
2018-19,2019,2019-05-03,Denver Nuggets,137,Portland Trail Blazers,140,1,0.6463414634146342,4.43,114.7,110.5,4.2,99.1,0.6585365853658537,4.19,113.0,108.9,4.1,97.7,-0.012195121951219523,0.23999999999999932,1.7000000000000028,1.5999999999999943,0.10000000000000053,1.3999999999999915
2018-19,2019,2019-05-04,Golden State Warriors,121,Houston Rockets,126,1,0.6463414634146342,4.96,115.5,110.7,4.8,97.9,0.6951219512195121,6.42,115.9,109.5,6.4,100.9,-0.04878048780487798,-1.46,-0.4000000000000057,1.2000000000000028,-1.6000000000000005,-3.0
2018-19,2019,2019-05-05,Toronto Raptors,101,Philadelphia 76ers,96,0,0.6219512195121951,2.25,112.6,110.0,2.6,101.6,0.7073170731707317,5.49,113.1,107.1,6.0,100.2,-0.08536585365853655,-3.24,-0.5,2.9000000000000057,-3.4,1.3999999999999915
2018-19,2019,2019-05-05,Denver Nuggets,116,Portland Trail Blazers,112,0,0.6463414634146342,4.43,114.7,110.5,4.2,99.1,0.6585365853658537,4.19,113.0,108.9,4.1,97.7,-0.012195121951219523,0.23999999999999932,1.7000000000000028,1.5999999999999943,0.10000000000000053,1.3999999999999915
2018-19,2019,2019-05-06,Milwaukee Bucks,113,Boston Celtics,101,0,0.5975609756097561,3.9,112.2,107.8,4.4,99.6,0.7317073170731707,8.04,113.8,105.2,8.6,103.3,-0.13414634146341464,-4.139999999999999,-1.5999999999999943,2.5999999999999943,-4.199999999999999,-3.700000000000003
2018-19,2019,2019-05-06,Golden State Warriors,108,Houston Rockets,112,1,0.6463414634146342,4.96,115.5,110.7,4.8,97.9,0.6951219512195121,6.42,115.9,109.5,6.4,100.9,-0.04878048780487798,-1.46,-0.4000000000000057,1.2000000000000028,-1.6000000000000005,-3.0
2018-19,2019,2019-05-07,Philadelphia 76ers,89,Toronto Raptors,125,1,0.7073170731707317,5.49,113.1,107.1,6.0,100.2,0.6219512195121951,2.25,112.6,110.0,2.6,101.6,0.08536585365853655,3.24,0.5,-2.9000000000000057,3.4,-1.3999999999999915
2018-19,2019,2019-05-07,Portland Trail Blazers,98,Denver Nuggets,124,1,0.6585365853658537,4.19,113.0,108.9,4.1,97.7,0.6463414634146342,4.43,114.7,110.5,4.2,99.1,0.012195121951219523,-0.23999999999999932,-1.7000000000000028,-1.5999999999999943,-0.10000000000000053,-1.3999999999999915
2018-19,2019,2019-05-08,Boston Celtics,91,Milwaukee Bucks,116,1,0.7317073170731707,8.04,113.8,105.2,8.6,103.3,0.5975609756097561,3.9,112.2,107.8,4.4,99.6,0.13414634146341464,4.139999999999999,1.5999999999999943,-2.5999999999999943,4.199999999999999,3.700000000000003
2018-19,2019,2019-05-08,Houston Rockets,99,Golden State Warriors,104,1,0.6951219512195121,6.42,115.9,109.5,6.4,100.9,0.6463414634146342,4.96,115.5,110.7,4.8,97.9,0.04878048780487798,1.46,0.4000000000000057,-1.2000000000000028,1.6000000000000005,3.0
2018-19,2019,2019-05-09,Toronto Raptors,101,Philadelphia 76ers,112,1,0.6219512195121951,2.25,112.6,110.0,2.6,101.6,0.7073170731707317,5.49,113.1,107.1,6.0,100.2,-0.08536585365853655,-3.24,-0.5,2.9000000000000057,-3.4,1.3999999999999915
2018-19,2019,2019-05-09,Denver Nuggets,108,Portland Trail Blazers,119,1,0.6463414634146342,4.43,114.7,110.5,4.2,99.1,0.6585365853658537,4.19,113.0,108.9,4.1,97.7,-0.012195121951219523,0.23999999999999932,1.7000000000000028,1.5999999999999943,0.10000000000000053,1.3999999999999915
2018-19,2019,2019-05-10,Golden State Warriors,118,Houston Rockets,113,0,0.6463414634146342,4.96,115.5,110.7,4.8,97.9,0.6951219512195121,6.42,115.9,109.5,6.4,100.9,-0.04878048780487798,-1.46,-0.4000000000000057,1.2000000000000028,-1.6000000000000005,-3.0
2018-19,2019,2019-05-12,Portland Trail Blazers,100,Denver Nuggets,96,0,0.6585365853658537,4.19,113.0,108.9,4.1,97.7,0.6463414634146342,4.43,114.7,110.5,4.2,99.1,0.012195121951219523,-0.23999999999999932,-1.7000000000000028,-1.5999999999999943,-0.10000000000000053,-1.3999999999999915
2018-19,2019,2019-05-12,Philadelphia 76ers,90,Toronto Raptors,92,1,0.7073170731707317,5.49,113.1,107.1,6.0,100.2,0.6219512195121951,2.25,112.6,110.0,2.6,101.6,0.08536585365853655,3.24,0.5,-2.9000000000000057,3.4,-1.3999999999999915
2018-19,2019,2019-05-14,Portland Trail Blazers,94,Golden State Warriors,116,1,0.6951219512195121,6.42,115.9,109.5,6.4,100.9,0.6463414634146342,4.43,114.7,110.5,4.2,99.1,0.04878048780487798,1.9900000000000002,1.2000000000000028,-1.0,2.2,1.8000000000000114
2018-19,2019,2019-05-15,Toronto Raptors,100,Milwaukee Bucks,108,1,0.7317073170731707,8.04,113.8,105.2,8.6,103.3,0.7073170731707317,5.49,113.1,107.1,6.0,100.2,0.024390243902439046,2.549999999999999,0.7000000000000028,-1.8999999999999915,2.5999999999999996,3.0999999999999943
2018-19,2019,2019-05-16,Portland Trail Blazers,111,Golden State Warriors,114,1,0.6951219512195121,6.42,115.9,109.5,6.4,100.9,0.6463414634146342,4.43,114.7,110.5,4.2,99.1,0.04878048780487798,1.9900000000000002,1.2000000000000028,-1.0,2.2,1.8000000000000114
2018-19,2019,2019-05-17,Toronto Raptors,103,Milwaukee Bucks,125,1,0.7317073170731707,8.04,113.8,105.2,8.6,103.3,0.7073170731707317,5.49,113.1,107.1,6.0,100.2,0.024390243902439046,2.549999999999999,0.7000000000000028,-1.8999999999999915,2.5999999999999996,3.0999999999999943
2018-19,2019,2019-05-18,Golden State Warriors,110,Portland Trail Blazers,99,0,0.6463414634146342,4.43,114.7,110.5,4.2,99.1,0.6951219512195121,6.42,115.9,109.5,6.4,100.9,-0.04878048780487798,-1.9900000000000002,-1.2000000000000028,1.0,-2.2,-1.8000000000000114
2018-19,2019,2019-05-19,Milwaukee Bucks,112,Toronto Raptors,118,1,0.7073170731707317,5.49,113.1,107.1,6.0,100.2,0.7317073170731707,8.04,113.8,105.2,8.6,103.3,-0.024390243902439046,-2.549999999999999,-0.7000000000000028,1.8999999999999915,-2.5999999999999996,-3.0999999999999943
2018-19,2019,2019-05-20,Golden State Warriors,119,Portland Trail Blazers,117,0,0.6463414634146342,4.43,114.7,110.5,4.2,99.1,0.6951219512195121,6.42,115.9,109.5,6.4,100.9,-0.04878048780487798,-1.9900000000000002,-1.2000000000000028,1.0,-2.2,-1.8000000000000114
2018-19,2019,2019-05-21,Milwaukee Bucks,102,Toronto Raptors,120,1,0.7073170731707317,5.49,113.1,107.1,6.0,100.2,0.7317073170731707,8.04,113.8,105.2,8.6,103.3,-0.024390243902439046,-2.549999999999999,-0.7000000000000028,1.8999999999999915,-2.5999999999999996,-3.0999999999999943
2018-19,2019,2019-05-23,Toronto Raptors,105,Milwaukee Bucks,99,0,0.7317073170731707,8.04,113.8,105.2,8.6,103.3,0.7073170731707317,5.49,113.1,107.1,6.0,100.2,0.024390243902439046,2.549999999999999,0.7000000000000028,-1.8999999999999915,2.5999999999999996,3.0999999999999943
2018-19,2019,2019-05-25,Milwaukee Bucks,94,Toronto Raptors,100,1,0.7073170731707317,5.49,113.1,107.1,6.0,100.2,0.7317073170731707,8.04,113.8,105.2,8.6,103.3,-0.024390243902439046,-2.549999999999999,-0.7000000000000028,1.8999999999999915,-2.5999999999999996,-3.0999999999999943
2018-19,2019,2019-05-30,Golden State Warriors,109,Toronto Raptors,118,1,0.7073170731707317,5.49,113.1,107.1,6.0,100.2,0.6951219512195121,6.42,115.9,109.5,6.4,100.9,0.012195121951219523,-0.9299999999999997,-2.8000000000000114,-2.4000000000000057,-0.40000000000000036,-0.7000000000000028
2018-19,2019,2019-06-02,Golden State Warriors,109,Toronto Raptors,104,0,0.7073170731707317,5.49,113.1,107.1,6.0,100.2,0.6951219512195121,6.42,115.9,109.5,6.4,100.9,0.012195121951219523,-0.9299999999999997,-2.8000000000000114,-2.4000000000000057,-0.40000000000000036,-0.7000000000000028
2018-19,2019,2019-06-05,Toronto Raptors,123,Golden State Warriors,109,0,0.6951219512195121,6.42,115.9,109.5,6.4,100.9,0.7073170731707317,5.49,113.1,107.1,6.0,100.2,-0.012195121951219523,0.9299999999999997,2.8000000000000114,2.4000000000000057,0.40000000000000036,0.7000000000000028
2018-19,2019,2019-06-07,Toronto Raptors,105,Golden State Warriors,92,0,0.6951219512195121,6.42,115.9,109.5,6.4,100.9,0.7073170731707317,5.49,113.1,107.1,6.0,100.2,-0.012195121951219523,0.9299999999999997,2.8000000000000114,2.4000000000000057,0.40000000000000036,0.7000000000000028
2018-19,2019,2019-06-10,Golden State Warriors,106,Toronto Raptors,105,0,0.7073170731707317,5.49,113.1,107.1,6.0,100.2,0.6951219512195121,6.42,115.9,109.5,6.4,100.9,0.012195121951219523,-0.9299999999999997,-2.8000000000000114,-2.4000000000000057,-0.40000000000000036,-0.7000000000000028
2018-19,2019,2019-06-13,Toronto Raptors,114,Golden State Warriors,110,0,0.6951219512195121,6.42,115.9,109.5,6.4,100.9,0.7073170731707317,5.49,113.1,107.1,6.0,100.2,-0.012195121951219523,0.9299999999999997,2.8000000000000114,2.4000000000000057,0.40000000000000036,0.7000000000000028
2019-20,2020,2020-08-17,Utah Jazz,125,Denver Nuggets,135,1,0.6301369863013698,2.35,113.1,111.0,2.1,97.1,0.6111111111111112,2.52,112.3,109.9,2.4,98.6,0.019025875190258668,-0.16999999999999993,0.7999999999999972,1.0999999999999943,-0.2999999999999998,-1.5
2019-20,2020,2020-08-17,Brooklyn Nets,110,Toronto Raptors,134,1,0.7361111111111112,5.97,111.1,105.0,6.1,100.9,0.4861111111111111,-1.01,108.9,109.5,-0.6,101.4,0.25000000000000006,6.9799999999999995,2.1999999999999886,-4.5,6.699999999999999,-0.5
2019-20,2020,2020-08-17,Philadelphia 76ers,101,Boston Celtics,109,1,0.6666666666666666,5.83,113.3,107.0,6.3,99.5,0.589041095890411,2.25,111.3,109.0,2.3,99.0,0.07762557077625565,3.58,2.0,-2.0,4.0,0.5
2019-20,2020,2020-08-17,Dallas Mavericks,110,Los Angeles Clippers,118,1,0.6805555555555556,6.66,113.9,107.6,6.3,101.5,0.5733333333333334,4.87,116.7,111.7,5.0,99.3,0.10722222222222222,1.79,-2.799999999999997,-4.1000000000000085,1.2999999999999998,2.200000000000003
2019-20,2020,2020-08-18,Orlando Magic,122,Milwaukee Bucks,110,0,0.7671232876712328,9.41,112.4,102.9,9.5,105.1,0.4520547945205479,-0.93,108.5,109.5,-1.0,98.6,0.3150684931506849,10.34,3.9000000000000057,-6.599999999999994,10.5,6.5
2019-20,2020,2020-08-18,Miami Heat,113,Indiana Pacers,101,0,0.6164383561643836,1.63,110.0,108.0,2.0,98.9,0.6027397260273972,2.59,112.5,109.5,3.0,98.3,0.013698630136986356,-0.96,-2.5,-1.5,-1.0,0.6000000000000085
2019-20,2020,2020-08-18,Oklahoma City Thunder,108,Houston Rockets,123,1,0.6111111111111112,3.13,112.9,110.1,2.8,103.7,0.6111111111111112,2.33,110.8,108.8,2.0,98.8,0.0,0.7999999999999998,2.1000000000000085,1.2999999999999972,0.7999999999999998,4.900000000000006
2019-20,2020,2020-08-18,Portland Trail Blazers,100,Los Angeles Lakers,93,0,0.7323943661971831,6.28,112.0,106.3,5.7,100.9,0.47297297297297297,-0.61,113.7,114.8,-1.1,100.7,0.25942139322421015,6.890000000000001,-1.7000000000000028,-8.5,6.800000000000001,0.20000000000000284
2019-20,2020,2020-08-19,Brooklyn Nets,99,Toronto Raptors,104,1,0.7361111111111112,5.97,111.1,105.0,6.1,100.9,0.4861111111111111,-1.01,108.9,109.5,-0.6,101.4,0.25000000000000006,6.9799999999999995,2.1999999999999886,-4.5,6.699999999999999,-0.5
2019-20,2020,2020-08-19,Utah Jazz,124,Denver Nuggets,105,0,0.6301369863013698,2.35,113.1,111.0,2.1,97.1,0.6111111111111112,2.52,112.3,109.9,2.4,98.6,0.019025875190258668,-0.16999999999999993,0.7999999999999972,1.0999999999999943,-0.2999999999999998,-1.5
2019-20,2020,2020-08-19,Philadelphia 76ers,101,Boston Celtics,128,1,0.6666666666666666,5.83,113.3,107.0,6.3,99.5,0.589041095890411,2.25,111.3,109.0,2.3,99.0,0.07762557077625565,3.58,2.0,-2.0,4.0,0.5
2019-20,2020,2020-08-19,Dallas Mavericks,127,Los Angeles Clippers,114,0,0.6805555555555556,6.66,113.9,107.6,6.3,101.5,0.5733333333333334,4.87,116.7,111.7,5.0,99.3,0.10722222222222222,1.79,-2.799999999999997,-4.1000000000000085,1.2999999999999998,2.200000000000003
2019-20,2020,2020-08-20,Miami Heat,109,Indiana Pacers,100,0,0.6164383561643836,1.63,110.0,108.0,2.0,98.9,0.6027397260273972,2.59,112.5,109.5,3.0,98.3,0.013698630136986356,-0.96,-2.5,-1.5,-1.0,0.6000000000000085
2019-20,2020,2020-08-20,Oklahoma City Thunder,98,Houston Rockets,111,1,0.6111111111111112,3.13,112.9,110.1,2.8,103.7,0.6111111111111112,2.33,110.8,108.8,2.0,98.8,0.0,0.7999999999999998,2.1000000000000085,1.2999999999999972,0.7999999999999998,4.900000000000006
2019-20,2020,2020-08-20,Orlando Magic,96,Milwaukee Bucks,111,1,0.7671232876712328,9.41,112.4,102.9,9.5,105.1,0.4520547945205479,-0.93,108.5,109.5,-1.0,98.6,0.3150684931506849,10.34,3.9000000000000057,-6.599999999999994,10.5,6.5
2019-20,2020,2020-08-20,Portland Trail Blazers,88,Los Angeles Lakers,111,1,0.7323943661971831,6.28,112.0,106.3,5.7,100.9,0.47297297297297297,-0.61,113.7,114.8,-1.1,100.7,0.25942139322421015,6.890000000000001,-1.7000000000000028,-8.5,6.800000000000001,0.20000000000000284
2019-20,2020,2020-08-21,Toronto Raptors,117,Brooklyn Nets,92,0,0.4861111111111111,-1.01,108.9,109.5,-0.6,101.4,0.7361111111111112,5.97,111.1,105.0,6.1,100.9,-0.25000000000000006,-6.9799999999999995,-2.1999999999999886,4.5,-6.699999999999999,0.5
2019-20,2020,2020-08-21,Denver Nuggets,87,Utah Jazz,124,1,0.6111111111111112,2.52,112.3,109.9,2.4,98.6,0.6301369863013698,2.35,113.1,111.0,2.1,97.1,-0.019025875190258668,0.16999999999999993,-0.7999999999999972,-1.0999999999999943,0.2999999999999998,1.5
2019-20,2020,2020-08-21,Boston Celtics,102,Philadelphia 76ers,94,0,0.589041095890411,2.25,111.3,109.0,2.3,99.0,0.6666666666666666,5.83,113.3,107.0,6.3,99.5,-0.07762557077625565,-3.58,-2.0,2.0,-4.0,-0.5
2019-20,2020,2020-08-21,Los Angeles Clippers,130,Dallas Mavericks,122,0,0.5733333333333334,4.87,116.7,111.7,5.0,99.3,0.6805555555555556,6.66,113.9,107.6,6.3,101.5,-0.10722222222222222,-1.79,2.799999999999997,4.1000000000000085,-1.2999999999999998,-2.200000000000003
2019-20,2020,2020-08-22,Milwaukee Bucks,121,Orlando Magic,107,0,0.4520547945205479,-0.93,108.5,109.5,-1.0,98.6,0.7671232876712328,9.41,112.4,102.9,9.5,105.1,-0.3150684931506849,-10.34,-3.9000000000000057,6.599999999999994,-10.5,-6.5
2019-20,2020,2020-08-22,Indiana Pacers,115,Miami Heat,124,1,0.6027397260273972,2.59,112.5,109.5,3.0,98.3,0.6164383561643836,1.63,110.0,108.0,2.0,98.9,-0.013698630136986356,0.96,2.5,1.5,1.0,-0.6000000000000085
2019-20,2020,2020-08-22,Houston Rockets,107,Oklahoma City Thunder,119,1,0.6111111111111112,2.33,110.8,108.8,2.0,98.8,0.6111111111111112,3.13,112.9,110.1,2.8,103.7,0.0,-0.7999999999999998,-2.1000000000000085,-1.2999999999999972,-0.7999999999999998,-4.900000000000006
2019-20,2020,2020-08-22,Los Angeles Lakers,116,Portland Trail Blazers,108,0,0.47297297297297297,-0.61,113.7,114.8,-1.1,100.7,0.7323943661971831,6.28,112.0,106.3,5.7,100.9,-0.25942139322421015,-6.890000000000001,1.7000000000000028,8.5,-6.800000000000001,-0.20000000000000284
2019-20,2020,2020-08-23,Boston Celtics,110,Philadelphia 76ers,106,0,0.589041095890411,2.25,111.3,109.0,2.3,99.0,0.6666666666666666,5.83,113.3,107.0,6.3,99.5,-0.07762557077625565,-3.58,-2.0,2.0,-4.0,-0.5
2019-20,2020,2020-08-23,Los Angeles Clippers,133,Dallas Mavericks,135,1,0.5733333333333334,4.87,116.7,111.7,5.0,99.3,0.6805555555555556,6.66,113.9,107.6,6.3,101.5,-0.10722222222222222,-1.79,2.799999999999997,4.1000000000000085,-1.2999999999999998,-2.200000000000003
2019-20,2020,2020-08-23,Toronto Raptors,150,Brooklyn Nets,122,0,0.4861111111111111,-1.01,108.9,109.5,-0.6,101.4,0.7361111111111112,5.97,111.1,105.0,6.1,100.9,-0.25000000000000006,-6.9799999999999995,-2.1999999999999886,4.5,-6.699999999999999,0.5
2019-20,2020,2020-08-23,Denver Nuggets,127,Utah Jazz,129,1,0.6111111111111112,2.52,112.3,109.9,2.4,98.6,0.6301369863013698,2.35,113.1,111.0,2.1,97.1,-0.019025875190258668,0.16999999999999993,-0.7999999999999972,-1.0999999999999943,0.2999999999999998,1.5
2019-20,2020,2020-08-24,Milwaukee Bucks,121,Orlando Magic,106,0,0.4520547945205479,-0.93,108.5,109.5,-1.0,98.6,0.7671232876712328,9.41,112.4,102.9,9.5,105.1,-0.3150684931506849,-10.34,-3.9000000000000057,6.599999999999994,-10.5,-6.5
2019-20,2020,2020-08-24,Houston Rockets,114,Oklahoma City Thunder,117,1,0.6111111111111112,2.33,110.8,108.8,2.0,98.8,0.6111111111111112,3.13,112.9,110.1,2.8,103.7,0.0,-0.7999999999999998,-2.1000000000000085,-1.2999999999999972,-0.7999999999999998,-4.900000000000006
2019-20,2020,2020-08-24,Indiana Pacers,87,Miami Heat,99,1,0.6027397260273972,2.59,112.5,109.5,3.0,98.3,0.6164383561643836,1.63,110.0,108.0,2.0,98.9,-0.013698630136986356,0.96,2.5,1.5,1.0,-0.6000000000000085
2019-20,2020,2020-08-24,Los Angeles Lakers,135,Portland Trail Blazers,115,0,0.47297297297297297,-0.61,113.7,114.8,-1.1,100.7,0.7323943661971831,6.28,112.0,106.3,5.7,100.9,-0.25942139322421015,-6.890000000000001,1.7000000000000028,8.5,-6.800000000000001,-0.20000000000000284
2019-20,2020,2020-08-25,Utah Jazz,107,Denver Nuggets,117,1,0.6301369863013698,2.35,113.1,111.0,2.1,97.1,0.6111111111111112,2.52,112.3,109.9,2.4,98.6,0.019025875190258668,-0.16999999999999993,0.7999999999999972,1.0999999999999943,-0.2999999999999998,-1.5
2019-20,2020,2020-08-25,Dallas Mavericks,111,Los Angeles Clippers,154,1,0.6805555555555556,6.66,113.9,107.6,6.3,101.5,0.5733333333333334,4.87,116.7,111.7,5.0,99.3,0.10722222222222222,1.79,-2.799999999999997,-4.1000000000000085,1.2999999999999998,2.200000000000003
2019-20,2020,2020-08-29,Orlando Magic,104,Milwaukee Bucks,118,1,0.7671232876712328,9.41,112.4,102.9,9.5,105.1,0.4520547945205479,-0.93,108.5,109.5,-1.0,98.6,0.3150684931506849,10.34,3.9000000000000057,-6.599999999999994,10.5,6.5
2019-20,2020,2020-08-29,Oklahoma City Thunder,80,Houston Rockets,114,1,0.6111111111111112,3.13,112.9,110.1,2.8,103.7,0.6111111111111112,2.33,110.8,108.8,2.0,98.8,0.0,0.7999999999999998,2.1000000000000085,1.2999999999999972,0.7999999999999998,4.900000000000006
2019-20,2020,2020-08-29,Portland Trail Blazers,122,Los Angeles Lakers,131,1,0.7323943661971831,6.28,112.0,106.3,5.7,100.9,0.47297297297297297,-0.61,113.7,114.8,-1.1,100.7,0.25942139322421015,6.890000000000001,-1.7000000000000028,-8.5,6.800000000000001,0.20000000000000284
2019-20,2020,2020-08-30,Boston Celtics,112,Toronto Raptors,94,0,0.7361111111111112,5.97,111.1,105.0,6.1,100.9,0.6666666666666666,5.83,113.3,107.0,6.3,99.5,0.06944444444444453,0.13999999999999968,-2.200000000000003,-2.0,-0.20000000000000018,1.4000000000000057
2019-20,2020,2020-08-30,Los Angeles Clippers,111,Dallas Mavericks,97,0,0.5733333333333334,4.87,116.7,111.7,5.0,99.3,0.6805555555555556,6.66,113.9,107.6,6.3,101.5,-0.10722222222222222,-1.79,2.799999999999997,4.1000000000000085,-1.2999999999999998,-2.200000000000003
2019-20,2020,2020-08-30,Denver Nuggets,119,Utah Jazz,107,0,0.6111111111111112,2.52,112.3,109.9,2.4,98.6,0.6301369863013698,2.35,113.1,111.0,2.1,97.1,-0.019025875190258668,0.16999999999999993,-0.7999999999999972,-1.0999999999999943,0.2999999999999998,1.5
2019-20,2020,2020-08-31,Miami Heat,115,Milwaukee Bucks,104,0,0.7671232876712328,9.41,112.4,102.9,9.5,105.1,0.6027397260273972,2.59,112.5,109.5,3.0,98.3,0.1643835616438356,6.82,-0.09999999999999432,-6.599999999999994,6.5,6.799999999999997
2019-20,2020,2020-08-31,Houston Rockets,100,Oklahoma City Thunder,104,1,0.6111111111111112,2.33,110.8,108.8,2.0,98.8,0.6111111111111112,3.13,112.9,110.1,2.8,103.7,0.0,-0.7999999999999998,-2.1000000000000085,-1.2999999999999972,-0.7999999999999998,-4.900000000000006
2019-20,2020,2020-09-01,Boston Celtics,102,Toronto Raptors,99,0,0.7361111111111112,5.97,111.1,105.0,6.1,100.9,0.6666666666666666,5.83,113.3,107.0,6.3,99.5,0.06944444444444453,0.13999999999999968,-2.200000000000003,-2.0,-0.20000000000000018,1.4000000000000057
2019-20,2020,2020-09-01,Utah Jazz,78,Denver Nuggets,80,1,0.6301369863013698,2.35,113.1,111.0,2.1,97.1,0.6111111111111112,2.52,112.3,109.9,2.4,98.6,0.019025875190258668,-0.16999999999999993,0.7999999999999972,1.0999999999999943,-0.2999999999999998,-1.5
2019-20,2020,2020-09-02,Miami Heat,116,Milwaukee Bucks,114,0,0.7671232876712328,9.41,112.4,102.9,9.5,105.1,0.6027397260273972,2.59,112.5,109.5,3.0,98.3,0.1643835616438356,6.82,-0.09999999999999432,-6.599999999999994,6.5,6.799999999999997
2019-20,2020,2020-09-02,Oklahoma City Thunder,102,Houston Rockets,104,1,0.6111111111111112,3.13,112.9,110.1,2.8,103.7,0.6111111111111112,2.33,110.8,108.8,2.0,98.8,0.0,0.7999999999999998,2.1000000000000085,1.2999999999999972,0.7999999999999998,4.900000000000006
2019-20,2020,2020-09-03,Toronto Raptors,104,Boston Celtics,103,0,0.6666666666666666,5.83,113.3,107.0,6.3,99.5,0.7361111111111112,5.97,111.1,105.0,6.1,100.9,-0.06944444444444453,-0.13999999999999968,2.200000000000003,2.0,0.20000000000000018,-1.4000000000000057
2019-20,2020,2020-09-03,Denver Nuggets,97,Los Angeles Clippers,120,1,0.6805555555555556,6.66,113.9,107.6,6.3,101.5,0.6301369863013698,2.35,113.1,111.0,2.1,97.1,0.05041856925418575,4.3100000000000005,0.8000000000000114,-3.4000000000000057,4.199999999999999,4.400000000000006
2019-20,2020,2020-09-04,Milwaukee Bucks,100,Miami Heat,115,1,0.6027397260273972,2.59,112.5,109.5,3.0,98.3,0.7671232876712328,9.41,112.4,102.9,9.5,105.1,-0.1643835616438356,-6.82,0.09999999999999432,6.599999999999994,-6.5,-6.799999999999997
2019-20,2020,2020-09-04,Houston Rockets,112,Los Angeles Lakers,97,0,0.7323943661971831,6.28,112.0,106.3,5.7,100.9,0.6111111111111112,3.13,112.9,110.1,2.8,103.7,0.12128325508607196,3.1500000000000004,-0.9000000000000057,-3.799999999999997,2.9000000000000004,-2.799999999999997
2019-20,2020,2020-09-05,Toronto Raptors,100,Boston Celtics,93,0,0.6666666666666666,5.83,113.3,107.0,6.3,99.5,0.7361111111111112,5.97,111.1,105.0,6.1,100.9,-0.06944444444444453,-0.13999999999999968,2.200000000000003,2.0,0.20000000000000018,-1.4000000000000057
2019-20,2020,2020-09-05,Denver Nuggets,110,Los Angeles Clippers,101,0,0.6805555555555556,6.66,113.9,107.6,6.3,101.5,0.6301369863013698,2.35,113.1,111.0,2.1,97.1,0.05041856925418575,4.3100000000000005,0.8000000000000114,-3.4000000000000057,4.199999999999999,4.400000000000006
2019-20,2020,2020-09-06,Milwaukee Bucks,118,Miami Heat,115,0,0.6027397260273972,2.59,112.5,109.5,3.0,98.3,0.7671232876712328,9.41,112.4,102.9,9.5,105.1,-0.1643835616438356,-6.82,0.09999999999999432,6.599999999999994,-6.5,-6.799999999999997
2019-20,2020,2020-09-06,Houston Rockets,109,Los Angeles Lakers,117,1,0.7323943661971831,6.28,112.0,106.3,5.7,100.9,0.6111111111111112,3.13,112.9,110.1,2.8,103.7,0.12128325508607196,3.1500000000000004,-0.9000000000000057,-3.799999999999997,2.9000000000000004,-2.799999999999997
2019-20,2020,2020-09-07,Boston Celtics,111,Toronto Raptors,89,0,0.7361111111111112,5.97,111.1,105.0,6.1,100.9,0.6666666666666666,5.83,113.3,107.0,6.3,99.5,0.06944444444444453,0.13999999999999968,-2.200000000000003,-2.0,-0.20000000000000018,1.4000000000000057
2019-20,2020,2020-09-07,Los Angeles Clippers,113,Denver Nuggets,107,0,0.6301369863013698,2.35,113.1,111.0,2.1,97.1,0.6805555555555556,6.66,113.9,107.6,6.3,101.5,-0.05041856925418575,-4.3100000000000005,-0.8000000000000114,3.4000000000000057,-4.199999999999999,-4.400000000000006
2019-20,2020,2020-09-08,Miami Heat,103,Milwaukee Bucks,94,0,0.7671232876712328,9.41,112.4,102.9,9.5,105.1,0.6027397260273972,2.59,112.5,109.5,3.0,98.3,0.1643835616438356,6.82,-0.09999999999999432,-6.599999999999994,6.5,6.799999999999997
2019-20,2020,2020-09-08,Los Angeles Lakers,112,Houston Rockets,102,0,0.6111111111111112,3.13,112.9,110.1,2.8,103.7,0.7323943661971831,6.28,112.0,106.3,5.7,100.9,-0.12128325508607196,-3.1500000000000004,0.9000000000000057,3.799999999999997,-2.9000000000000004,2.799999999999997
2019-20,2020,2020-09-09,Toronto Raptors,125,Boston Celtics,122,0,0.6666666666666666,5.83,113.3,107.0,6.3,99.5,0.7361111111111112,5.97,111.1,105.0,6.1,100.9,-0.06944444444444453,-0.13999999999999968,2.200000000000003,2.0,0.20000000000000018,-1.4000000000000057
2019-20,2020,2020-09-09,Los Angeles Clippers,96,Denver Nuggets,85,0,0.6301369863013698,2.35,113.1,111.0,2.1,97.1,0.6805555555555556,6.66,113.9,107.6,6.3,101.5,-0.05041856925418575,-4.3100000000000005,-0.8000000000000114,3.4000000000000057,-4.199999999999999,-4.400000000000006
2019-20,2020,2020-09-10,Los Angeles Lakers,110,Houston Rockets,100,0,0.6111111111111112,3.13,112.9,110.1,2.8,103.7,0.7323943661971831,6.28,112.0,106.3,5.7,100.9,-0.12128325508607196,-3.1500000000000004,0.9000000000000057,3.799999999999997,-2.9000000000000004,2.799999999999997
2019-20,2020,2020-09-11,Denver Nuggets,111,Los Angeles Clippers,105,0,0.6805555555555556,6.66,113.9,107.6,6.3,101.5,0.6301369863013698,2.35,113.1,111.0,2.1,97.1,0.05041856925418575,4.3100000000000005,0.8000000000000114,-3.4000000000000057,4.199999999999999,4.400000000000006
2019-20,2020,2020-09-11,Boston Celtics,92,Toronto Raptors,87,0,0.7361111111111112,5.97,111.1,105.0,6.1,100.9,0.6666666666666666,5.83,113.3,107.0,6.3,99.5,0.06944444444444453,0.13999999999999968,-2.200000000000003,-2.0,-0.20000000000000018,1.4000000000000057
2019-20,2020,2020-09-12,Houston Rockets,96,Los Angeles Lakers,119,1,0.7323943661971831,6.28,112.0,106.3,5.7,100.9,0.6111111111111112,3.13,112.9,110.1,2.8,103.7,0.12128325508607196,3.1500000000000004,-0.9000000000000057,-3.799999999999997,2.9000000000000004,-2.799999999999997
2019-20,2020,2020-09-13,Los Angeles Clippers,98,Denver Nuggets,111,1,0.6301369863013698,2.35,113.1,111.0,2.1,97.1,0.6805555555555556,6.66,113.9,107.6,6.3,101.5,-0.05041856925418575,-4.3100000000000005,-0.8000000000000114,3.4000000000000057,-4.199999999999999,-4.400000000000006
2019-20,2020,2020-09-15,Miami Heat,117,Boston Celtics,114,0,0.6666666666666666,5.83,113.3,107.0,6.3,99.5,0.6027397260273972,2.59,112.5,109.5,3.0,98.3,0.0639269406392694,3.24,0.7999999999999972,-2.5,3.3,1.2000000000000028
2019-20,2020,2020-09-15,Denver Nuggets,104,Los Angeles Clippers,89,0,0.6805555555555556,6.66,113.9,107.6,6.3,101.5,0.6301369863013698,2.35,113.1,111.0,2.1,97.1,0.05041856925418575,4.3100000000000005,0.8000000000000114,-3.4000000000000057,4.199999999999999,4.400000000000006
2019-20,2020,2020-09-17,Miami Heat,106,Boston Celtics,101,0,0.6666666666666666,5.83,113.3,107.0,6.3,99.5,0.6027397260273972,2.59,112.5,109.5,3.0,98.3,0.0639269406392694,3.24,0.7999999999999972,-2.5,3.3,1.2000000000000028
2019-20,2020,2020-09-18,Denver Nuggets,114,Los Angeles Lakers,126,1,0.7323943661971831,6.28,112.0,106.3,5.7,100.9,0.6301369863013698,2.35,113.1,111.0,2.1,97.1,0.1022573798958133,3.93,-1.0999999999999943,-4.700000000000003,3.6,3.8000000000000114
2019-20,2020,2020-09-19,Boston Celtics,117,Miami Heat,106,0,0.6027397260273972,2.59,112.5,109.5,3.0,98.3,0.6666666666666666,5.83,113.3,107.0,6.3,99.5,-0.0639269406392694,-3.24,-0.7999999999999972,2.5,-3.3,-1.2000000000000028
2019-20,2020,2020-09-20,Denver Nuggets,103,Los Angeles Lakers,105,1,0.7323943661971831,6.28,112.0,106.3,5.7,100.9,0.6301369863013698,2.35,113.1,111.0,2.1,97.1,0.1022573798958133,3.93,-1.0999999999999943,-4.700000000000003,3.6,3.8000000000000114
2019-20,2020,2020-09-22,Los Angeles Lakers,106,Denver Nuggets,114,1,0.6301369863013698,2.35,113.1,111.0,2.1,97.1,0.7323943661971831,6.28,112.0,106.3,5.7,100.9,-0.1022573798958133,-3.93,1.0999999999999943,4.700000000000003,-3.6,-3.8000000000000114
2019-20,2020,2020-09-23,Boston Celtics,109,Miami Heat,112,1,0.6027397260273972,2.59,112.5,109.5,3.0,98.3,0.6666666666666666,5.83,113.3,107.0,6.3,99.5,-0.0639269406392694,-3.24,-0.7999999999999972,2.5,-3.3,-1.2000000000000028
2019-20,2020,2020-09-24,Los Angeles Lakers,114,Denver Nuggets,108,0,0.6301369863013698,2.35,113.1,111.0,2.1,97.1,0.7323943661971831,6.28,112.0,106.3,5.7,100.9,-0.1022573798958133,-3.93,1.0999999999999943,4.700000000000003,-3.6,-3.8000000000000114
2019-20,2020,2020-09-25,Miami Heat,108,Boston Celtics,121,1,0.6666666666666666,5.83,113.3,107.0,6.3,99.5,0.6027397260273972,2.59,112.5,109.5,3.0,98.3,0.0639269406392694,3.24,0.7999999999999972,-2.5,3.3,1.2000000000000028
2019-20,2020,2020-09-26,Denver Nuggets,107,Los Angeles Lakers,117,1,0.7323943661971831,6.28,112.0,106.3,5.7,100.9,0.6301369863013698,2.35,113.1,111.0,2.1,97.1,0.1022573798958133,3.93,-1.0999999999999943,-4.700000000000003,3.6,3.8000000000000114
2019-20,2020,2020-09-27,Boston Celtics,113,Miami Heat,125,1,0.6027397260273972,2.59,112.5,109.5,3.0,98.3,0.6666666666666666,5.83,113.3,107.0,6.3,99.5,-0.0639269406392694,-3.24,-0.7999999999999972,2.5,-3.3,-1.2000000000000028
2019-20,2020,2020-09-30,Miami Heat,98,Los Angeles Lakers,116,1,0.7323943661971831,6.28,112.0,106.3,5.7,100.9,0.6027397260273972,2.59,112.5,109.5,3.0,98.3,0.1296546401697859,3.6900000000000004,-0.5,-3.200000000000003,2.7,2.6000000000000085
2019-20,2020,2020-10-02,Miami Heat,114,Los Angeles Lakers,124,1,0.7323943661971831,6.28,112.0,106.3,5.7,100.9,0.6027397260273972,2.59,112.5,109.5,3.0,98.3,0.1296546401697859,3.6900000000000004,-0.5,-3.200000000000003,2.7,2.6000000000000085
2019-20,2020,2020-10-04,Los Angeles Lakers,104,Miami Heat,115,1,0.6027397260273972,2.59,112.5,109.5,3.0,98.3,0.7323943661971831,6.28,112.0,106.3,5.7,100.9,-0.1296546401697859,-3.6900000000000004,0.5,3.200000000000003,-2.7,-2.6000000000000085
2019-20,2020,2020-10-06,Los Angeles Lakers,102,Miami Heat,96,0,0.6027397260273972,2.59,112.5,109.5,3.0,98.3,0.7323943661971831,6.28,112.0,106.3,5.7,100.9,-0.1296546401697859,-3.6900000000000004,0.5,3.200000000000003,-2.7,-2.6000000000000085
2019-20,2020,2020-10-09,Miami Heat,111,Los Angeles Lakers,108,0,0.7323943661971831,6.28,112.0,106.3,5.7,100.9,0.6027397260273972,2.59,112.5,109.5,3.0,98.3,0.1296546401697859,3.6900000000000004,-0.5,-3.200000000000003,2.7,2.6000000000000085
2019-20,2020,2020-10-11,Los Angeles Lakers,106,Miami Heat,93,0,0.6027397260273972,2.59,112.5,109.5,3.0,98.3,0.7323943661971831,6.28,112.0,106.3,5.7,100.9,-0.1296546401697859,-3.6900000000000004,0.5,3.200000000000003,-2.7,-2.6000000000000085
2020-21,2021,2021-05-22,Miami Heat,107,Milwaukee Bucks,109,1,0.6388888888888888,5.57,117.2,111.4,5.8,102.2,0.5555555555555556,-0.06,111.2,111.2,0.0,96.6,0.08333333333333326,5.63,6.0,0.20000000000000284,5.8,5.6000000000000085
2020-21,2021,2021-05-22,Dallas Mavericks,113,Los Angeles Clippers,103,0,0.6527777777777778,6.02,117.6,111.2,6.4,96.9,0.5833333333333334,2.26,115.4,113.0,2.4,97.3,0.06944444444444442,3.76,2.1999999999999886,-1.7999999999999972,4.0,-0.3999999999999915
2020-21,2021,2021-05-22,Boston Celtics,93,Brooklyn Nets,104,1,0.6666666666666666,4.24,118.3,113.8,4.5,99.5,0.5,1.32,114.0,112.5,1.5,98.3,0.16666666666666663,2.92,4.299999999999997,1.2999999999999972,3.0,1.2000000000000028
2020-21,2021,2021-05-22,Portland Trail Blazers,123,Denver Nuggets,109,0,0.6527777777777778,4.82,117.1,112.1,5.0,97.1,0.5833333333333334,1.81,117.8,116.0,1.8,98.4,0.06944444444444442,3.0100000000000002,-0.7000000000000028,-3.9000000000000057,3.2,-1.3000000000000114
2020-21,2021,2021-05-23,Washington Wizards,118,Philadelphia 76ers,125,1,0.6805555555555556,5.28,113.2,107.6,5.6,99.5,0.4722222222222222,-1.85,111.2,113.0,-1.8,104.1,0.20833333333333337,7.130000000000001,2.0,-5.400000000000006,7.3999999999999995,-4.599999999999994
2020-21,2021,2021-05-23,Los Angeles Lakers,90,Phoenix Suns,99,1,0.7083333333333334,5.67,117.2,111.3,5.9,97.2,0.5833333333333334,2.77,109.9,107.1,2.8,98.7,0.125,2.9,7.299999999999997,4.200000000000003,3.1000000000000005,-1.5
2020-21,2021,2021-05-23,Atlanta Hawks,107,New York Knicks,105,0,0.5694444444444444,2.13,110.6,108.2,2.4,95.9,0.5694444444444444,2.14,115.7,113.3,2.4,97.6,0.0,-0.010000000000000231,-5.1000000000000085,-5.099999999999994,0.0,-1.6999999999999886
2020-21,2021,2021-05-23,Memphis Grizzlies,112,Utah Jazz,109,0,0.7222222222222222,8.97,117.6,108.3,9.3,98.5,0.5277777777777778,1.07,112.0,111.0,1.0,100.4,0.19444444444444442,7.9,5.599999999999994,-2.700000000000003,8.3,-1.9000000000000057
2020-21,2021,2021-05-24,Miami Heat,98,Milwaukee Bucks,132,1,0.6388888888888888,5.57,117.2,111.4,5.8,102.2,0.5555555555555556,-0.06,111.2,111.2,0.0,96.6,0.08333333333333326,5.63,6.0,0.20000000000000284,5.8,5.6000000000000085
2020-21,2021,2021-05-24,Portland Trail Blazers,109,Denver Nuggets,128,1,0.6527777777777778,4.82,117.1,112.1,5.0,97.1,0.5833333333333334,1.81,117.8,116.0,1.8,98.4,0.06944444444444442,3.0100000000000002,-0.7000000000000028,-3.9000000000000057,3.2,-1.3000000000000114
2020-21,2021,2021-05-25,Boston Celtics,108,Brooklyn Nets,130,1,0.6666666666666666,4.24,118.3,113.8,4.5,99.5,0.5,1.32,114.0,112.5,1.5,98.3,0.16666666666666663,2.92,4.299999999999997,1.2999999999999972,3.0,1.2000000000000028
2020-21,2021,2021-05-25,Los Angeles Lakers,109,Phoenix Suns,102,0,0.7083333333333334,5.67,117.2,111.3,5.9,97.2,0.5833333333333334,2.77,109.9,107.1,2.8,98.7,0.125,2.9,7.299999999999997,4.200000000000003,3.1000000000000005,-1.5
2020-21,2021,2021-05-25,Dallas Mavericks,127,Los Angeles Clippers,121,0,0.6527777777777778,6.02,117.6,111.2,6.4,96.9,0.5833333333333334,2.26,115.4,113.0,2.4,97.3,0.06944444444444442,3.76,2.1999999999999886,-1.7999999999999972,4.0,-0.3999999999999915
2020-21,2021,2021-05-26,Washington Wizards,95,Philadelphia 76ers,120,1,0.6805555555555556,5.28,113.2,107.6,5.6,99.5,0.4722222222222222,-1.85,111.2,113.0,-1.8,104.1,0.20833333333333337,7.130000000000001,2.0,-5.400000000000006,7.3999999999999995,-4.599999999999994
2020-21,2021,2021-05-26,Atlanta Hawks,92,New York Knicks,101,1,0.5694444444444444,2.13,110.6,108.2,2.4,95.9,0.5694444444444444,2.14,115.7,113.3,2.4,97.6,0.0,-0.010000000000000231,-5.1000000000000085,-5.099999999999994,0.0,-1.6999999999999886
2020-21,2021,2021-05-26,Memphis Grizzlies,129,Utah Jazz,141,1,0.7222222222222222,8.97,117.6,108.3,9.3,98.5,0.5277777777777778,1.07,112.0,111.0,1.0,100.4,0.19444444444444442,7.9,5.599999999999994,-2.700000000000003,8.3,-1.9000000000000057
2020-21,2021,2021-05-27,Milwaukee Bucks,113,Miami Heat,84,0,0.5555555555555556,-0.06,111.2,111.2,0.0,96.6,0.6388888888888888,5.57,117.2,111.4,5.8,102.2,-0.08333333333333326,-5.63,-6.0,-0.20000000000000284,-5.8,-5.6000000000000085
2020-21,2021,2021-05-27,Phoenix Suns,95,Los Angeles Lakers,109,1,0.5833333333333334,2.77,109.9,107.1,2.8,98.7,0.7083333333333334,5.67,117.2,111.3,5.9,97.2,-0.125,-2.9,-7.299999999999997,-4.200000000000003,-3.1000000000000005,1.5
2020-21,2021,2021-05-27,Denver Nuggets,120,Portland Trail Blazers,115,0,0.5833333333333334,1.81,117.8,116.0,1.8,98.4,0.6527777777777778,4.82,117.1,112.1,5.0,97.1,-0.06944444444444442,-3.0100000000000002,0.7000000000000028,3.9000000000000057,-3.2,1.3000000000000114
2020-21,2021,2021-05-28,New York Knicks,94,Atlanta Hawks,105,1,0.5694444444444444,2.14,115.7,113.3,2.4,97.6,0.5694444444444444,2.13,110.6,108.2,2.4,95.9,0.0,0.010000000000000231,5.1000000000000085,5.099999999999994,0.0,1.6999999999999886
2020-21,2021,2021-05-28,Brooklyn Nets,119,Boston Celtics,125,1,0.5,1.32,114.0,112.5,1.5,98.3,0.6666666666666666,4.24,118.3,113.8,4.5,99.5,-0.16666666666666663,-2.92,-4.299999999999997,-1.2999999999999972,-3.0,-1.2000000000000028
2020-21,2021,2021-05-28,Los Angeles Clippers,118,Dallas Mavericks,108,0,0.5833333333333334,2.26,115.4,113.0,2.4,97.3,0.6527777777777778,6.02,117.6,111.2,6.4,96.9,-0.06944444444444442,-3.76,-2.1999999999999886,1.7999999999999972,-4.0,0.3999999999999915
2020-21,2021,2021-05-29,Milwaukee Bucks,120,Miami Heat,103,0,0.5555555555555556,-0.06,111.2,111.2,0.0,96.6,0.6388888888888888,5.57,117.2,111.4,5.8,102.2,-0.08333333333333326,-5.63,-6.0,-0.20000000000000284,-5.8,-5.6000000000000085
2020-21,2021,2021-05-29,Denver Nuggets,95,Portland Trail Blazers,115,1,0.5833333333333334,1.81,117.8,116.0,1.8,98.4,0.6527777777777778,4.82,117.1,112.1,5.0,97.1,-0.06944444444444442,-3.0100000000000002,0.7000000000000028,3.9000000000000057,-3.2,1.3000000000000114
2020-21,2021,2021-05-29,Philadelphia 76ers,132,Washington Wizards,103,0,0.4722222222222222,-1.85,111.2,113.0,-1.8,104.1,0.6805555555555556,5.28,113.2,107.6,5.6,99.5,-0.20833333333333337,-7.130000000000001,-2.0,5.400000000000006,-7.3999999999999995,4.599999999999994
2020-21,2021,2021-05-29,Utah Jazz,121,Memphis Grizzlies,111,0,0.5277777777777778,1.07,112.0,111.0,1.0,100.4,0.7222222222222222,8.97,117.6,108.3,9.3,98.5,-0.19444444444444442,-7.9,-5.599999999999994,2.700000000000003,-8.3,1.9000000000000057
2020-21,2021,2021-05-30,New York Knicks,96,Atlanta Hawks,113,1,0.5694444444444444,2.14,115.7,113.3,2.4,97.6,0.5694444444444444,2.13,110.6,108.2,2.4,95.9,0.0,0.010000000000000231,5.1000000000000085,5.099999999999994,0.0,1.6999999999999886
2020-21,2021,2021-05-30,Phoenix Suns,100,Los Angeles Lakers,92,0,0.5833333333333334,2.77,109.9,107.1,2.8,98.7,0.7083333333333334,5.67,117.2,111.3,5.9,97.2,-0.125,-2.9,-7.299999999999997,-4.200000000000003,-3.1000000000000005,1.5
2020-21,2021,2021-05-30,Brooklyn Nets,141,Boston Celtics,126,0,0.5,1.32,114.0,112.5,1.5,98.3,0.6666666666666666,4.24,118.3,113.8,4.5,99.5,-0.16666666666666663,-2.92,-4.299999999999997,-1.2999999999999972,-3.0,-1.2000000000000028
2020-21,2021,2021-05-30,Los Angeles Clippers,106,Dallas Mavericks,81,0,0.5833333333333334,2.26,115.4,113.0,2.4,97.3,0.6527777777777778,6.02,117.6,111.2,6.4,96.9,-0.06944444444444442,-3.76,-2.1999999999999886,1.7999999999999972,-4.0,0.3999999999999915
2020-21,2021,2021-05-31,Philadelphia 76ers,114,Washington Wizards,122,1,0.4722222222222222,-1.85,111.2,113.0,-1.8,104.1,0.6805555555555556,5.28,113.2,107.6,5.6,99.5,-0.20833333333333337,-7.130000000000001,-2.0,5.400000000000006,-7.3999999999999995,4.599999999999994
2020-21,2021,2021-05-31,Utah Jazz,120,Memphis Grizzlies,113,0,0.5277777777777778,1.07,112.0,111.0,1.0,100.4,0.7222222222222222,8.97,117.6,108.3,9.3,98.5,-0.19444444444444442,-7.9,-5.599999999999994,2.700000000000003,-8.3,1.9000000000000057
2020-21,2021,2021-06-01,Boston Celtics,109,Brooklyn Nets,123,1,0.6666666666666666,4.24,118.3,113.8,4.5,99.5,0.5,1.32,114.0,112.5,1.5,98.3,0.16666666666666663,2.92,4.299999999999997,1.2999999999999972,3.0,1.2000000000000028
2020-21,2021,2021-06-01,Portland Trail Blazers,140,Denver Nuggets,147,1,0.6527777777777778,4.82,117.1,112.1,5.0,97.1,0.5833333333333334,1.81,117.8,116.0,1.8,98.4,0.06944444444444442,3.0100000000000002,-0.7000000000000028,-3.9000000000000057,3.2,-1.3000000000000114
2020-21,2021,2021-06-01,Los Angeles Lakers,85,Phoenix Suns,115,1,0.7083333333333334,5.67,117.2,111.3,5.9,97.2,0.5833333333333334,2.77,109.9,107.1,2.8,98.7,0.125,2.9,7.299999999999997,4.200000000000003,3.1000000000000005,-1.5
2020-21,2021,2021-06-02,Washington Wizards,112,Philadelphia 76ers,129,1,0.6805555555555556,5.28,113.2,107.6,5.6,99.5,0.4722222222222222,-1.85,111.2,113.0,-1.8,104.1,0.20833333333333337,7.130000000000001,2.0,-5.400000000000006,7.3999999999999995,-4.599999999999994
2020-21,2021,2021-06-02,Atlanta Hawks,103,New York Knicks,89,0,0.5694444444444444,2.13,110.6,108.2,2.4,95.9,0.5694444444444444,2.14,115.7,113.3,2.4,97.6,0.0,-0.010000000000000231,-5.1000000000000085,-5.099999999999994,0.0,-1.6999999999999886
2020-21,2021,2021-06-02,Memphis Grizzlies,110,Utah Jazz,126,1,0.7222222222222222,8.97,117.6,108.3,9.3,98.5,0.5277777777777778,1.07,112.0,111.0,1.0,100.4,0.19444444444444442,7.9,5.599999999999994,-2.700000000000003,8.3,-1.9000000000000057
2020-21,2021,2021-06-02,Dallas Mavericks,105,Los Angeles Clippers,100,0,0.6527777777777778,6.02,117.6,111.2,6.4,96.9,0.5833333333333334,2.26,115.4,113.0,2.4,97.3,0.06944444444444442,3.76,2.1999999999999886,-1.7999999999999972,4.0,-0.3999999999999915
2020-21,2021,2021-06-03,Denver Nuggets,126,Portland Trail Blazers,115,0,0.5833333333333334,1.81,117.8,116.0,1.8,98.4,0.6527777777777778,4.82,117.1,112.1,5.0,97.1,-0.06944444444444442,-3.0100000000000002,0.7000000000000028,3.9000000000000057,-3.2,1.3000000000000114
2020-21,2021,2021-06-03,Phoenix Suns,113,Los Angeles Lakers,100,0,0.5833333333333334,2.77,109.9,107.1,2.8,98.7,0.7083333333333334,5.67,117.2,111.3,5.9,97.2,-0.125,-2.9,-7.299999999999997,-4.200000000000003,-3.1000000000000005,1.5
2020-21,2021,2021-06-04,Los Angeles Clippers,104,Dallas Mavericks,97,0,0.5833333333333334,2.26,115.4,113.0,2.4,97.3,0.6527777777777778,6.02,117.6,111.2,6.4,96.9,-0.06944444444444442,-3.76,-2.1999999999999886,1.7999999999999972,-4.0,0.3999999999999915
2020-21,2021,2021-06-05,Milwaukee Bucks,107,Brooklyn Nets,115,1,0.6666666666666666,4.24,118.3,113.8,4.5,99.5,0.6388888888888888,5.57,117.2,111.4,5.8,102.2,0.02777777777777779,-1.33,1.0999999999999943,2.3999999999999915,-1.2999999999999998,-2.700000000000003
2020-21,2021,2021-06-06,Atlanta Hawks,128,Philadelphia 76ers,124,0,0.6805555555555556,5.28,113.2,107.6,5.6,99.5,0.5694444444444444,2.14,115.7,113.3,2.4,97.6,0.11111111111111116,3.14,-2.5,-5.700000000000003,3.1999999999999997,1.9000000000000057
2020-21,2021,2021-06-06,Dallas Mavericks,111,Los Angeles Clippers,126,1,0.6527777777777778,6.02,117.6,111.2,6.4,96.9,0.5833333333333334,2.26,115.4,113.0,2.4,97.3,0.06944444444444442,3.76,2.1999999999999886,-1.7999999999999972,4.0,-0.3999999999999915
2020-21,2021,2021-06-07,Milwaukee Bucks,86,Brooklyn Nets,125,1,0.6666666666666666,4.24,118.3,113.8,4.5,99.5,0.6388888888888888,5.57,117.2,111.4,5.8,102.2,0.02777777777777779,-1.33,1.0999999999999943,2.3999999999999915,-1.2999999999999998,-2.700000000000003
2020-21,2021,2021-06-07,Denver Nuggets,105,Phoenix Suns,122,1,0.7083333333333334,5.67,117.2,111.3,5.9,97.2,0.6527777777777778,4.82,117.1,112.1,5.0,97.1,0.05555555555555558,0.8499999999999996,0.10000000000000853,-0.7999999999999972,0.9000000000000004,0.10000000000000853
2020-21,2021,2021-06-08,Atlanta Hawks,102,Philadelphia 76ers,118,1,0.6805555555555556,5.28,113.2,107.6,5.6,99.5,0.5694444444444444,2.14,115.7,113.3,2.4,97.6,0.11111111111111116,3.14,-2.5,-5.700000000000003,3.1999999999999997,1.9000000000000057
2020-21,2021,2021-06-08,Los Angeles Clippers,109,Utah Jazz,112,1,0.7222222222222222,8.97,117.6,108.3,9.3,98.5,0.6527777777777778,6.02,117.6,111.2,6.4,96.9,0.06944444444444442,2.950000000000001,0.0,-2.9000000000000057,2.9000000000000004,1.5999999999999943
2020-21,2021,2021-06-09,Denver Nuggets,98,Phoenix Suns,123,1,0.7083333333333334,5.67,117.2,111.3,5.9,97.2,0.6527777777777778,4.82,117.1,112.1,5.0,97.1,0.05555555555555558,0.8499999999999996,0.10000000000000853,-0.7999999999999972,0.9000000000000004,0.10000000000000853
2020-21,2021,2021-06-10,Brooklyn Nets,83,Milwaukee Bucks,86,1,0.6388888888888888,5.57,117.2,111.4,5.8,102.2,0.6666666666666666,4.24,118.3,113.8,4.5,99.5,-0.02777777777777779,1.33,-1.0999999999999943,-2.3999999999999915,1.2999999999999998,2.700000000000003
2020-21,2021,2021-06-10,Los Angeles Clippers,111,Utah Jazz,117,1,0.7222222222222222,8.97,117.6,108.3,9.3,98.5,0.6527777777777778,6.02,117.6,111.2,6.4,96.9,0.06944444444444442,2.950000000000001,0.0,-2.9000000000000057,2.9000000000000004,1.5999999999999943
2020-21,2021,2021-06-11,Philadelphia 76ers,127,Atlanta Hawks,111,0,0.5694444444444444,2.14,115.7,113.3,2.4,97.6,0.6805555555555556,5.28,113.2,107.6,5.6,99.5,-0.11111111111111116,-3.14,2.5,5.700000000000003,-3.1999999999999997,-1.9000000000000057
2020-21,2021,2021-06-11,Phoenix Suns,116,Denver Nuggets,102,0,0.6527777777777778,4.82,117.1,112.1,5.0,97.1,0.7083333333333334,5.67,117.2,111.3,5.9,97.2,-0.05555555555555558,-0.8499999999999996,-0.10000000000000853,0.7999999999999972,-0.9000000000000004,-0.10000000000000853
2020-21,2021,2021-06-12,Utah Jazz,106,Los Angeles Clippers,132,1,0.6527777777777778,6.02,117.6,111.2,6.4,96.9,0.7222222222222222,8.97,117.6,108.3,9.3,98.5,-0.06944444444444442,-2.950000000000001,0.0,2.9000000000000057,-2.9000000000000004,-1.5999999999999943
2020-21,2021,2021-06-13,Brooklyn Nets,96,Milwaukee Bucks,107,1,0.6388888888888888,5.57,117.2,111.4,5.8,102.2,0.6666666666666666,4.24,118.3,113.8,4.5,99.5,-0.02777777777777779,1.33,-1.0999999999999943,-2.3999999999999915,1.2999999999999998,2.700000000000003
2020-21,2021,2021-06-13,Phoenix Suns,125,Denver Nuggets,118,0,0.6527777777777778,4.82,117.1,112.1,5.0,97.1,0.7083333333333334,5.67,117.2,111.3,5.9,97.2,-0.05555555555555558,-0.8499999999999996,-0.10000000000000853,0.7999999999999972,-0.9000000000000004,-0.10000000000000853
2020-21,2021,2021-06-14,Philadelphia 76ers,100,Atlanta Hawks,103,1,0.5694444444444444,2.14,115.7,113.3,2.4,97.6,0.6805555555555556,5.28,113.2,107.6,5.6,99.5,-0.11111111111111116,-3.14,2.5,5.700000000000003,-3.1999999999999997,-1.9000000000000057
2020-21,2021,2021-06-14,Utah Jazz,104,Los Angeles Clippers,118,1,0.6527777777777778,6.02,117.6,111.2,6.4,96.9,0.7222222222222222,8.97,117.6,108.3,9.3,98.5,-0.06944444444444442,-2.950000000000001,0.0,2.9000000000000057,-2.9000000000000004,-1.5999999999999943
2020-21,2021,2021-06-15,Milwaukee Bucks,108,Brooklyn Nets,114,1,0.6666666666666666,4.24,118.3,113.8,4.5,99.5,0.6388888888888888,5.57,117.2,111.4,5.8,102.2,0.02777777777777779,-1.33,1.0999999999999943,2.3999999999999915,-1.2999999999999998,-2.700000000000003
2020-21,2021,2021-06-16,Atlanta Hawks,109,Philadelphia 76ers,106,0,0.6805555555555556,5.28,113.2,107.6,5.6,99.5,0.5694444444444444,2.14,115.7,113.3,2.4,97.6,0.11111111111111116,3.14,-2.5,-5.700000000000003,3.1999999999999997,1.9000000000000057
2020-21,2021,2021-06-16,Los Angeles Clippers,119,Utah Jazz,111,0,0.7222222222222222,8.97,117.6,108.3,9.3,98.5,0.6527777777777778,6.02,117.6,111.2,6.4,96.9,0.06944444444444442,2.950000000000001,0.0,-2.9000000000000057,2.9000000000000004,1.5999999999999943
2020-21,2021,2021-06-17,Brooklyn Nets,89,Milwaukee Bucks,104,1,0.6388888888888888,5.57,117.2,111.4,5.8,102.2,0.6666666666666666,4.24,118.3,113.8,4.5,99.5,-0.02777777777777779,1.33,-1.0999999999999943,-2.3999999999999915,1.2999999999999998,2.700000000000003
2020-21,2021,2021-06-18,Philadelphia 76ers,104,Atlanta Hawks,99,0,0.5694444444444444,2.14,115.7,113.3,2.4,97.6,0.6805555555555556,5.28,113.2,107.6,5.6,99.5,-0.11111111111111116,-3.14,2.5,5.700000000000003,-3.1999999999999997,-1.9000000000000057
2020-21,2021,2021-06-18,Utah Jazz,119,Los Angeles Clippers,131,1,0.6527777777777778,6.02,117.6,111.2,6.4,96.9,0.7222222222222222,8.97,117.6,108.3,9.3,98.5,-0.06944444444444442,-2.950000000000001,0.0,2.9000000000000057,-2.9000000000000004,-1.5999999999999943
2020-21,2021,2021-06-19,Milwaukee Bucks,115,Brooklyn Nets,111,0,0.6666666666666666,4.24,118.3,113.8,4.5,99.5,0.6388888888888888,5.57,117.2,111.4,5.8,102.2,0.02777777777777779,-1.33,1.0999999999999943,2.3999999999999915,-1.2999999999999998,-2.700000000000003
2020-21,2021,2021-06-20,Los Angeles Clippers,114,Phoenix Suns,120,1,0.7083333333333334,5.67,117.2,111.3,5.9,97.2,0.6527777777777778,6.02,117.6,111.2,6.4,96.9,0.05555555555555558,-0.34999999999999964,-0.3999999999999915,0.09999999999999432,-0.5,0.29999999999999716
2020-21,2021,2021-06-20,Atlanta Hawks,103,Philadelphia 76ers,96,0,0.6805555555555556,5.28,113.2,107.6,5.6,99.5,0.5694444444444444,2.14,115.7,113.3,2.4,97.6,0.11111111111111116,3.14,-2.5,-5.700000000000003,3.1999999999999997,1.9000000000000057
2020-21,2021,2021-06-22,Los Angeles Clippers,103,Phoenix Suns,104,1,0.7083333333333334,5.67,117.2,111.3,5.9,97.2,0.6527777777777778,6.02,117.6,111.2,6.4,96.9,0.05555555555555558,-0.34999999999999964,-0.3999999999999915,0.09999999999999432,-0.5,0.29999999999999716
2020-21,2021,2021-06-23,Atlanta Hawks,116,Milwaukee Bucks,113,0,0.6388888888888888,5.57,117.2,111.4,5.8,102.2,0.5694444444444444,2.14,115.7,113.3,2.4,97.6,0.06944444444444442,3.43,1.5,-1.8999999999999915,3.4,4.6000000000000085
2020-21,2021,2021-06-24,Phoenix Suns,92,Los Angeles Clippers,106,1,0.6527777777777778,6.02,117.6,111.2,6.4,96.9,0.7083333333333334,5.67,117.2,111.3,5.9,97.2,-0.05555555555555558,0.34999999999999964,0.3999999999999915,-0.09999999999999432,0.5,-0.29999999999999716
2020-21,2021,2021-06-25,Atlanta Hawks,91,Milwaukee Bucks,125,1,0.6388888888888888,5.57,117.2,111.4,5.8,102.2,0.5694444444444444,2.14,115.7,113.3,2.4,97.6,0.06944444444444442,3.43,1.5,-1.8999999999999915,3.4,4.6000000000000085
2020-21,2021,2021-06-26,Phoenix Suns,84,Los Angeles Clippers,80,0,0.6527777777777778,6.02,117.6,111.2,6.4,96.9,0.7083333333333334,5.67,117.2,111.3,5.9,97.2,-0.05555555555555558,0.34999999999999964,0.3999999999999915,-0.09999999999999432,0.5,-0.29999999999999716
2020-21,2021,2021-06-27,Milwaukee Bucks,113,Atlanta Hawks,102,0,0.5694444444444444,2.14,115.7,113.3,2.4,97.6,0.6388888888888888,5.57,117.2,111.4,5.8,102.2,-0.06944444444444442,-3.43,-1.5,1.8999999999999915,-3.4,-4.6000000000000085
2020-21,2021,2021-06-28,Los Angeles Clippers,116,Phoenix Suns,102,0,0.7083333333333334,5.67,117.2,111.3,5.9,97.2,0.6527777777777778,6.02,117.6,111.2,6.4,96.9,0.05555555555555558,-0.34999999999999964,-0.3999999999999915,0.09999999999999432,-0.5,0.29999999999999716
2020-21,2021,2021-06-29,Milwaukee Bucks,88,Atlanta Hawks,110,1,0.5694444444444444,2.14,115.7,113.3,2.4,97.6,0.6388888888888888,5.57,117.2,111.4,5.8,102.2,-0.06944444444444442,-3.43,-1.5,1.8999999999999915,-3.4,-4.6000000000000085
2020-21,2021,2021-06-30,Phoenix Suns,130,Los Angeles Clippers,103,0,0.6527777777777778,6.02,117.6,111.2,6.4,96.9,0.7083333333333334,5.67,117.2,111.3,5.9,97.2,-0.05555555555555558,0.34999999999999964,0.3999999999999915,-0.09999999999999432,0.5,-0.29999999999999716
2020-21,2021,2021-07-01,Atlanta Hawks,112,Milwaukee Bucks,123,1,0.6388888888888888,5.57,117.2,111.4,5.8,102.2,0.5694444444444444,2.14,115.7,113.3,2.4,97.6,0.06944444444444442,3.43,1.5,-1.8999999999999915,3.4,4.6000000000000085
2020-21,2021,2021-07-03,Milwaukee Bucks,118,Atlanta Hawks,107,0,0.5694444444444444,2.14,115.7,113.3,2.4,97.6,0.6388888888888888,5.57,117.2,111.4,5.8,102.2,-0.06944444444444442,-3.43,-1.5,1.8999999999999915,-3.4,-4.6000000000000085
2020-21,2021,2021-07-06,Milwaukee Bucks,105,Phoenix Suns,118,1,0.7083333333333334,5.67,117.2,111.3,5.9,97.2,0.6388888888888888,5.57,117.2,111.4,5.8,102.2,0.06944444444444453,0.09999999999999964,0.0,-0.10000000000000853,0.10000000000000053,-5.0
2020-21,2021,2021-07-08,Milwaukee Bucks,108,Phoenix Suns,118,1,0.7083333333333334,5.67,117.2,111.3,5.9,97.2,0.6388888888888888,5.57,117.2,111.4,5.8,102.2,0.06944444444444453,0.09999999999999964,0.0,-0.10000000000000853,0.10000000000000053,-5.0
2020-21,2021,2021-07-11,Phoenix Suns,100,Milwaukee Bucks,120,1,0.6388888888888888,5.57,117.2,111.4,5.8,102.2,0.7083333333333334,5.67,117.2,111.3,5.9,97.2,-0.06944444444444453,-0.09999999999999964,0.0,0.10000000000000853,-0.10000000000000053,5.0
2020-21,2021,2021-07-14,Phoenix Suns,103,Milwaukee Bucks,109,1,0.6388888888888888,5.57,117.2,111.4,5.8,102.2,0.7083333333333334,5.67,117.2,111.3,5.9,97.2,-0.06944444444444453,-0.09999999999999964,0.0,0.10000000000000853,-0.10000000000000053,5.0
2020-21,2021,2021-07-17,Milwaukee Bucks,123,Phoenix Suns,119,0,0.7083333333333334,5.67,117.2,111.3,5.9,97.2,0.6388888888888888,5.57,117.2,111.4,5.8,102.2,0.06944444444444453,0.09999999999999964,0.0,-0.10000000000000853,0.10000000000000053,-5.0
2020-21,2021,2021-07-20,Phoenix Suns,98,Milwaukee Bucks,105,1,0.6388888888888888,5.57,117.2,111.4,5.8,102.2,0.7083333333333334,5.67,117.2,111.3,5.9,97.2,-0.06944444444444453,-0.09999999999999964,0.0,0.10000000000000853,-0.10000000000000053,5.0
2021-22,2022,2022-04-16,Utah Jazz,99,Dallas Mavericks,93,0,0.6341463414634146,3.12,112.8,109.4,3.4,95.4,0.5975609756097561,5.67,116.7,110.5,6.2,97.1,0.03658536585365857,-2.55,-3.9000000000000057,-1.0999999999999943,-2.8000000000000003,-1.6999999999999886
2021-22,2022,2022-04-16,Minnesota Timberwolves,130,Memphis Grizzlies,117,0,0.6829268292682927,5.37,114.6,109.0,5.6,100.3,0.5609756097560976,2.53,114.3,111.7,2.6,100.9,0.12195121951219512,2.8400000000000003,0.29999999999999716,-2.700000000000003,2.9999999999999996,-0.6000000000000085
2021-22,2022,2022-04-16,Toronto Raptors,111,Philadelphia 76ers,131,1,0.6219512195121951,2.57,113.5,110.8,2.7,96.2,0.5853658536585366,2.38,112.9,110.5,2.4,96.0,0.03658536585365857,0.18999999999999995,0.5999999999999943,0.29999999999999716,0.30000000000000027,0.20000000000000284
2021-22,2022,2022-04-16,Denver Nuggets,107,Golden State Warriors,123,1,0.6463414634146342,5.52,112.5,106.9,5.6,98.4,0.5853658536585366,2.16,114.5,112.1,2.4,97.8,0.060975609756097615,3.3599999999999994,-2.0,-5.199999999999989,3.1999999999999997,0.6000000000000085
2021-22,2022,2022-04-17,Atlanta Hawks,91,Miami Heat,115,1,0.6463414634146342,4.23,113.7,109.1,4.6,95.9,0.524390243902439,1.55,116.5,114.9,1.6,97.7,0.12195121951219512,2.6800000000000006,-2.799999999999997,-5.800000000000011,2.9999999999999996,-1.7999999999999972
2021-22,2022,2022-04-17,Brooklyn Nets,114,Boston Celtics,115,1,0.6219512195121951,7.02,114.4,106.9,7.5,96.6,0.5365853658536586,0.82,113.6,112.8,0.8,99.0,0.08536585365853655,6.199999999999999,0.8000000000000114,-5.8999999999999915,6.7,-2.4000000000000057
2021-22,2022,2022-04-17,Chicago Bulls,86,Milwaukee Bucks,93,1,0.6219512195121951,3.22,115.1,111.8,3.3,99.9,0.5609756097560976,-0.38,113.2,113.6,-0.4,98.3,0.060975609756097504,3.6,1.8999999999999915,-1.7999999999999972,3.6999999999999997,1.6000000000000085
2021-22,2022,2022-04-17,New Orleans Pelicans,99,Phoenix Suns,110,1,0.7804878048780488,6.94,114.8,107.3,7.5,99.8,0.43902439024390244,-0.84,112.0,113.0,-1.0,97.2,0.34146341463414637,7.78,2.799999999999997,-5.700000000000003,8.5,2.5999999999999943
2021-22,2022,2022-04-18,Toronto Raptors,97,Philadelphia 76ers,112,1,0.6219512195121951,2.57,113.5,110.8,2.7,96.2,0.5853658536585366,2.38,112.9,110.5,2.4,96.0,0.03658536585365857,0.18999999999999995,0.5999999999999943,0.29999999999999716,0.30000000000000027,0.20000000000000284
2021-22,2022,2022-04-18,Utah Jazz,104,Dallas Mavericks,110,1,0.6341463414634146,3.12,112.8,109.4,3.4,95.4,0.5975609756097561,5.67,116.7,110.5,6.2,97.1,0.03658536585365857,-2.55,-3.9000000000000057,-1.0999999999999943,-2.8000000000000003,-1.6999999999999886
2021-22,2022,2022-04-18,Denver Nuggets,106,Golden State Warriors,126,1,0.6463414634146342,5.52,112.5,106.9,5.6,98.4,0.5853658536585366,2.16,114.5,112.1,2.4,97.8,0.060975609756097615,3.3599999999999994,-2.0,-5.199999999999989,3.1999999999999997,0.6000000000000085
2021-22,2022,2022-04-19,Atlanta Hawks,105,Miami Heat,115,1,0.6463414634146342,4.23,113.7,109.1,4.6,95.9,0.524390243902439,1.55,116.5,114.9,1.6,97.7,0.12195121951219512,2.6800000000000006,-2.799999999999997,-5.800000000000011,2.9999999999999996,-1.7999999999999972
2021-22,2022,2022-04-19,Minnesota Timberwolves,96,Memphis Grizzlies,124,1,0.6829268292682927,5.37,114.6,109.0,5.6,100.3,0.5609756097560976,2.53,114.3,111.7,2.6,100.9,0.12195121951219512,2.8400000000000003,0.29999999999999716,-2.700000000000003,2.9999999999999996,-0.6000000000000085
2021-22,2022,2022-04-19,New Orleans Pelicans,125,Phoenix Suns,114,0,0.7804878048780488,6.94,114.8,107.3,7.5,99.8,0.43902439024390244,-0.84,112.0,113.0,-1.0,97.2,0.34146341463414637,7.78,2.799999999999997,-5.700000000000003,8.5,2.5999999999999943
2021-22,2022,2022-04-20,Brooklyn Nets,107,Boston Celtics,114,1,0.6219512195121951,7.02,114.4,106.9,7.5,96.6,0.5365853658536586,0.82,113.6,112.8,0.8,99.0,0.08536585365853655,6.199999999999999,0.8000000000000114,-5.8999999999999915,6.7,-2.4000000000000057
2021-22,2022,2022-04-20,Philadelphia 76ers,104,Toronto Raptors,101,0,0.5853658536585366,2.38,112.9,110.5,2.4,96.0,0.6219512195121951,2.57,113.5,110.8,2.7,96.2,-0.03658536585365857,-0.18999999999999995,-0.5999999999999943,-0.29999999999999716,-0.30000000000000027,-0.20000000000000284
2021-22,2022,2022-04-20,Chicago Bulls,114,Milwaukee Bucks,110,0,0.6219512195121951,3.22,115.1,111.8,3.3,99.9,0.5609756097560976,-0.38,113.2,113.6,-0.4,98.3,0.060975609756097504,3.6,1.8999999999999915,-1.7999999999999972,3.6999999999999997,1.6000000000000085
2021-22,2022,2022-04-21,Memphis Grizzlies,104,Minnesota Timberwolves,95,0,0.5609756097560976,2.53,114.3,111.7,2.6,100.9,0.6829268292682927,5.37,114.6,109.0,5.6,100.3,-0.12195121951219512,-2.8400000000000003,-0.29999999999999716,2.700000000000003,-2.9999999999999996,0.6000000000000085
2021-22,2022,2022-04-21,Dallas Mavericks,126,Utah Jazz,118,0,0.5975609756097561,5.67,116.7,110.5,6.2,97.1,0.6341463414634146,3.12,112.8,109.4,3.4,95.4,-0.03658536585365857,2.55,3.9000000000000057,1.0999999999999943,2.8000000000000003,1.6999999999999886
2021-22,2022,2022-04-21,Golden State Warriors,118,Denver Nuggets,113,0,0.5853658536585366,2.16,114.5,112.1,2.4,97.8,0.6463414634146342,5.52,112.5,106.9,5.6,98.4,-0.060975609756097615,-3.3599999999999994,2.0,5.199999999999989,-3.1999999999999997,-0.6000000000000085
2021-22,2022,2022-04-22,Miami Heat,110,Atlanta Hawks,111,1,0.524390243902439,1.55,116.5,114.9,1.6,97.7,0.6463414634146342,4.23,113.7,109.1,4.6,95.9,-0.12195121951219512,-2.6800000000000006,2.799999999999997,5.800000000000011,-2.9999999999999996,1.7999999999999972
2021-22,2022,2022-04-22,Milwaukee Bucks,111,Chicago Bulls,81,0,0.5609756097560976,-0.38,113.2,113.6,-0.4,98.3,0.6219512195121951,3.22,115.1,111.8,3.3,99.9,-0.060975609756097504,-3.6,-1.8999999999999915,1.7999999999999972,-3.6999999999999997,-1.6000000000000085
2021-22,2022,2022-04-22,Phoenix Suns,114,New Orleans Pelicans,111,0,0.43902439024390244,-0.84,112.0,113.0,-1.0,97.2,0.7804878048780488,6.94,114.8,107.3,7.5,99.8,-0.34146341463414637,-7.78,-2.799999999999997,5.700000000000003,-8.5,-2.5999999999999943
2021-22,2022,2022-04-23,Philadelphia 76ers,102,Toronto Raptors,110,1,0.5853658536585366,2.38,112.9,110.5,2.4,96.0,0.6219512195121951,2.57,113.5,110.8,2.7,96.2,-0.03658536585365857,-0.18999999999999995,-0.5999999999999943,-0.29999999999999716,-0.30000000000000027,-0.20000000000000284
2021-22,2022,2022-04-23,Dallas Mavericks,99,Utah Jazz,100,1,0.5975609756097561,5.67,116.7,110.5,6.2,97.1,0.6341463414634146,3.12,112.8,109.4,3.4,95.4,-0.03658536585365857,2.55,3.9000000000000057,1.0999999999999943,2.8000000000000003,1.6999999999999886
2021-22,2022,2022-04-23,Boston Celtics,109,Brooklyn Nets,103,0,0.5365853658536586,0.82,113.6,112.8,0.8,99.0,0.6219512195121951,7.02,114.4,106.9,7.5,96.6,-0.08536585365853655,-6.199999999999999,-0.8000000000000114,5.8999999999999915,-6.7,2.4000000000000057
2021-22,2022,2022-04-23,Memphis Grizzlies,118,Minnesota Timberwolves,119,1,0.5609756097560976,2.53,114.3,111.7,2.6,100.9,0.6829268292682927,5.37,114.6,109.0,5.6,100.3,-0.12195121951219512,-2.8400000000000003,-0.29999999999999716,2.700000000000003,-2.9999999999999996,0.6000000000000085
2021-22,2022,2022-04-24,Milwaukee Bucks,119,Chicago Bulls,95,0,0.5609756097560976,-0.38,113.2,113.6,-0.4,98.3,0.6219512195121951,3.22,115.1,111.8,3.3,99.9,-0.060975609756097504,-3.6,-1.8999999999999915,1.7999999999999972,-3.6999999999999997,-1.6000000000000085
2021-22,2022,2022-04-24,Golden State Warriors,121,Denver Nuggets,126,1,0.5853658536585366,2.16,114.5,112.1,2.4,97.8,0.6463414634146342,5.52,112.5,106.9,5.6,98.4,-0.060975609756097615,-3.3599999999999994,2.0,5.199999999999989,-3.1999999999999997,-0.6000000000000085
2021-22,2022,2022-04-24,Miami Heat,110,Atlanta Hawks,86,0,0.524390243902439,1.55,116.5,114.9,1.6,97.7,0.6463414634146342,4.23,113.7,109.1,4.6,95.9,-0.12195121951219512,-2.6800000000000006,2.799999999999997,5.800000000000011,-2.9999999999999996,1.7999999999999972
2021-22,2022,2022-04-24,Phoenix Suns,103,New Orleans Pelicans,118,1,0.43902439024390244,-0.84,112.0,113.0,-1.0,97.2,0.7804878048780488,6.94,114.8,107.3,7.5,99.8,-0.34146341463414637,-7.78,-2.799999999999997,5.700000000000003,-8.5,-2.5999999999999943
2021-22,2022,2022-04-25,Boston Celtics,116,Brooklyn Nets,112,0,0.5365853658536586,0.82,113.6,112.8,0.8,99.0,0.6219512195121951,7.02,114.4,106.9,7.5,96.6,-0.08536585365853655,-6.199999999999999,-0.8000000000000114,5.8999999999999915,-6.7,2.4000000000000057
2021-22,2022,2022-04-25,Toronto Raptors,103,Philadelphia 76ers,88,0,0.6219512195121951,2.57,113.5,110.8,2.7,96.2,0.5853658536585366,2.38,112.9,110.5,2.4,96.0,0.03658536585365857,0.18999999999999995,0.5999999999999943,0.29999999999999716,0.30000000000000027,0.20000000000000284
2021-22,2022,2022-04-25,Utah Jazz,77,Dallas Mavericks,102,1,0.6341463414634146,3.12,112.8,109.4,3.4,95.4,0.5975609756097561,5.67,116.7,110.5,6.2,97.1,0.03658536585365857,-2.55,-3.9000000000000057,-1.0999999999999943,-2.8000000000000003,-1.6999999999999886
2021-22,2022,2022-04-26,Atlanta Hawks,94,Miami Heat,97,1,0.6463414634146342,4.23,113.7,109.1,4.6,95.9,0.524390243902439,1.55,116.5,114.9,1.6,97.7,0.12195121951219512,2.6800000000000006,-2.799999999999997,-5.800000000000011,2.9999999999999996,-1.7999999999999972
2021-22,2022,2022-04-26,Minnesota Timberwolves,109,Memphis Grizzlies,111,1,0.6829268292682927,5.37,114.6,109.0,5.6,100.3,0.5609756097560976,2.53,114.3,111.7,2.6,100.9,0.12195121951219512,2.8400000000000003,0.29999999999999716,-2.700000000000003,2.9999999999999996,-0.6000000000000085
2021-22,2022,2022-04-26,New Orleans Pelicans,97,Phoenix Suns,112,1,0.7804878048780488,6.94,114.8,107.3,7.5,99.8,0.43902439024390244,-0.84,112.0,113.0,-1.0,97.2,0.34146341463414637,7.78,2.799999999999997,-5.700000000000003,8.5,2.5999999999999943
2021-22,2022,2022-04-27,Chicago Bulls,100,Milwaukee Bucks,116,1,0.6219512195121951,3.22,115.1,111.8,3.3,99.9,0.5609756097560976,-0.38,113.2,113.6,-0.4,98.3,0.060975609756097504,3.6,1.8999999999999915,-1.7999999999999972,3.6999999999999997,1.6000000000000085
2021-22,2022,2022-04-27,Denver Nuggets,98,Golden State Warriors,102,1,0.6463414634146342,5.52,112.5,106.9,5.6,98.4,0.5853658536585366,2.16,114.5,112.1,2.4,97.8,0.060975609756097615,3.3599999999999994,-2.0,-5.199999999999989,3.1999999999999997,0.6000000000000085
2021-22,2022,2022-04-28,Philadelphia 76ers,132,Toronto Raptors,97,0,0.5853658536585366,2.38,112.9,110.5,2.4,96.0,0.6219512195121951,2.57,113.5,110.8,2.7,96.2,-0.03658536585365857,-0.18999999999999995,-0.5999999999999943,-0.29999999999999716,-0.30000000000000027,-0.20000000000000284
2021-22,2022,2022-04-28,Phoenix Suns,115,New Orleans Pelicans,109,0,0.43902439024390244,-0.84,112.0,113.0,-1.0,97.2,0.7804878048780488,6.94,114.8,107.3,7.5,99.8,-0.34146341463414637,-7.78,-2.799999999999997,5.700000000000003,-8.5,-2.5999999999999943
2021-22,2022,2022-04-28,Dallas Mavericks,98,Utah Jazz,96,0,0.5975609756097561,5.67,116.7,110.5,6.2,97.1,0.6341463414634146,3.12,112.8,109.4,3.4,95.4,-0.03658536585365857,2.55,3.9000000000000057,1.0999999999999943,2.8000000000000003,1.6999999999999886
2021-22,2022,2022-04-29,Memphis Grizzlies,114,Minnesota Timberwolves,106,0,0.5609756097560976,2.53,114.3,111.7,2.6,100.9,0.6829268292682927,5.37,114.6,109.0,5.6,100.3,-0.12195121951219512,-2.8400000000000003,-0.29999999999999716,2.700000000000003,-2.9999999999999996,0.6000000000000085
2021-22,2022,2022-05-01,Milwaukee Bucks,101,Boston Celtics,89,0,0.6219512195121951,7.02,114.4,106.9,7.5,96.6,0.6219512195121951,3.22,115.1,111.8,3.3,99.9,0.0,3.7999999999999994,-0.6999999999999886,-4.8999999999999915,4.2,-3.3000000000000114
2021-22,2022,2022-05-01,Golden State Warriors,117,Memphis Grizzlies,116,0,0.6829268292682927,5.37,114.6,109.0,5.6,100.3,0.6463414634146342,5.52,112.5,106.9,5.6,98.4,0.03658536585365857,-0.14999999999999947,2.0999999999999943,2.0999999999999943,0.0,1.8999999999999915
2021-22,2022,2022-05-02,Philadelphia 76ers,92,Miami Heat,106,1,0.6463414634146342,4.23,113.7,109.1,4.6,95.9,0.6219512195121951,2.57,113.5,110.8,2.7,96.2,0.024390243902439046,1.6600000000000006,0.20000000000000284,-1.7000000000000028,1.8999999999999995,-0.29999999999999716
2021-22,2022,2022-05-02,Dallas Mavericks,114,Phoenix Suns,121,1,0.7804878048780488,6.94,114.8,107.3,7.5,99.8,0.6341463414634146,3.12,112.8,109.4,3.4,95.4,0.14634146341463417,3.8200000000000003,2.0,-2.1000000000000085,4.1,4.3999999999999915
2021-22,2022,2022-05-03,Milwaukee Bucks,86,Boston Celtics,109,1,0.6219512195121951,7.02,114.4,106.9,7.5,96.6,0.6219512195121951,3.22,115.1,111.8,3.3,99.9,0.0,3.7999999999999994,-0.6999999999999886,-4.8999999999999915,4.2,-3.3000000000000114
2021-22,2022,2022-05-03,Golden State Warriors,101,Memphis Grizzlies,106,1,0.6829268292682927,5.37,114.6,109.0,5.6,100.3,0.6463414634146342,5.52,112.5,106.9,5.6,98.4,0.03658536585365857,-0.14999999999999947,2.0999999999999943,2.0999999999999943,0.0,1.8999999999999915
2021-22,2022,2022-05-04,Philadelphia 76ers,103,Miami Heat,119,1,0.6463414634146342,4.23,113.7,109.1,4.6,95.9,0.6219512195121951,2.57,113.5,110.8,2.7,96.2,0.024390243902439046,1.6600000000000006,0.20000000000000284,-1.7000000000000028,1.8999999999999995,-0.29999999999999716
2021-22,2022,2022-05-04,Dallas Mavericks,109,Phoenix Suns,129,1,0.7804878048780488,6.94,114.8,107.3,7.5,99.8,0.6341463414634146,3.12,112.8,109.4,3.4,95.4,0.14634146341463417,3.8200000000000003,2.0,-2.1000000000000085,4.1,4.3999999999999915
2021-22,2022,2022-05-06,Miami Heat,79,Philadelphia 76ers,99,1,0.6219512195121951,2.57,113.5,110.8,2.7,96.2,0.6463414634146342,4.23,113.7,109.1,4.6,95.9,-0.024390243902439046,-1.6600000000000006,-0.20000000000000284,1.7000000000000028,-1.8999999999999995,0.29999999999999716
2021-22,2022,2022-05-06,Phoenix Suns,94,Dallas Mavericks,103,1,0.6341463414634146,3.12,112.8,109.4,3.4,95.4,0.7804878048780488,6.94,114.8,107.3,7.5,99.8,-0.14634146341463417,-3.8200000000000003,-2.0,2.1000000000000085,-4.1,-4.3999999999999915
2021-22,2022,2022-05-07,Boston Celtics,101,Milwaukee Bucks,103,1,0.6219512195121951,3.22,115.1,111.8,3.3,99.9,0.6219512195121951,7.02,114.4,106.9,7.5,96.6,0.0,-3.7999999999999994,0.6999999999999886,4.8999999999999915,-4.2,3.3000000000000114
2021-22,2022,2022-05-07,Memphis Grizzlies,112,Golden State Warriors,142,1,0.6463414634146342,5.52,112.5,106.9,5.6,98.4,0.6829268292682927,5.37,114.6,109.0,5.6,100.3,-0.03658536585365857,0.14999999999999947,-2.0999999999999943,-2.0999999999999943,0.0,-1.8999999999999915
2021-22,2022,2022-05-08,Phoenix Suns,101,Dallas Mavericks,111,1,0.6341463414634146,3.12,112.8,109.4,3.4,95.4,0.7804878048780488,6.94,114.8,107.3,7.5,99.8,-0.14634146341463417,-3.8200000000000003,-2.0,2.1000000000000085,-4.1,-4.3999999999999915
2021-22,2022,2022-05-08,Miami Heat,108,Philadelphia 76ers,116,1,0.6219512195121951,2.57,113.5,110.8,2.7,96.2,0.6463414634146342,4.23,113.7,109.1,4.6,95.9,-0.024390243902439046,-1.6600000000000006,-0.20000000000000284,1.7000000000000028,-1.8999999999999995,0.29999999999999716
2021-22,2022,2022-05-09,Boston Celtics,116,Milwaukee Bucks,108,0,0.6219512195121951,3.22,115.1,111.8,3.3,99.9,0.6219512195121951,7.02,114.4,106.9,7.5,96.6,0.0,-3.7999999999999994,0.6999999999999886,4.8999999999999915,-4.2,3.3000000000000114
2021-22,2022,2022-05-09,Memphis Grizzlies,98,Golden State Warriors,101,1,0.6463414634146342,5.52,112.5,106.9,5.6,98.4,0.6829268292682927,5.37,114.6,109.0,5.6,100.3,-0.03658536585365857,0.14999999999999947,-2.0999999999999943,-2.0999999999999943,0.0,-1.8999999999999915
2021-22,2022,2022-05-10,Philadelphia 76ers,85,Miami Heat,120,1,0.6463414634146342,4.23,113.7,109.1,4.6,95.9,0.6219512195121951,2.57,113.5,110.8,2.7,96.2,0.024390243902439046,1.6600000000000006,0.20000000000000284,-1.7000000000000028,1.8999999999999995,-0.29999999999999716
2021-22,2022,2022-05-10,Dallas Mavericks,80,Phoenix Suns,110,1,0.7804878048780488,6.94,114.8,107.3,7.5,99.8,0.6341463414634146,3.12,112.8,109.4,3.4,95.4,0.14634146341463417,3.8200000000000003,2.0,-2.1000000000000085,4.1,4.3999999999999915
2021-22,2022,2022-05-11,Milwaukee Bucks,110,Boston Celtics,107,0,0.6219512195121951,7.02,114.4,106.9,7.5,96.6,0.6219512195121951,3.22,115.1,111.8,3.3,99.9,0.0,3.7999999999999994,-0.6999999999999886,-4.8999999999999915,4.2,-3.3000000000000114
2021-22,2022,2022-05-11,Golden State Warriors,95,Memphis Grizzlies,134,1,0.6829268292682927,5.37,114.6,109.0,5.6,100.3,0.6463414634146342,5.52,112.5,106.9,5.6,98.4,0.03658536585365857,-0.14999999999999947,2.0999999999999943,2.0999999999999943,0.0,1.8999999999999915
2021-22,2022,2022-05-12,Miami Heat,99,Philadelphia 76ers,90,0,0.6219512195121951,2.57,113.5,110.8,2.7,96.2,0.6463414634146342,4.23,113.7,109.1,4.6,95.9,-0.024390243902439046,-1.6600000000000006,-0.20000000000000284,1.7000000000000028,-1.8999999999999995,0.29999999999999716
2021-22,2022,2022-05-12,Phoenix Suns,86,Dallas Mavericks,113,1,0.6341463414634146,3.12,112.8,109.4,3.4,95.4,0.7804878048780488,6.94,114.8,107.3,7.5,99.8,-0.14634146341463417,-3.8200000000000003,-2.0,2.1000000000000085,-4.1,-4.3999999999999915
2021-22,2022,2022-05-13,Boston Celtics,108,Milwaukee Bucks,95,0,0.6219512195121951,3.22,115.1,111.8,3.3,99.9,0.6219512195121951,7.02,114.4,106.9,7.5,96.6,0.0,-3.7999999999999994,0.6999999999999886,4.8999999999999915,-4.2,3.3000000000000114
2021-22,2022,2022-05-13,Memphis Grizzlies,96,Golden State Warriors,110,1,0.6463414634146342,5.52,112.5,106.9,5.6,98.4,0.6829268292682927,5.37,114.6,109.0,5.6,100.3,-0.03658536585365857,0.14999999999999947,-2.0999999999999943,-2.0999999999999943,0.0,-1.8999999999999915
2021-22,2022,2022-05-15,Milwaukee Bucks,81,Boston Celtics,109,1,0.6219512195121951,7.02,114.4,106.9,7.5,96.6,0.6219512195121951,3.22,115.1,111.8,3.3,99.9,0.0,3.7999999999999994,-0.6999999999999886,-4.8999999999999915,4.2,-3.3000000000000114
2021-22,2022,2022-05-15,Dallas Mavericks,123,Phoenix Suns,90,0,0.7804878048780488,6.94,114.8,107.3,7.5,99.8,0.6341463414634146,3.12,112.8,109.4,3.4,95.4,0.14634146341463417,3.8200000000000003,2.0,-2.1000000000000085,4.1,4.3999999999999915
2021-22,2022,2022-05-17,Boston Celtics,107,Miami Heat,118,1,0.6463414634146342,4.23,113.7,109.1,4.6,95.9,0.6219512195121951,7.02,114.4,106.9,7.5,96.6,0.024390243902439046,-2.789999999999999,-0.7000000000000028,2.1999999999999886,-2.9000000000000004,-0.6999999999999886
2021-22,2022,2022-05-18,Dallas Mavericks,87,Golden State Warriors,112,1,0.6463414634146342,5.52,112.5,106.9,5.6,98.4,0.6341463414634146,3.12,112.8,109.4,3.4,95.4,0.012195121951219523,2.3999999999999995,-0.29999999999999716,-2.5,2.1999999999999997,3.0
2021-22,2022,2022-05-19,Boston Celtics,127,Miami Heat,102,0,0.6463414634146342,4.23,113.7,109.1,4.6,95.9,0.6219512195121951,7.02,114.4,106.9,7.5,96.6,0.024390243902439046,-2.789999999999999,-0.7000000000000028,2.1999999999999886,-2.9000000000000004,-0.6999999999999886
2021-22,2022,2022-05-20,Dallas Mavericks,117,Golden State Warriors,126,1,0.6463414634146342,5.52,112.5,106.9,5.6,98.4,0.6341463414634146,3.12,112.8,109.4,3.4,95.4,0.012195121951219523,2.3999999999999995,-0.29999999999999716,-2.5,2.1999999999999997,3.0
2021-22,2022,2022-05-21,Miami Heat,109,Boston Celtics,103,0,0.6219512195121951,7.02,114.4,106.9,7.5,96.6,0.6463414634146342,4.23,113.7,109.1,4.6,95.9,-0.024390243902439046,2.789999999999999,0.7000000000000028,-2.1999999999999886,2.9000000000000004,0.6999999999999886
2021-22,2022,2022-05-22,Golden State Warriors,109,Dallas Mavericks,100,0,0.6341463414634146,3.12,112.8,109.4,3.4,95.4,0.6463414634146342,5.52,112.5,106.9,5.6,98.4,-0.012195121951219523,-2.3999999999999995,0.29999999999999716,2.5,-2.1999999999999997,-3.0
2021-22,2022,2022-05-23,Miami Heat,82,Boston Celtics,102,1,0.6219512195121951,7.02,114.4,106.9,7.5,96.6,0.6463414634146342,4.23,113.7,109.1,4.6,95.9,-0.024390243902439046,2.789999999999999,0.7000000000000028,-2.1999999999999886,2.9000000000000004,0.6999999999999886
2021-22,2022,2022-05-24,Golden State Warriors,109,Dallas Mavericks,119,1,0.6341463414634146,3.12,112.8,109.4,3.4,95.4,0.6463414634146342,5.52,112.5,106.9,5.6,98.4,-0.012195121951219523,-2.3999999999999995,0.29999999999999716,2.5,-2.1999999999999997,-3.0
2021-22,2022,2022-05-25,Boston Celtics,93,Miami Heat,80,0,0.6463414634146342,4.23,113.7,109.1,4.6,95.9,0.6219512195121951,7.02,114.4,106.9,7.5,96.6,0.024390243902439046,-2.789999999999999,-0.7000000000000028,2.1999999999999886,-2.9000000000000004,-0.6999999999999886
2021-22,2022,2022-05-26,Dallas Mavericks,110,Golden State Warriors,120,1,0.6463414634146342,5.52,112.5,106.9,5.6,98.4,0.6341463414634146,3.12,112.8,109.4,3.4,95.4,0.012195121951219523,2.3999999999999995,-0.29999999999999716,-2.5,2.1999999999999997,3.0
2021-22,2022,2022-05-27,Miami Heat,111,Boston Celtics,103,0,0.6219512195121951,7.02,114.4,106.9,7.5,96.6,0.6463414634146342,4.23,113.7,109.1,4.6,95.9,-0.024390243902439046,2.789999999999999,0.7000000000000028,-2.1999999999999886,2.9000000000000004,0.6999999999999886
2021-22,2022,2022-05-29,Boston Celtics,100,Miami Heat,96,0,0.6463414634146342,4.23,113.7,109.1,4.6,95.9,0.6219512195121951,7.02,114.4,106.9,7.5,96.6,0.024390243902439046,-2.789999999999999,-0.7000000000000028,2.1999999999999886,-2.9000000000000004,-0.6999999999999886
2021-22,2022,2022-06-02,Boston Celtics,120,Golden State Warriors,108,0,0.6463414634146342,5.52,112.5,106.9,5.6,98.4,0.6219512195121951,7.02,114.4,106.9,7.5,96.6,0.024390243902439046,-1.5,-1.9000000000000057,0.0,-1.9000000000000004,1.8000000000000114
2021-22,2022,2022-06-05,Boston Celtics,88,Golden State Warriors,107,1,0.6463414634146342,5.52,112.5,106.9,5.6,98.4,0.6219512195121951,7.02,114.4,106.9,7.5,96.6,0.024390243902439046,-1.5,-1.9000000000000057,0.0,-1.9000000000000004,1.8000000000000114
2021-22,2022,2022-06-08,Golden State Warriors,100,Boston Celtics,116,1,0.6219512195121951,7.02,114.4,106.9,7.5,96.6,0.6463414634146342,5.52,112.5,106.9,5.6,98.4,-0.024390243902439046,1.5,1.9000000000000057,0.0,1.9000000000000004,-1.8000000000000114
2021-22,2022,2022-06-10,Golden State Warriors,107,Boston Celtics,97,0,0.6219512195121951,7.02,114.4,106.9,7.5,96.6,0.6463414634146342,5.52,112.5,106.9,5.6,98.4,-0.024390243902439046,1.5,1.9000000000000057,0.0,1.9000000000000004,-1.8000000000000114
2021-22,2022,2022-06-13,Boston Celtics,94,Golden State Warriors,104,1,0.6463414634146342,5.52,112.5,106.9,5.6,98.4,0.6219512195121951,7.02,114.4,106.9,7.5,96.6,0.024390243902439046,-1.5,-1.9000000000000057,0.0,-1.9000000000000004,1.8000000000000114
2021-22,2022,2022-06-16,Golden State Warriors,103,Boston Celtics,90,0,0.6219512195121951,7.02,114.4,106.9,7.5,96.6,0.6463414634146342,5.52,112.5,106.9,5.6,98.4,-0.024390243902439046,1.5,1.9000000000000057,0.0,1.9000000000000004,-1.8000000000000114
2022-23,2023,2023-04-15,Brooklyn Nets,101,Philadelphia 76ers,121,1,0.6585365853658537,4.37,117.7,113.3,4.4,96.9,0.5487804878048781,1.03,115.0,114.1,0.9,98.3,0.1097560975609756,3.34,2.700000000000003,-0.7999999999999972,3.5000000000000004,-1.3999999999999915
2022-23,2023,2023-04-15,Atlanta Hawks,99,Boston Celtics,112,1,0.6951219512195121,6.38,118.0,111.5,6.5,98.5,0.5,0.32,116.6,116.3,0.3,100.7,0.19512195121951215,6.06,1.4000000000000057,-4.799999999999997,6.2,-2.200000000000003
2022-23,2023,2023-04-15,New York Knicks,101,Cleveland Cavaliers,97,0,0.6219512195121951,5.23,116.1,110.6,5.5,95.7,0.573170731707317,2.99,117.8,114.8,3.0,97.1,0.04878048780487809,2.24,-1.7000000000000028,-4.200000000000003,2.5,-1.3999999999999915
2022-23,2023,2023-04-15,Golden State Warriors,123,Sacramento Kings,126,1,0.5853658536585366,2.3,119.4,116.8,2.6,100.3,0.5365853658536586,1.66,116.1,114.4,1.7,101.6,0.04878048780487798,0.6399999999999999,3.3000000000000114,2.3999999999999915,0.9000000000000001,-1.2999999999999972
2022-23,2023,2023-04-16,Los Angeles Lakers,128,Memphis Grizzlies,112,0,0.6219512195121951,3.6,115.1,111.2,3.9,101.1,0.524390243902439,0.43,114.5,113.9,0.6,101.3,0.09756097560975607,3.17,0.5999999999999943,-2.700000000000003,3.3,-0.20000000000000284
2022-23,2023,2023-04-16,Miami Heat,130,Milwaukee Bucks,117,0,0.7073170731707317,3.61,115.4,111.9,3.5,100.5,0.5365853658536586,-0.13,113.0,113.3,-0.3,96.3,0.1707317073170731,3.7399999999999998,2.4000000000000057,-1.3999999999999915,3.8,4.200000000000003
2022-23,2023,2023-04-16,Los Angeles Clippers,115,Phoenix Suns,110,0,0.5487804878048781,2.08,115.1,113.0,2.1,98.2,0.5365853658536586,0.31,115.0,114.5,0.5,98.0,0.012195121951219523,1.77,0.09999999999999432,-1.5,1.6,0.20000000000000284
2022-23,2023,2023-04-16,Minnesota Timberwolves,80,Denver Nuggets,109,1,0.6463414634146342,3.04,117.6,114.2,3.4,98.1,0.5121951219512195,-0.22,113.7,113.8,-0.1,101.0,0.13414634146341464,3.2600000000000002,3.8999999999999915,0.4000000000000057,3.5,-2.9000000000000057
2022-23,2023,2023-04-17,Brooklyn Nets,84,Philadelphia 76ers,96,1,0.6585365853658537,4.37,117.7,113.3,4.4,96.9,0.5487804878048781,1.03,115.0,114.1,0.9,98.3,0.1097560975609756,3.34,2.700000000000003,-0.7999999999999972,3.5000000000000004,-1.3999999999999915
2022-23,2023,2023-04-17,Golden State Warriors,106,Sacramento Kings,114,1,0.5853658536585366,2.3,119.4,116.8,2.6,100.3,0.5365853658536586,1.66,116.1,114.4,1.7,101.6,0.04878048780487798,0.6399999999999999,3.3000000000000114,2.3999999999999915,0.9000000000000001,-1.2999999999999972
2022-23,2023,2023-04-18,Atlanta Hawks,106,Boston Celtics,119,1,0.6951219512195121,6.38,118.0,111.5,6.5,98.5,0.5,0.32,116.6,116.3,0.3,100.7,0.19512195121951215,6.06,1.4000000000000057,-4.799999999999997,6.2,-2.200000000000003
2022-23,2023,2023-04-18,New York Knicks,90,Cleveland Cavaliers,107,1,0.6219512195121951,5.23,116.1,110.6,5.5,95.7,0.573170731707317,2.99,117.8,114.8,3.0,97.1,0.04878048780487809,2.24,-1.7000000000000028,-4.200000000000003,2.5,-1.3999999999999915
2022-23,2023,2023-04-18,Los Angeles Clippers,109,Phoenix Suns,123,1,0.5487804878048781,2.08,115.1,113.0,2.1,98.2,0.5365853658536586,0.31,115.0,114.5,0.5,98.0,0.012195121951219523,1.77,0.09999999999999432,-1.5,1.6,0.20000000000000284
2022-23,2023,2023-04-19,Los Angeles Lakers,93,Memphis Grizzlies,103,1,0.6219512195121951,3.6,115.1,111.2,3.9,101.1,0.524390243902439,0.43,114.5,113.9,0.6,101.3,0.09756097560975607,3.17,0.5999999999999943,-2.700000000000003,3.3,-0.20000000000000284
2022-23,2023,2023-04-19,Miami Heat,122,Milwaukee Bucks,138,1,0.7073170731707317,3.61,115.4,111.9,3.5,100.5,0.5365853658536586,-0.13,113.0,113.3,-0.3,96.3,0.1707317073170731,3.7399999999999998,2.4000000000000057,-1.3999999999999915,3.8,4.200000000000003
2022-23,2023,2023-04-19,Minnesota Timberwolves,113,Denver Nuggets,122,1,0.6463414634146342,3.04,117.6,114.2,3.4,98.1,0.5121951219512195,-0.22,113.7,113.8,-0.1,101.0,0.13414634146341464,3.2600000000000002,3.8999999999999915,0.4000000000000057,3.5,-2.9000000000000057
2022-23,2023,2023-04-20,Philadelphia 76ers,102,Brooklyn Nets,97,0,0.5487804878048781,1.03,115.0,114.1,0.9,98.3,0.6585365853658537,4.37,117.7,113.3,4.4,96.9,-0.1097560975609756,-3.34,-2.700000000000003,0.7999999999999972,-3.5000000000000004,1.3999999999999915
2022-23,2023,2023-04-20,Sacramento Kings,97,Golden State Warriors,114,1,0.5365853658536586,1.66,116.1,114.4,1.7,101.6,0.5853658536585366,2.3,119.4,116.8,2.6,100.3,-0.04878048780487798,-0.6399999999999999,-3.3000000000000114,-2.3999999999999915,-0.9000000000000001,1.2999999999999972
2022-23,2023,2023-04-20,Phoenix Suns,129,Los Angeles Clippers,124,0,0.5365853658536586,0.31,115.0,114.5,0.5,98.0,0.5487804878048781,2.08,115.1,113.0,2.1,98.2,-0.012195121951219523,-1.77,-0.09999999999999432,1.5,-1.6,-0.20000000000000284
2022-23,2023,2023-04-21,Boston Celtics,122,Atlanta Hawks,130,1,0.5,0.32,116.6,116.3,0.3,100.7,0.6951219512195121,6.38,118.0,111.5,6.5,98.5,-0.19512195121951215,-6.06,-1.4000000000000057,4.799999999999997,-6.2,2.200000000000003
2022-23,2023,2023-04-21,Cleveland Cavaliers,79,New York Knicks,99,1,0.573170731707317,2.99,117.8,114.8,3.0,97.1,0.6219512195121951,5.23,116.1,110.6,5.5,95.7,-0.04878048780487809,-2.24,1.7000000000000028,4.200000000000003,-2.5,1.3999999999999915
2022-23,2023,2023-04-21,Denver Nuggets,120,Minnesota Timberwolves,111,0,0.5121951219512195,-0.22,113.7,113.8,-0.1,101.0,0.6463414634146342,3.04,117.6,114.2,3.4,98.1,-0.13414634146341464,-3.2600000000000002,-3.8999999999999915,-0.4000000000000057,-3.5,2.9000000000000057
2022-23,2023,2023-04-22,Philadelphia 76ers,96,Brooklyn Nets,88,0,0.5487804878048781,1.03,115.0,114.1,0.9,98.3,0.6585365853658537,4.37,117.7,113.3,4.4,96.9,-0.1097560975609756,-3.34,-2.700000000000003,0.7999999999999972,-3.5000000000000004,1.3999999999999915
2022-23,2023,2023-04-22,Phoenix Suns,112,Los Angeles Clippers,100,0,0.5365853658536586,0.31,115.0,114.5,0.5,98.0,0.5487804878048781,2.08,115.1,113.0,2.1,98.2,-0.012195121951219523,-1.77,-0.09999999999999432,1.5,-1.6,-0.20000000000000284
2022-23,2023,2023-04-22,Milwaukee Bucks,99,Miami Heat,121,1,0.5365853658536586,-0.13,113.0,113.3,-0.3,96.3,0.7073170731707317,3.61,115.4,111.9,3.5,100.5,-0.1707317073170731,-3.7399999999999998,-2.4000000000000057,1.3999999999999915,-3.8,-4.200000000000003
2022-23,2023,2023-04-22,Memphis Grizzlies,101,Los Angeles Lakers,111,1,0.524390243902439,0.43,114.5,113.9,0.6,101.3,0.6219512195121951,3.6,115.1,111.2,3.9,101.1,-0.09756097560975607,-3.17,-0.5999999999999943,2.700000000000003,-3.3,0.20000000000000284
2022-23,2023,2023-04-23,Cleveland Cavaliers,93,New York Knicks,102,1,0.573170731707317,2.99,117.8,114.8,3.0,97.1,0.6219512195121951,5.23,116.1,110.6,5.5,95.7,-0.04878048780487809,-2.24,1.7000000000000028,4.200000000000003,-2.5,1.3999999999999915
2022-23,2023,2023-04-23,Sacramento Kings,125,Golden State Warriors,126,1,0.5365853658536586,1.66,116.1,114.4,1.7,101.6,0.5853658536585366,2.3,119.4,116.8,2.6,100.3,-0.04878048780487798,-0.6399999999999999,-3.3000000000000114,-2.3999999999999915,-0.9000000000000001,1.2999999999999972
2022-23,2023,2023-04-23,Boston Celtics,129,Atlanta Hawks,121,0,0.5,0.32,116.6,116.3,0.3,100.7,0.6951219512195121,6.38,118.0,111.5,6.5,98.5,-0.19512195121951215,-6.06,-1.4000000000000057,4.799999999999997,-6.2,2.200000000000003
2022-23,2023,2023-04-23,Denver Nuggets,108,Minnesota Timberwolves,114,1,0.5121951219512195,-0.22,113.7,113.8,-0.1,101.0,0.6463414634146342,3.04,117.6,114.2,3.4,98.1,-0.13414634146341464,-3.2600000000000002,-3.8999999999999915,-0.4000000000000057,-3.5,2.9000000000000057
2022-23,2023,2023-04-24,Milwaukee Bucks,114,Miami Heat,119,1,0.5365853658536586,-0.13,113.0,113.3,-0.3,96.3,0.7073170731707317,3.61,115.4,111.9,3.5,100.5,-0.1707317073170731,-3.7399999999999998,-2.4000000000000057,1.3999999999999915,-3.8,-4.200000000000003
2022-23,2023,2023-04-24,Memphis Grizzlies,111,Los Angeles Lakers,117,1,0.524390243902439,0.43,114.5,113.9,0.6,101.3,0.6219512195121951,3.6,115.1,111.2,3.9,101.1,-0.09756097560975607,-3.17,-0.5999999999999943,2.700000000000003,-3.3,0.20000000000000284
2022-23,2023,2023-04-25,Atlanta Hawks,119,Boston Celtics,117,0,0.6951219512195121,6.38,118.0,111.5,6.5,98.5,0.5,0.32,116.6,116.3,0.3,100.7,0.19512195121951215,6.06,1.4000000000000057,-4.799999999999997,6.2,-2.200000000000003
2022-23,2023,2023-04-25,Minnesota Timberwolves,109,Denver Nuggets,112,1,0.6463414634146342,3.04,117.6,114.2,3.4,98.1,0.5121951219512195,-0.22,113.7,113.8,-0.1,101.0,0.13414634146341464,3.2600000000000002,3.8999999999999915,0.4000000000000057,3.5,-2.9000000000000057
2022-23,2023,2023-04-25,Los Angeles Clippers,130,Phoenix Suns,136,1,0.5487804878048781,2.08,115.1,113.0,2.1,98.2,0.5365853658536586,0.31,115.0,114.5,0.5,98.0,0.012195121951219523,1.77,0.09999999999999432,-1.5,1.6,0.20000000000000284
2022-23,2023,2023-04-26,New York Knicks,106,Cleveland Cavaliers,95,0,0.6219512195121951,5.23,116.1,110.6,5.5,95.7,0.573170731707317,2.99,117.8,114.8,3.0,97.1,0.04878048780487809,2.24,-1.7000000000000028,-4.200000000000003,2.5,-1.3999999999999915
2022-23,2023,2023-04-26,Los Angeles Lakers,99,Memphis Grizzlies,116,1,0.6219512195121951,3.6,115.1,111.2,3.9,101.1,0.524390243902439,0.43,114.5,113.9,0.6,101.3,0.09756097560975607,3.17,0.5999999999999943,-2.700000000000003,3.3,-0.20000000000000284
2022-23,2023,2023-04-26,Miami Heat,128,Milwaukee Bucks,126,0,0.7073170731707317,3.61,115.4,111.9,3.5,100.5,0.5365853658536586,-0.13,113.0,113.3,-0.3,96.3,0.1707317073170731,3.7399999999999998,2.4000000000000057,-1.3999999999999915,3.8,4.200000000000003
2022-23,2023,2023-04-26,Golden State Warriors,123,Sacramento Kings,116,0,0.5853658536585366,2.3,119.4,116.8,2.6,100.3,0.5365853658536586,1.66,116.1,114.4,1.7,101.6,0.04878048780487798,0.6399999999999999,3.3000000000000114,2.3999999999999915,0.9000000000000001,-1.2999999999999972
2022-23,2023,2023-04-27,Boston Celtics,128,Atlanta Hawks,120,0,0.5,0.32,116.6,116.3,0.3,100.7,0.6951219512195121,6.38,118.0,111.5,6.5,98.5,-0.19512195121951215,-6.06,-1.4000000000000057,4.799999999999997,-6.2,2.200000000000003
2022-23,2023,2023-04-28,Sacramento Kings,118,Golden State Warriors,99,0,0.5365853658536586,1.66,116.1,114.4,1.7,101.6,0.5853658536585366,2.3,119.4,116.8,2.6,100.3,-0.04878048780487798,-0.6399999999999999,-3.3000000000000114,-2.3999999999999915,-0.9000000000000001,1.2999999999999972
2022-23,2023,2023-04-28,Memphis Grizzlies,85,Los Angeles Lakers,125,1,0.524390243902439,0.43,114.5,113.9,0.6,101.3,0.6219512195121951,3.6,115.1,111.2,3.9,101.1,-0.09756097560975607,-3.17,-0.5999999999999943,2.700000000000003,-3.3,0.20000000000000284
2022-23,2023,2023-04-29,Phoenix Suns,107,Denver Nuggets,125,1,0.6463414634146342,3.04,117.6,114.2,3.4,98.1,0.5487804878048781,2.08,115.1,113.0,2.1,98.2,0.09756097560975607,0.96,2.5,1.2000000000000028,1.2999999999999998,-0.10000000000000853
2022-23,2023,2023-04-30,Miami Heat,108,New York Knicks,101,0,0.573170731707317,2.99,117.8,114.8,3.0,97.1,0.5365853658536586,-0.13,113.0,113.3,-0.3,96.3,0.03658536585365846,3.12,4.799999999999997,1.5,3.3,0.7999999999999972
2022-23,2023,2023-04-30,Golden State Warriors,120,Sacramento Kings,100,0,0.5853658536585366,2.3,119.4,116.8,2.6,100.3,0.5365853658536586,1.66,116.1,114.4,1.7,101.6,0.04878048780487798,0.6399999999999999,3.3000000000000114,2.3999999999999915,0.9000000000000001,-1.2999999999999972
2022-23,2023,2023-05-01,Philadelphia 76ers,119,Boston Celtics,115,0,0.6951219512195121,6.38,118.0,111.5,6.5,98.5,0.6585365853658537,4.37,117.7,113.3,4.4,96.9,0.03658536585365846,2.01,0.29999999999999716,-1.7999999999999972,2.0999999999999996,1.5999999999999943
2022-23,2023,2023-05-01,Phoenix Suns,87,Denver Nuggets,97,1,0.6463414634146342,3.04,117.6,114.2,3.4,98.1,0.5487804878048781,2.08,115.1,113.0,2.1,98.2,0.09756097560975607,0.96,2.5,1.2000000000000028,1.2999999999999998,-0.10000000000000853
2022-23,2023,2023-05-02,Miami Heat,105,New York Knicks,111,1,0.573170731707317,2.99,117.8,114.8,3.0,97.1,0.5365853658536586,-0.13,113.0,113.3,-0.3,96.3,0.03658536585365846,3.12,4.799999999999997,1.5,3.3,0.7999999999999972
2022-23,2023,2023-05-02,Los Angeles Lakers,117,Golden State Warriors,112,0,0.5365853658536586,1.66,116.1,114.4,1.7,101.6,0.524390243902439,0.43,114.5,113.9,0.6,101.3,0.012195121951219523,1.23,1.5999999999999943,0.5,1.1,0.29999999999999716
2022-23,2023,2023-05-03,Philadelphia 76ers,87,Boston Celtics,121,1,0.6951219512195121,6.38,118.0,111.5,6.5,98.5,0.6585365853658537,4.37,117.7,113.3,4.4,96.9,0.03658536585365846,2.01,0.29999999999999716,-1.7999999999999972,2.0999999999999996,1.5999999999999943
2022-23,2023,2023-05-04,Los Angeles Lakers,100,Golden State Warriors,127,1,0.5365853658536586,1.66,116.1,114.4,1.7,101.6,0.524390243902439,0.43,114.5,113.9,0.6,101.3,0.012195121951219523,1.23,1.5999999999999943,0.5,1.1,0.29999999999999716
2022-23,2023,2023-05-05,Boston Celtics,114,Philadelphia 76ers,102,0,0.6585365853658537,4.37,117.7,113.3,4.4,96.9,0.6951219512195121,6.38,118.0,111.5,6.5,98.5,-0.03658536585365846,-2.01,-0.29999999999999716,1.7999999999999972,-2.0999999999999996,-1.5999999999999943
2022-23,2023,2023-05-05,Denver Nuggets,114,Phoenix Suns,121,1,0.5487804878048781,2.08,115.1,113.0,2.1,98.2,0.6463414634146342,3.04,117.6,114.2,3.4,98.1,-0.09756097560975607,-0.96,-2.5,-1.2000000000000028,-1.2999999999999998,0.10000000000000853
2022-23,2023,2023-05-06,New York Knicks,86,Miami Heat,105,1,0.5365853658536586,-0.13,113.0,113.3,-0.3,96.3,0.573170731707317,2.99,117.8,114.8,3.0,97.1,-0.03658536585365846,-3.12,-4.799999999999997,-1.5,-3.3,-0.7999999999999972
2022-23,2023,2023-05-06,Golden State Warriors,97,Los Angeles Lakers,127,1,0.524390243902439,0.43,114.5,113.9,0.6,101.3,0.5365853658536586,1.66,116.1,114.4,1.7,101.6,-0.012195121951219523,-1.23,-1.5999999999999943,-0.5,-1.1,-0.29999999999999716
2022-23,2023,2023-05-07,Boston Celtics,115,Philadelphia 76ers,116,1,0.6585365853658537,4.37,117.7,113.3,4.4,96.9,0.6951219512195121,6.38,118.0,111.5,6.5,98.5,-0.03658536585365846,-2.01,-0.29999999999999716,1.7999999999999972,-2.0999999999999996,-1.5999999999999943
2022-23,2023,2023-05-07,Denver Nuggets,124,Phoenix Suns,129,1,0.5487804878048781,2.08,115.1,113.0,2.1,98.2,0.6463414634146342,3.04,117.6,114.2,3.4,98.1,-0.09756097560975607,-0.96,-2.5,-1.2000000000000028,-1.2999999999999998,0.10000000000000853
2022-23,2023,2023-05-08,New York Knicks,101,Miami Heat,109,1,0.5365853658536586,-0.13,113.0,113.3,-0.3,96.3,0.573170731707317,2.99,117.8,114.8,3.0,97.1,-0.03658536585365846,-3.12,-4.799999999999997,-1.5,-3.3,-0.7999999999999972
2022-23,2023,2023-05-08,Golden State Warriors,101,Los Angeles Lakers,104,1,0.524390243902439,0.43,114.5,113.9,0.6,101.3,0.5365853658536586,1.66,116.1,114.4,1.7,101.6,-0.012195121951219523,-1.23,-1.5999999999999943,-0.5,-1.1,-0.29999999999999716
2022-23,2023,2023-05-09,Philadelphia 76ers,115,Boston Celtics,103,0,0.6951219512195121,6.38,118.0,111.5,6.5,98.5,0.6585365853658537,4.37,117.7,113.3,4.4,96.9,0.03658536585365846,2.01,0.29999999999999716,-1.7999999999999972,2.0999999999999996,1.5999999999999943
2022-23,2023,2023-05-09,Phoenix Suns,102,Denver Nuggets,118,1,0.6463414634146342,3.04,117.6,114.2,3.4,98.1,0.5487804878048781,2.08,115.1,113.0,2.1,98.2,0.09756097560975607,0.96,2.5,1.2000000000000028,1.2999999999999998,-0.10000000000000853
2022-23,2023,2023-05-10,Miami Heat,103,New York Knicks,112,1,0.573170731707317,2.99,117.8,114.8,3.0,97.1,0.5365853658536586,-0.13,113.0,113.3,-0.3,96.3,0.03658536585365846,3.12,4.799999999999997,1.5,3.3,0.7999999999999972
2022-23,2023,2023-05-10,Los Angeles Lakers,106,Golden State Warriors,121,1,0.5365853658536586,1.66,116.1,114.4,1.7,101.6,0.524390243902439,0.43,114.5,113.9,0.6,101.3,0.012195121951219523,1.23,1.5999999999999943,0.5,1.1,0.29999999999999716
2022-23,2023,2023-05-11,Boston Celtics,95,Philadelphia 76ers,86,0,0.6585365853658537,4.37,117.7,113.3,4.4,96.9,0.6951219512195121,6.38,118.0,111.5,6.5,98.5,-0.03658536585365846,-2.01,-0.29999999999999716,1.7999999999999972,-2.0999999999999996,-1.5999999999999943
2022-23,2023,2023-05-11,Denver Nuggets,125,Phoenix Suns,100,0,0.5487804878048781,2.08,115.1,113.0,2.1,98.2,0.6463414634146342,3.04,117.6,114.2,3.4,98.1,-0.09756097560975607,-0.96,-2.5,-1.2000000000000028,-1.2999999999999998,0.10000000000000853
2022-23,2023,2023-05-12,New York Knicks,92,Miami Heat,96,1,0.5365853658536586,-0.13,113.0,113.3,-0.3,96.3,0.573170731707317,2.99,117.8,114.8,3.0,97.1,-0.03658536585365846,-3.12,-4.799999999999997,-1.5,-3.3,-0.7999999999999972
2022-23,2023,2023-05-12,Golden State Warriors,101,Los Angeles Lakers,122,1,0.524390243902439,0.43,114.5,113.9,0.6,101.3,0.5365853658536586,1.66,116.1,114.4,1.7,101.6,-0.012195121951219523,-1.23,-1.5999999999999943,-0.5,-1.1,-0.29999999999999716
2022-23,2023,2023-05-14,Philadelphia 76ers,88,Boston Celtics,112,1,0.6951219512195121,6.38,118.0,111.5,6.5,98.5,0.6585365853658537,4.37,117.7,113.3,4.4,96.9,0.03658536585365846,2.01,0.29999999999999716,-1.7999999999999972,2.0999999999999996,1.5999999999999943
2022-23,2023,2023-05-16,Los Angeles Lakers,126,Denver Nuggets,132,1,0.6463414634146342,3.04,117.6,114.2,3.4,98.1,0.524390243902439,0.43,114.5,113.9,0.6,101.3,0.12195121951219512,2.61,3.0999999999999943,0.29999999999999716,2.8,-3.200000000000003
2022-23,2023,2023-05-17,Miami Heat,123,Boston Celtics,116,0,0.6951219512195121,6.38,118.0,111.5,6.5,98.5,0.5365853658536586,-0.13,113.0,113.3,-0.3,96.3,0.15853658536585358,6.51,5.0,-1.7999999999999972,6.8,2.200000000000003
2022-23,2023,2023-05-18,Los Angeles Lakers,103,Denver Nuggets,108,1,0.6463414634146342,3.04,117.6,114.2,3.4,98.1,0.524390243902439,0.43,114.5,113.9,0.6,101.3,0.12195121951219512,2.61,3.0999999999999943,0.29999999999999716,2.8,-3.200000000000003
2022-23,2023,2023-05-19,Miami Heat,111,Boston Celtics,105,0,0.6951219512195121,6.38,118.0,111.5,6.5,98.5,0.5365853658536586,-0.13,113.0,113.3,-0.3,96.3,0.15853658536585358,6.51,5.0,-1.7999999999999972,6.8,2.200000000000003
2022-23,2023,2023-05-20,Denver Nuggets,119,Los Angeles Lakers,108,0,0.524390243902439,0.43,114.5,113.9,0.6,101.3,0.6463414634146342,3.04,117.6,114.2,3.4,98.1,-0.12195121951219512,-2.61,-3.0999999999999943,-0.29999999999999716,-2.8,3.200000000000003
2022-23,2023,2023-05-21,Boston Celtics,102,Miami Heat,128,1,0.5365853658536586,-0.13,113.0,113.3,-0.3,96.3,0.6951219512195121,6.38,118.0,111.5,6.5,98.5,-0.15853658536585358,-6.51,-5.0,1.7999999999999972,-6.8,-2.200000000000003
2022-23,2023,2023-05-22,Denver Nuggets,113,Los Angeles Lakers,111,0,0.524390243902439,0.43,114.5,113.9,0.6,101.3,0.6463414634146342,3.04,117.6,114.2,3.4,98.1,-0.12195121951219512,-2.61,-3.0999999999999943,-0.29999999999999716,-2.8,3.200000000000003
2022-23,2023,2023-05-23,Boston Celtics,116,Miami Heat,99,0,0.5365853658536586,-0.13,113.0,113.3,-0.3,96.3,0.6951219512195121,6.38,118.0,111.5,6.5,98.5,-0.15853658536585358,-6.51,-5.0,1.7999999999999972,-6.8,-2.200000000000003
2022-23,2023,2023-05-25,Miami Heat,97,Boston Celtics,110,1,0.6951219512195121,6.38,118.0,111.5,6.5,98.5,0.5365853658536586,-0.13,113.0,113.3,-0.3,96.3,0.15853658536585358,6.51,5.0,-1.7999999999999972,6.8,2.200000000000003
2022-23,2023,2023-05-27,Boston Celtics,104,Miami Heat,103,0,0.5365853658536586,-0.13,113.0,113.3,-0.3,96.3,0.6951219512195121,6.38,118.0,111.5,6.5,98.5,-0.15853658536585358,-6.51,-5.0,1.7999999999999972,-6.8,-2.200000000000003
2022-23,2023,2023-05-29,Miami Heat,103,Boston Celtics,84,0,0.6951219512195121,6.38,118.0,111.5,6.5,98.5,0.5365853658536586,-0.13,113.0,113.3,-0.3,96.3,0.15853658536585358,6.51,5.0,-1.7999999999999972,6.8,2.200000000000003
2022-23,2023,2023-06-01,Miami Heat,93,Denver Nuggets,104,1,0.6463414634146342,3.04,117.6,114.2,3.4,98.1,0.5365853658536586,-0.13,113.0,113.3,-0.3,96.3,0.1097560975609756,3.17,4.599999999999994,0.9000000000000057,3.6999999999999997,1.7999999999999972
2022-23,2023,2023-06-04,Miami Heat,111,Denver Nuggets,108,0,0.6463414634146342,3.04,117.6,114.2,3.4,98.1,0.5365853658536586,-0.13,113.0,113.3,-0.3,96.3,0.1097560975609756,3.17,4.599999999999994,0.9000000000000057,3.6999999999999997,1.7999999999999972
2022-23,2023,2023-06-07,Denver Nuggets,109,Miami Heat,94,0,0.5365853658536586,-0.13,113.0,113.3,-0.3,96.3,0.6463414634146342,3.04,117.6,114.2,3.4,98.1,-0.1097560975609756,-3.17,-4.599999999999994,-0.9000000000000057,-3.6999999999999997,-1.7999999999999972
2022-23,2023,2023-06-09,Denver Nuggets,108,Miami Heat,95,0,0.5365853658536586,-0.13,113.0,113.3,-0.3,96.3,0.6463414634146342,3.04,117.6,114.2,3.4,98.1,-0.1097560975609756,-3.17,-4.599999999999994,-0.9000000000000057,-3.6999999999999997,-1.7999999999999972
2022-23,2023,2023-06-12,Miami Heat,89,Denver Nuggets,94,1,0.6463414634146342,3.04,117.6,114.2,3.4,98.1,0.5365853658536586,-0.13,113.0,113.3,-0.3,96.3,0.1097560975609756,3.17,4.599999999999994,0.9000000000000057,3.6999999999999997,1.7999999999999972
2023-24,2024,2024-04-20,Orlando Magic,83,Cleveland Cavaliers,97,1,0.5853658536585366,1.98,115.2,112.7,2.5,97.2,0.573170731707317,1.48,113.4,111.3,2.1,96.9,0.012195121951219523,0.5,1.7999999999999972,1.4000000000000057,0.3999999999999999,0.29999999999999716
2023-24,2024,2024-04-20,Phoenix Suns,95,Minnesota Timberwolves,120,1,0.6829268292682927,6.39,115.6,109.0,6.6,97.1,0.5975609756097561,3.08,117.6,114.6,3.0,98.3,0.08536585365853666,3.3099999999999996,-2.0,-5.599999999999994,3.5999999999999996,-1.2000000000000028
2023-24,2024,2024-04-20,Philadelphia 76ers,104,New York Knicks,111,1,0.6097560975609756,4.36,118.2,113.4,4.8,95.2,0.573170731707317,2.51,116.9,113.8,3.1,97.5,0.03658536585365857,1.8500000000000005,1.2999999999999972,-0.3999999999999915,1.6999999999999997,-2.299999999999997
2023-24,2024,2024-04-20,Los Angeles Lakers,103,Denver Nuggets,114,1,0.6951219512195121,5.23,118.5,113.0,5.5,96.8,0.573170731707317,1.07,115.9,115.3,0.6,100.9,0.12195121951219512,4.16,2.5999999999999943,-2.299999999999997,4.9,-4.1000000000000085
2023-24,2024,2024-04-21,Miami Heat,94,Boston Celtics,114,1,0.7804878048780488,10.75,123.2,111.6,11.6,97.2,0.5609756097560976,1.1,114.0,112.2,1.8,96.2,0.2195121951219512,9.65,9.200000000000003,-0.6000000000000085,9.799999999999999,1.0
2023-24,2024,2024-04-21,Dallas Mavericks,97,Los Angeles Clippers,109,1,0.6219512195121951,3.41,118.8,115.4,3.4,97.2,0.6097560975609756,2.3,117.6,115.4,2.2,100.1,0.012195121951219523,1.1100000000000003,1.2000000000000028,0.0,1.1999999999999997,-2.8999999999999915
2023-24,2024,2024-04-21,Indiana Pacers,94,Milwaukee Bucks,109,1,0.5975609756097561,2.44,118.4,115.8,2.6,99.9,0.573170731707317,2.75,121.0,118.0,3.0,101.7,0.024390243902439046,-0.31000000000000005,-2.5999999999999943,-2.200000000000003,-0.3999999999999999,-1.7999999999999972
2023-24,2024,2024-04-21,New Orleans Pelicans,92,Oklahoma City Thunder,94,1,0.6951219512195121,7.36,119.5,112.1,7.4,99.8,0.5975609756097561,4.46,117.4,112.9,4.5,97.9,0.09756097560975607,2.9000000000000004,2.0999999999999943,-0.8000000000000114,2.9000000000000004,1.8999999999999915
2023-24,2024,2024-04-22,Orlando Magic,86,Cleveland Cavaliers,96,1,0.5853658536585366,1.98,115.2,112.7,2.5,97.2,0.573170731707317,1.48,113.4,111.3,2.1,96.9,0.012195121951219523,0.5,1.7999999999999972,1.4000000000000057,0.3999999999999999,0.29999999999999716
2023-24,2024,2024-04-22,Philadelphia 76ers,101,New York Knicks,104,1,0.6097560975609756,4.36,118.2,113.4,4.8,95.2,0.573170731707317,2.51,116.9,113.8,3.1,97.5,0.03658536585365857,1.8500000000000005,1.2999999999999972,-0.3999999999999915,1.6999999999999997,-2.299999999999997
2023-24,2024,2024-04-22,Los Angeles Lakers,99,Denver Nuggets,101,1,0.6951219512195121,5.23,118.5,113.0,5.5,96.8,0.573170731707317,1.07,115.9,115.3,0.6,100.9,0.12195121951219512,4.16,2.5999999999999943,-2.299999999999997,4.9,-4.1000000000000085
2023-24,2024,2024-04-23,Phoenix Suns,93,Minnesota Timberwolves,105,1,0.6829268292682927,6.39,115.6,109.0,6.6,97.1,0.5975609756097561,3.08,117.6,114.6,3.0,98.3,0.08536585365853666,3.3099999999999996,-2.0,-5.599999999999994,3.5999999999999996,-1.2000000000000028
2023-24,2024,2024-04-23,Indiana Pacers,125,Milwaukee Bucks,108,0,0.5975609756097561,2.44,118.4,115.8,2.6,99.9,0.573170731707317,2.75,121.0,118.0,3.0,101.7,0.024390243902439046,-0.31000000000000005,-2.5999999999999943,-2.200000000000003,-0.3999999999999999,-1.7999999999999972
2023-24,2024,2024-04-23,Dallas Mavericks,96,Los Angeles Clippers,93,0,0.6219512195121951,3.41,118.8,115.4,3.4,97.2,0.6097560975609756,2.3,117.6,115.4,2.2,100.1,0.012195121951219523,1.1100000000000003,1.2000000000000028,0.0,1.1999999999999997,-2.8999999999999915
2023-24,2024,2024-04-24,Miami Heat,111,Boston Celtics,101,0,0.7804878048780488,10.75,123.2,111.6,11.6,97.2,0.5609756097560976,1.1,114.0,112.2,1.8,96.2,0.2195121951219512,9.65,9.200000000000003,-0.6000000000000085,9.799999999999999,1.0
2023-24,2024,2024-04-24,New Orleans Pelicans,92,Oklahoma City Thunder,124,1,0.6951219512195121,7.36,119.5,112.1,7.4,99.8,0.5975609756097561,4.46,117.4,112.9,4.5,97.9,0.09756097560975607,2.9000000000000004,2.0999999999999943,-0.8000000000000114,2.9000000000000004,1.8999999999999915
2023-24,2024,2024-04-25,Cleveland Cavaliers,83,Orlando Magic,121,1,0.573170731707317,1.48,113.4,111.3,2.1,96.9,0.5853658536585366,1.98,115.2,112.7,2.5,97.2,-0.012195121951219523,-0.5,-1.7999999999999972,-1.4000000000000057,-0.3999999999999999,-0.29999999999999716
2023-24,2024,2024-04-25,New York Knicks,114,Philadelphia 76ers,125,1,0.573170731707317,2.51,116.9,113.8,3.1,97.5,0.6097560975609756,4.36,118.2,113.4,4.8,95.2,-0.03658536585365857,-1.8500000000000005,-1.2999999999999972,0.3999999999999915,-1.6999999999999997,2.299999999999997
2023-24,2024,2024-04-25,Denver Nuggets,112,Los Angeles Lakers,105,0,0.573170731707317,1.07,115.9,115.3,0.6,100.9,0.6951219512195121,5.23,118.5,113.0,5.5,96.8,-0.12195121951219512,-4.16,-2.5999999999999943,2.299999999999997,-4.9,4.1000000000000085
2023-24,2024,2024-04-26,Milwaukee Bucks,118,Indiana Pacers,121,1,0.573170731707317,2.75,121.0,118.0,3.0,101.7,0.5975609756097561,2.44,118.4,115.8,2.6,99.9,-0.024390243902439046,0.31000000000000005,2.5999999999999943,2.200000000000003,0.3999999999999999,1.7999999999999972
2023-24,2024,2024-04-26,Los Angeles Clippers,90,Dallas Mavericks,101,1,0.6097560975609756,2.3,117.6,115.4,2.2,100.1,0.6219512195121951,3.41,118.8,115.4,3.4,97.2,-0.012195121951219523,-1.1100000000000003,-1.2000000000000028,0.0,-1.1999999999999997,2.8999999999999915
2023-24,2024,2024-04-26,Minnesota Timberwolves,126,Phoenix Suns,109,0,0.5975609756097561,3.08,117.6,114.6,3.0,98.3,0.6829268292682927,6.39,115.6,109.0,6.6,97.1,-0.08536585365853666,-3.3099999999999996,2.0,5.599999999999994,-3.5999999999999996,1.2000000000000028
2023-24,2024,2024-04-27,Cleveland Cavaliers,89,Orlando Magic,112,1,0.573170731707317,1.48,113.4,111.3,2.1,96.9,0.5853658536585366,1.98,115.2,112.7,2.5,97.2,-0.012195121951219523,-0.5,-1.7999999999999972,-1.4000000000000057,-0.3999999999999999,-0.29999999999999716
2023-24,2024,2024-04-27,Oklahoma City Thunder,106,New Orleans Pelicans,85,0,0.5975609756097561,4.46,117.4,112.9,4.5,97.9,0.6951219512195121,7.36,119.5,112.1,7.4,99.8,-0.09756097560975607,-2.9000000000000004,-2.0999999999999943,0.8000000000000114,-2.9000000000000004,-1.8999999999999915
2023-24,2024,2024-04-27,Boston Celtics,104,Miami Heat,84,0,0.5609756097560976,1.1,114.0,112.2,1.8,96.2,0.7804878048780488,10.75,123.2,111.6,11.6,97.2,-0.2195121951219512,-9.65,-9.200000000000003,0.6000000000000085,-9.799999999999999,-1.0
2023-24,2024,2024-04-27,Denver Nuggets,108,Los Angeles Lakers,119,1,0.573170731707317,1.07,115.9,115.3,0.6,100.9,0.6951219512195121,5.23,118.5,113.0,5.5,96.8,-0.12195121951219512,-4.16,-2.5999999999999943,2.299999999999997,-4.9,4.1000000000000085
2023-24,2024,2024-04-28,New York Knicks,97,Philadelphia 76ers,92,0,0.573170731707317,2.51,116.9,113.8,3.1,97.5,0.6097560975609756,4.36,118.2,113.4,4.8,95.2,-0.03658536585365857,-1.8500000000000005,-1.2999999999999972,0.3999999999999915,-1.6999999999999997,2.299999999999997
2023-24,2024,2024-04-28,Los Angeles Clippers,116,Dallas Mavericks,111,0,0.6097560975609756,2.3,117.6,115.4,2.2,100.1,0.6219512195121951,3.41,118.8,115.4,3.4,97.2,-0.012195121951219523,-1.1100000000000003,-1.2000000000000028,0.0,-1.1999999999999997,2.8999999999999915
2023-24,2024,2024-04-28,Milwaukee Bucks,113,Indiana Pacers,126,1,0.573170731707317,2.75,121.0,118.0,3.0,101.7,0.5975609756097561,2.44,118.4,115.8,2.6,99.9,-0.024390243902439046,0.31000000000000005,2.5999999999999943,2.200000000000003,0.3999999999999999,1.7999999999999972
2023-24,2024,2024-04-28,Minnesota Timberwolves,122,Phoenix Suns,116,0,0.5975609756097561,3.08,117.6,114.6,3.0,98.3,0.6829268292682927,6.39,115.6,109.0,6.6,97.1,-0.08536585365853666,-3.3099999999999996,2.0,5.599999999999994,-3.5999999999999996,1.2000000000000028
2023-24,2024,2024-04-29,Boston Celtics,102,Miami Heat,88,0,0.5609756097560976,1.1,114.0,112.2,1.8,96.2,0.7804878048780488,10.75,123.2,111.6,11.6,97.2,-0.2195121951219512,-9.65,-9.200000000000003,0.6000000000000085,-9.799999999999999,-1.0
2023-24,2024,2024-04-29,Oklahoma City Thunder,97,New Orleans Pelicans,89,0,0.5975609756097561,4.46,117.4,112.9,4.5,97.9,0.6951219512195121,7.36,119.5,112.1,7.4,99.8,-0.09756097560975607,-2.9000000000000004,-2.0999999999999943,0.8000000000000114,-2.9000000000000004,-1.8999999999999915
2023-24,2024,2024-04-29,Los Angeles Lakers,106,Denver Nuggets,108,1,0.6951219512195121,5.23,118.5,113.0,5.5,96.8,0.573170731707317,1.07,115.9,115.3,0.6,100.9,0.12195121951219512,4.16,2.5999999999999943,-2.299999999999997,4.9,-4.1000000000000085
2023-24,2024,2024-04-30,Philadelphia 76ers,112,New York Knicks,106,0,0.6097560975609756,4.36,118.2,113.4,4.8,95.2,0.573170731707317,2.51,116.9,113.8,3.1,97.5,0.03658536585365857,1.8500000000000005,1.2999999999999972,-0.3999999999999915,1.6999999999999997,-2.299999999999997
2023-24,2024,2024-04-30,Orlando Magic,103,Cleveland Cavaliers,104,1,0.5853658536585366,1.98,115.2,112.7,2.5,97.2,0.573170731707317,1.48,113.4,111.3,2.1,96.9,0.012195121951219523,0.5,1.7999999999999972,1.4000000000000057,0.3999999999999999,0.29999999999999716
2023-24,2024,2024-04-30,Indiana Pacers,92,Milwaukee Bucks,115,1,0.5975609756097561,2.44,118.4,115.8,2.6,99.9,0.573170731707317,2.75,121.0,118.0,3.0,101.7,0.024390243902439046,-0.31000000000000005,-2.5999999999999943,-2.200000000000003,-0.3999999999999999,-1.7999999999999972
2023-24,2024,2024-05-01,Miami Heat,84,Boston Celtics,118,1,0.7804878048780488,10.75,123.2,111.6,11.6,97.2,0.5609756097560976,1.1,114.0,112.2,1.8,96.2,0.2195121951219512,9.65,9.200000000000003,-0.6000000000000085,9.799999999999999,1.0
2023-24,2024,2024-05-01,Dallas Mavericks,123,Los Angeles Clippers,93,0,0.6219512195121951,3.41,118.8,115.4,3.4,97.2,0.6097560975609756,2.3,117.6,115.4,2.2,100.1,0.012195121951219523,1.1100000000000003,1.2000000000000028,0.0,1.1999999999999997,-2.8999999999999915
2023-24,2024,2024-05-02,Milwaukee Bucks,98,Indiana Pacers,120,1,0.573170731707317,2.75,121.0,118.0,3.0,101.7,0.5975609756097561,2.44,118.4,115.8,2.6,99.9,-0.024390243902439046,0.31000000000000005,2.5999999999999943,2.200000000000003,0.3999999999999999,1.7999999999999972
2023-24,2024,2024-05-02,New York Knicks,118,Philadelphia 76ers,115,0,0.573170731707317,2.51,116.9,113.8,3.1,97.5,0.6097560975609756,4.36,118.2,113.4,4.8,95.2,-0.03658536585365857,-1.8500000000000005,-1.2999999999999972,0.3999999999999915,-1.6999999999999997,2.299999999999997
2023-24,2024,2024-05-03,Cleveland Cavaliers,96,Orlando Magic,103,1,0.573170731707317,1.48,113.4,111.3,2.1,96.9,0.5853658536585366,1.98,115.2,112.7,2.5,97.2,-0.012195121951219523,-0.5,-1.7999999999999972,-1.4000000000000057,-0.3999999999999999,-0.29999999999999716
2023-24,2024,2024-05-03,Los Angeles Clippers,101,Dallas Mavericks,114,1,0.6097560975609756,2.3,117.6,115.4,2.2,100.1,0.6219512195121951,3.41,118.8,115.4,3.4,97.2,-0.012195121951219523,-1.1100000000000003,-1.2000000000000028,0.0,-1.1999999999999997,2.8999999999999915
2023-24,2024,2024-05-04,Minnesota Timberwolves,106,Denver Nuggets,99,0,0.6951219512195121,5.23,118.5,113.0,5.5,96.8,0.6829268292682927,6.39,115.6,109.0,6.6,97.1,0.012195121951219412,-1.1599999999999993,2.9000000000000057,4.0,-1.0999999999999996,-0.29999999999999716
2023-24,2024,2024-05-05,Orlando Magic,94,Cleveland Cavaliers,106,1,0.5853658536585366,1.98,115.2,112.7,2.5,97.2,0.573170731707317,1.48,113.4,111.3,2.1,96.9,0.012195121951219523,0.5,1.7999999999999972,1.4000000000000057,0.3999999999999999,0.29999999999999716
2023-24,2024,2024-05-06,Indiana Pacers,117,New York Knicks,121,1,0.6097560975609756,4.36,118.2,113.4,4.8,95.2,0.573170731707317,2.75,121.0,118.0,3.0,101.7,0.03658536585365857,1.6100000000000003,-2.799999999999997,-4.599999999999994,1.7999999999999998,-6.5
2023-24,2024,2024-05-06,Minnesota Timberwolves,106,Denver Nuggets,80,0,0.6951219512195121,5.23,118.5,113.0,5.5,96.8,0.6829268292682927,6.39,115.6,109.0,6.6,97.1,0.012195121951219412,-1.1599999999999993,2.9000000000000057,4.0,-1.0999999999999996,-0.29999999999999716
2023-24,2024,2024-05-07,Cleveland Cavaliers,95,Boston Celtics,120,1,0.7804878048780488,10.75,123.2,111.6,11.6,97.2,0.5853658536585366,1.98,115.2,112.7,2.5,97.2,0.19512195121951226,8.77,8.0,-1.1000000000000085,9.1,0.0
2023-24,2024,2024-05-07,Dallas Mavericks,95,Oklahoma City Thunder,117,1,0.6951219512195121,7.36,119.5,112.1,7.4,99.8,0.6097560975609756,2.3,117.6,115.4,2.2,100.1,0.08536585365853655,5.0600000000000005,1.9000000000000057,-3.3000000000000114,5.2,-0.29999999999999716
2023-24,2024,2024-05-08,Indiana Pacers,121,New York Knicks,130,1,0.6097560975609756,4.36,118.2,113.4,4.8,95.2,0.573170731707317,2.75,121.0,118.0,3.0,101.7,0.03658536585365857,1.6100000000000003,-2.799999999999997,-4.599999999999994,1.7999999999999998,-6.5
2023-24,2024,2024-05-09,Cleveland Cavaliers,118,Boston Celtics,94,0,0.7804878048780488,10.75,123.2,111.6,11.6,97.2,0.5853658536585366,1.98,115.2,112.7,2.5,97.2,0.19512195121951226,8.77,8.0,-1.1000000000000085,9.1,0.0
2023-24,2024,2024-05-09,Dallas Mavericks,119,Oklahoma City Thunder,110,0,0.6951219512195121,7.36,119.5,112.1,7.4,99.8,0.6097560975609756,2.3,117.6,115.4,2.2,100.1,0.08536585365853655,5.0600000000000005,1.9000000000000057,-3.3000000000000114,5.2,-0.29999999999999716
2023-24,2024,2024-05-10,New York Knicks,106,Indiana Pacers,111,1,0.573170731707317,2.75,121.0,118.0,3.0,101.7,0.6097560975609756,4.36,118.2,113.4,4.8,95.2,-0.03658536585365857,-1.6100000000000003,2.799999999999997,4.599999999999994,-1.7999999999999998,6.5
2023-24,2024,2024-05-10,Denver Nuggets,117,Minnesota Timberwolves,90,0,0.6829268292682927,6.39,115.6,109.0,6.6,97.1,0.6951219512195121,5.23,118.5,113.0,5.5,96.8,-0.012195121951219412,1.1599999999999993,-2.9000000000000057,-4.0,1.0999999999999996,0.29999999999999716
2023-24,2024,2024-05-11,Oklahoma City Thunder,101,Dallas Mavericks,105,1,0.6097560975609756,2.3,117.6,115.4,2.2,100.1,0.6951219512195121,7.36,119.5,112.1,7.4,99.8,-0.08536585365853655,-5.0600000000000005,-1.9000000000000057,3.3000000000000114,-5.2,0.29999999999999716
2023-24,2024,2024-05-11,Boston Celtics,106,Cleveland Cavaliers,93,0,0.5853658536585366,1.98,115.2,112.7,2.5,97.2,0.7804878048780488,10.75,123.2,111.6,11.6,97.2,-0.19512195121951226,-8.77,-8.0,1.1000000000000085,-9.1,0.0
2023-24,2024,2024-05-12,New York Knicks,89,Indiana Pacers,121,1,0.573170731707317,2.75,121.0,118.0,3.0,101.7,0.6097560975609756,4.36,118.2,113.4,4.8,95.2,-0.03658536585365857,-1.6100000000000003,2.799999999999997,4.599999999999994,-1.7999999999999998,6.5
2023-24,2024,2024-05-12,Denver Nuggets,115,Minnesota Timberwolves,107,0,0.6829268292682927,6.39,115.6,109.0,6.6,97.1,0.6951219512195121,5.23,118.5,113.0,5.5,96.8,-0.012195121951219412,1.1599999999999993,-2.9000000000000057,-4.0,1.0999999999999996,0.29999999999999716
2023-24,2024,2024-05-13,Boston Celtics,109,Cleveland Cavaliers,102,0,0.5853658536585366,1.98,115.2,112.7,2.5,97.2,0.7804878048780488,10.75,123.2,111.6,11.6,97.2,-0.19512195121951226,-8.77,-8.0,1.1000000000000085,-9.1,0.0
2023-24,2024,2024-05-13,Oklahoma City Thunder,100,Dallas Mavericks,96,0,0.6097560975609756,2.3,117.6,115.4,2.2,100.1,0.6951219512195121,7.36,119.5,112.1,7.4,99.8,-0.08536585365853655,-5.0600000000000005,-1.9000000000000057,3.3000000000000114,-5.2,0.29999999999999716
2023-24,2024,2024-05-14,Indiana Pacers,91,New York Knicks,121,1,0.6097560975609756,4.36,118.2,113.4,4.8,95.2,0.573170731707317,2.75,121.0,118.0,3.0,101.7,0.03658536585365857,1.6100000000000003,-2.799999999999997,-4.599999999999994,1.7999999999999998,-6.5
2023-24,2024,2024-05-14,Minnesota Timberwolves,97,Denver Nuggets,112,1,0.6951219512195121,5.23,118.5,113.0,5.5,96.8,0.6829268292682927,6.39,115.6,109.0,6.6,97.1,0.012195121951219412,-1.1599999999999993,2.9000000000000057,4.0,-1.0999999999999996,-0.29999999999999716
2023-24,2024,2024-05-15,Cleveland Cavaliers,98,Boston Celtics,113,1,0.7804878048780488,10.75,123.2,111.6,11.6,97.2,0.5853658536585366,1.98,115.2,112.7,2.5,97.2,0.19512195121951226,8.77,8.0,-1.1000000000000085,9.1,0.0
2023-24,2024,2024-05-15,Dallas Mavericks,104,Oklahoma City Thunder,92,0,0.6951219512195121,7.36,119.5,112.1,7.4,99.8,0.6097560975609756,2.3,117.6,115.4,2.2,100.1,0.08536585365853655,5.0600000000000005,1.9000000000000057,-3.3000000000000114,5.2,-0.29999999999999716
2023-24,2024,2024-05-16,Denver Nuggets,70,Minnesota Timberwolves,115,1,0.6829268292682927,6.39,115.6,109.0,6.6,97.1,0.6951219512195121,5.23,118.5,113.0,5.5,96.8,-0.012195121951219412,1.1599999999999993,-2.9000000000000057,-4.0,1.0999999999999996,0.29999999999999716
2023-24,2024,2024-05-17,New York Knicks,103,Indiana Pacers,116,1,0.573170731707317,2.75,121.0,118.0,3.0,101.7,0.6097560975609756,4.36,118.2,113.4,4.8,95.2,-0.03658536585365857,-1.6100000000000003,2.799999999999997,4.599999999999994,-1.7999999999999998,6.5
2023-24,2024,2024-05-18,Oklahoma City Thunder,116,Dallas Mavericks,117,1,0.6097560975609756,2.3,117.6,115.4,2.2,100.1,0.6951219512195121,7.36,119.5,112.1,7.4,99.8,-0.08536585365853655,-5.0600000000000005,-1.9000000000000057,3.3000000000000114,-5.2,0.29999999999999716
2023-24,2024,2024-05-19,Indiana Pacers,130,New York Knicks,109,0,0.6097560975609756,4.36,118.2,113.4,4.8,95.2,0.573170731707317,2.75,121.0,118.0,3.0,101.7,0.03658536585365857,1.6100000000000003,-2.799999999999997,-4.599999999999994,1.7999999999999998,-6.5
2023-24,2024,2024-05-19,Minnesota Timberwolves,98,Denver Nuggets,90,0,0.6951219512195121,5.23,118.5,113.0,5.5,96.8,0.6829268292682927,6.39,115.6,109.0,6.6,97.1,0.012195121951219412,-1.1599999999999993,2.9000000000000057,4.0,-1.0999999999999996,-0.29999999999999716
2023-24,2024,2024-05-21,Indiana Pacers,128,Boston Celtics,133,1,0.7804878048780488,10.75,123.2,111.6,11.6,97.2,0.573170731707317,2.75,121.0,118.0,3.0,101.7,0.20731707317073178,8.0,2.200000000000003,-6.400000000000006,8.6,-4.5
2023-24,2024,2024-05-22,Dallas Mavericks,108,Minnesota Timberwolves,105,0,0.6829268292682927,6.39,115.6,109.0,6.6,97.1,0.6097560975609756,2.3,117.6,115.4,2.2,100.1,0.07317073170731714,4.09,-2.0,-6.400000000000006,4.3999999999999995,-3.0
2023-24,2024,2024-05-23,Indiana Pacers,110,Boston Celtics,126,1,0.7804878048780488,10.75,123.2,111.6,11.6,97.2,0.573170731707317,2.75,121.0,118.0,3.0,101.7,0.20731707317073178,8.0,2.200000000000003,-6.400000000000006,8.6,-4.5
2023-24,2024,2024-05-24,Dallas Mavericks,109,Minnesota Timberwolves,108,0,0.6829268292682927,6.39,115.6,109.0,6.6,97.1,0.6097560975609756,2.3,117.6,115.4,2.2,100.1,0.07317073170731714,4.09,-2.0,-6.400000000000006,4.3999999999999995,-3.0
2023-24,2024,2024-05-25,Boston Celtics,114,Indiana Pacers,111,0,0.573170731707317,2.75,121.0,118.0,3.0,101.7,0.7804878048780488,10.75,123.2,111.6,11.6,97.2,-0.20731707317073178,-8.0,-2.200000000000003,6.400000000000006,-8.6,4.5
2023-24,2024,2024-05-26,Minnesota Timberwolves,107,Dallas Mavericks,116,1,0.6097560975609756,2.3,117.6,115.4,2.2,100.1,0.6829268292682927,6.39,115.6,109.0,6.6,97.1,-0.07317073170731714,-4.09,2.0,6.400000000000006,-4.3999999999999995,3.0
2023-24,2024,2024-05-27,Boston Celtics,105,Indiana Pacers,102,0,0.573170731707317,2.75,121.0,118.0,3.0,101.7,0.7804878048780488,10.75,123.2,111.6,11.6,97.2,-0.20731707317073178,-8.0,-2.200000000000003,6.400000000000006,-8.6,4.5
2023-24,2024,2024-05-28,Minnesota Timberwolves,105,Dallas Mavericks,100,0,0.6097560975609756,2.3,117.6,115.4,2.2,100.1,0.6829268292682927,6.39,115.6,109.0,6.6,97.1,-0.07317073170731714,-4.09,2.0,6.400000000000006,-4.3999999999999995,3.0
2023-24,2024,2024-05-30,Dallas Mavericks,124,Minnesota Timberwolves,103,0,0.6829268292682927,6.39,115.6,109.0,6.6,97.1,0.6097560975609756,2.3,117.6,115.4,2.2,100.1,0.07317073170731714,4.09,-2.0,-6.400000000000006,4.3999999999999995,-3.0
2023-24,2024,2024-06-06,Dallas Mavericks,89,Boston Celtics,107,1,0.7804878048780488,10.75,123.2,111.6,11.6,97.2,0.6097560975609756,2.3,117.6,115.4,2.2,100.1,0.1707317073170732,8.45,5.6000000000000085,-3.8000000000000114,9.399999999999999,-2.8999999999999915
2023-24,2024,2024-06-09,Dallas Mavericks,98,Boston Celtics,105,1,0.7804878048780488,10.75,123.2,111.6,11.6,97.2,0.6097560975609756,2.3,117.6,115.4,2.2,100.1,0.1707317073170732,8.45,5.6000000000000085,-3.8000000000000114,9.399999999999999,-2.8999999999999915
2023-24,2024,2024-06-12,Boston Celtics,106,Dallas Mavericks,99,0,0.6097560975609756,2.3,117.6,115.4,2.2,100.1,0.7804878048780488,10.75,123.2,111.6,11.6,97.2,-0.1707317073170732,-8.45,-5.6000000000000085,3.8000000000000114,-9.399999999999999,2.8999999999999915
2023-24,2024,2024-06-14,Boston Celtics,84,Dallas Mavericks,122,1,0.6097560975609756,2.3,117.6,115.4,2.2,100.1,0.7804878048780488,10.75,123.2,111.6,11.6,97.2,-0.1707317073170732,-8.45,-5.6000000000000085,3.8000000000000114,-9.399999999999999,2.8999999999999915
2023-24,2024,2024-06-17,Dallas Mavericks,88,Boston Celtics,106,1,0.7804878048780488,10.75,123.2,111.6,11.6,97.2,0.6097560975609756,2.3,117.6,115.4,2.2,100.1,0.1707317073170732,8.45,5.6000000000000085,-3.8000000000000114,9.399999999999999,-2.8999999999999915
2024-25,2025,2025-04-19,Milwaukee Bucks,98,Indiana Pacers,117,1,0.6097560975609756,1.68,116.5,114.3,2.2,99.9,0.5853658536585366,2.12,115.9,113.4,2.5,99.3,0.024390243902439046,-0.44000000000000017,0.5999999999999943,0.8999999999999915,-0.2999999999999998,0.6000000000000085
2024-25,2025,2025-04-19,Los Angeles Clippers,110,Denver Nuggets,112,1,0.6097560975609756,3.97,119.9,116.0,3.9,99.8,0.6097560975609756,4.84,115.1,110.3,4.8,97.5,0.0,-0.8699999999999997,4.800000000000011,5.700000000000003,-0.8999999999999999,2.299999999999997
2024-25,2025,2025-04-19,Detroit Pistons,112,New York Knicks,123,1,0.6219512195121951,3.59,118.5,114.3,4.2,96.7,0.5365853658536586,1.73,115.0,113.1,1.9,99.8,0.08536585365853655,1.8599999999999999,3.5,1.2000000000000028,2.3000000000000003,-3.0999999999999943
2024-25,2025,2025-04-19,Minnesota Timberwolves,117,Los Angeles Lakers,95,0,0.6097560975609756,1.45,115.9,114.7,1.2,97.6,0.5975609756097561,5.15,116.6,111.5,5.1,97.3,0.012195121951219523,-3.7,-0.6999999999999886,3.200000000000003,-3.8999999999999995,0.29999999999999716
2024-25,2025,2025-04-20,Memphis Grizzlies,80,Oklahoma City Thunder,131,1,0.8292682926829268,12.7,120.3,107.5,12.8,100.0,0.5853658536585366,4.79,117.7,113.0,4.7,103.3,0.24390243902439024,7.909999999999999,2.5999999999999943,-5.5,8.100000000000001,-3.299999999999997
2024-25,2025,2025-04-20,Orlando Magic,86,Boston Celtics,103,1,0.7439024390243902,8.28,120.6,111.1,9.5,95.7,0.5,-0.7,109.4,109.6,-0.2,96.1,0.24390243902439024,8.979999999999999,11.199999999999989,1.5,9.7,-0.3999999999999915
2024-25,2025,2025-04-20,Miami Heat,100,Cleveland Cavaliers,121,1,0.7804878048780488,8.81,121.7,112.2,9.5,99.8,0.45121951219512196,0.11,113.5,112.9,0.6,96.2,0.32926829268292684,8.700000000000001,8.200000000000003,-0.7000000000000028,8.9,3.5999999999999943
2024-25,2025,2025-04-20,Golden State Warriors,95,Houston Rockets,85,0,0.6341463414634146,4.97,115.3,110.8,4.5,98.6,0.5853658536585366,3.56,115.0,111.7,3.3,98.7,0.04878048780487809,1.4099999999999997,0.29999999999999716,-0.9000000000000057,1.2000000000000002,-0.10000000000000853
2024-25,2025,2025-04-21,Detroit Pistons,100,New York Knicks,94,0,0.6219512195121951,3.59,118.5,114.3,4.2,96.7,0.5365853658536586,1.73,115.0,113.1,1.9,99.8,0.08536585365853655,1.8599999999999999,3.5,1.2000000000000028,2.3000000000000003,-3.0999999999999943
2024-25,2025,2025-04-21,Los Angeles Clippers,105,Denver Nuggets,102,0,0.6097560975609756,3.97,119.9,116.0,3.9,99.8,0.6097560975609756,4.84,115.1,110.3,4.8,97.5,0.0,-0.8699999999999997,4.800000000000011,5.700000000000003,-0.8999999999999999,2.299999999999997
2024-25,2025,2025-04-22,Milwaukee Bucks,115,Indiana Pacers,123,1,0.6097560975609756,1.68,116.5,114.3,2.2,99.9,0.5853658536585366,2.12,115.9,113.4,2.5,99.3,0.024390243902439046,-0.44000000000000017,0.5999999999999943,0.8999999999999915,-0.2999999999999998,0.6000000000000085
2024-25,2025,2025-04-22,Memphis Grizzlies,99,Oklahoma City Thunder,118,1,0.8292682926829268,12.7,120.3,107.5,12.8,100.0,0.5853658536585366,4.79,117.7,113.0,4.7,103.3,0.24390243902439024,7.909999999999999,2.5999999999999943,-5.5,8.100000000000001,-3.299999999999997
2024-25,2025,2025-04-22,Minnesota Timberwolves,85,Los Angeles Lakers,94,1,0.6097560975609756,1.45,115.9,114.7,1.2,97.6,0.5975609756097561,5.15,116.6,111.5,5.1,97.3,0.012195121951219523,-3.7,-0.6999999999999886,3.200000000000003,-3.8999999999999995,0.29999999999999716
2024-25,2025,2025-04-23,Orlando Magic,100,Boston Celtics,109,1,0.7439024390243902,8.28,120.6,111.1,9.5,95.7,0.5,-0.7,109.4,109.6,-0.2,96.1,0.24390243902439024,8.979999999999999,11.199999999999989,1.5,9.7,-0.3999999999999915
2024-25,2025,2025-04-23,Miami Heat,112,Cleveland Cavaliers,121,1,0.7804878048780488,8.81,121.7,112.2,9.5,99.8,0.45121951219512196,0.11,113.5,112.9,0.6,96.2,0.32926829268292684,8.700000000000001,8.200000000000003,-0.7000000000000028,8.9,3.5999999999999943
2024-25,2025,2025-04-23,Golden State Warriors,94,Houston Rockets,109,1,0.6341463414634146,4.97,115.3,110.8,4.5,98.6,0.5853658536585366,3.56,115.0,111.7,3.3,98.7,0.04878048780487809,1.4099999999999997,0.29999999999999716,-0.9000000000000057,1.2000000000000002,-0.10000000000000853
2024-25,2025,2025-04-24,New York Knicks,118,Detroit Pistons,116,0,0.5365853658536586,1.73,115.0,113.1,1.9,99.8,0.6219512195121951,3.59,118.5,114.3,4.2,96.7,-0.08536585365853655,-1.8599999999999999,-3.5,-1.2000000000000028,-2.3000000000000003,3.0999999999999943
2024-25,2025,2025-04-24,Oklahoma City Thunder,114,Memphis Grizzlies,108,0,0.5853658536585366,4.79,117.7,113.0,4.7,103.3,0.8292682926829268,12.7,120.3,107.5,12.8,100.0,-0.24390243902439024,-7.909999999999999,-2.5999999999999943,5.5,-8.100000000000001,3.299999999999997
2024-25,2025,2025-04-24,Denver Nuggets,83,Los Angeles Clippers,117,1,0.6097560975609756,4.84,115.1,110.3,4.8,97.5,0.6097560975609756,3.97,119.9,116.0,3.9,99.8,0.0,0.8699999999999997,-4.800000000000011,-5.700000000000003,0.8999999999999999,-2.299999999999997
2024-25,2025,2025-04-25,Boston Celtics,93,Orlando Magic,95,1,0.5,-0.7,109.4,109.6,-0.2,96.1,0.7439024390243902,8.28,120.6,111.1,9.5,95.7,-0.24390243902439024,-8.979999999999999,-11.199999999999989,-1.5,-9.7,0.3999999999999915
2024-25,2025,2025-04-25,Indiana Pacers,101,Milwaukee Bucks,117,1,0.5853658536585366,2.12,115.9,113.4,2.5,99.3,0.6097560975609756,1.68,116.5,114.3,2.2,99.9,-0.024390243902439046,0.44000000000000017,-0.5999999999999943,-0.8999999999999915,0.2999999999999998,-0.6000000000000085
2024-25,2025,2025-04-25,Los Angeles Lakers,104,Minnesota Timberwolves,116,1,0.5975609756097561,5.15,116.6,111.5,5.1,97.3,0.6097560975609756,1.45,115.9,114.7,1.2,97.6,-0.012195121951219523,3.7,0.6999999999999886,-3.200000000000003,3.8999999999999995,-0.29999999999999716
2024-25,2025,2025-04-26,Cleveland Cavaliers,124,Miami Heat,87,0,0.45121951219512196,0.11,113.5,112.9,0.6,96.2,0.7804878048780488,8.81,121.7,112.2,9.5,99.8,-0.32926829268292684,-8.700000000000001,-8.200000000000003,0.7000000000000028,-8.9,-3.5999999999999943
2024-25,2025,2025-04-26,Oklahoma City Thunder,117,Memphis Grizzlies,115,0,0.5853658536585366,4.79,117.7,113.0,4.7,103.3,0.8292682926829268,12.7,120.3,107.5,12.8,100.0,-0.24390243902439024,-7.909999999999999,-2.5999999999999943,5.5,-8.100000000000001,3.299999999999997
2024-25,2025,2025-04-26,Denver Nuggets,101,Los Angeles Clippers,99,0,0.6097560975609756,4.84,115.1,110.3,4.8,97.5,0.6097560975609756,3.97,119.9,116.0,3.9,99.8,0.0,0.8699999999999997,-4.800000000000011,-5.700000000000003,0.8999999999999999,-2.299999999999997
2024-25,2025,2025-04-26,Houston Rockets,93,Golden State Warriors,104,1,0.5853658536585366,3.56,115.0,111.7,3.3,98.7,0.6341463414634146,4.97,115.3,110.8,4.5,98.6,-0.04878048780487809,-1.4099999999999997,-0.29999999999999716,0.9000000000000057,-1.2000000000000002,0.10000000000000853
2024-25,2025,2025-04-27,New York Knicks,94,Detroit Pistons,93,0,0.5365853658536586,1.73,115.0,113.1,1.9,99.8,0.6219512195121951,3.59,118.5,114.3,4.2,96.7,-0.08536585365853655,-1.8599999999999999,-3.5,-1.2000000000000028,-2.3000000000000003,3.0999999999999943
2024-25,2025,2025-04-27,Los Angeles Lakers,113,Minnesota Timberwolves,116,1,0.5975609756097561,5.15,116.6,111.5,5.1,97.3,0.6097560975609756,1.45,115.9,114.7,1.2,97.6,-0.012195121951219523,3.7,0.6999999999999886,-3.200000000000003,3.8999999999999995,-0.29999999999999716
2024-25,2025,2025-04-27,Boston Celtics,107,Orlando Magic,98,0,0.5,-0.7,109.4,109.6,-0.2,96.1,0.7439024390243902,8.28,120.6,111.1,9.5,95.7,-0.24390243902439024,-8.979999999999999,-11.199999999999989,-1.5,-9.7,0.3999999999999915
2024-25,2025,2025-04-27,Indiana Pacers,129,Milwaukee Bucks,103,0,0.5853658536585366,2.12,115.9,113.4,2.5,99.3,0.6097560975609756,1.68,116.5,114.3,2.2,99.9,-0.024390243902439046,0.44000000000000017,-0.5999999999999943,-0.8999999999999915,0.2999999999999998,-0.6000000000000085
2024-25,2025,2025-04-28,Cleveland Cavaliers,138,Miami Heat,83,0,0.45121951219512196,0.11,113.5,112.9,0.6,96.2,0.7804878048780488,8.81,121.7,112.2,9.5,99.8,-0.32926829268292684,-8.700000000000001,-8.200000000000003,0.7000000000000028,-8.9,-3.5999999999999943
2024-25,2025,2025-04-28,Houston Rockets,106,Golden State Warriors,109,1,0.5853658536585366,3.56,115.0,111.7,3.3,98.7,0.6341463414634146,4.97,115.3,110.8,4.5,98.6,-0.04878048780487809,-1.4099999999999997,-0.29999999999999716,0.9000000000000057,-1.2000000000000002,0.10000000000000853
2024-25,2025,2025-04-29,Milwaukee Bucks,118,Indiana Pacers,119,1,0.6097560975609756,1.68,116.5,114.3,2.2,99.9,0.5853658536585366,2.12,115.9,113.4,2.5,99.3,0.024390243902439046,-0.44000000000000017,0.5999999999999943,0.8999999999999915,-0.2999999999999998,0.6000000000000085
2024-25,2025,2025-04-29,Detroit Pistons,106,New York Knicks,103,0,0.6219512195121951,3.59,118.5,114.3,4.2,96.7,0.5365853658536586,1.73,115.0,113.1,1.9,99.8,0.08536585365853655,1.8599999999999999,3.5,1.2000000000000028,2.3000000000000003,-3.0999999999999943
2024-25,2025,2025-04-29,Orlando Magic,89,Boston Celtics,120,1,0.7439024390243902,8.28,120.6,111.1,9.5,95.7,0.5,-0.7,109.4,109.6,-0.2,96.1,0.24390243902439024,8.979999999999999,11.199999999999989,1.5,9.7,-0.3999999999999915
2024-25,2025,2025-04-29,Los Angeles Clippers,115,Denver Nuggets,131,1,0.6097560975609756,3.97,119.9,116.0,3.9,99.8,0.6097560975609756,4.84,115.1,110.3,4.8,97.5,0.0,-0.8699999999999997,4.800000000000011,5.700000000000003,-0.8999999999999999,2.299999999999997
2024-25,2025,2025-04-30,Golden State Warriors,116,Houston Rockets,131,1,0.6341463414634146,4.97,115.3,110.8,4.5,98.6,0.5853658536585366,3.56,115.0,111.7,3.3,98.7,0.04878048780487809,1.4099999999999997,0.29999999999999716,-0.9000000000000057,1.2000000000000002,-0.10000000000000853
2024-25,2025,2025-04-30,Minnesota Timberwolves,103,Los Angeles Lakers,96,0,0.6097560975609756,1.45,115.9,114.7,1.2,97.6,0.5975609756097561,5.15,116.6,111.5,5.1,97.3,0.012195121951219523,-3.7,-0.6999999999999886,3.200000000000003,-3.8999999999999995,0.29999999999999716
2024-25,2025,2025-05-01,New York Knicks,116,Detroit Pistons,113,0,0.5365853658536586,1.73,115.0,113.1,1.9,99.8,0.6219512195121951,3.59,118.5,114.3,4.2,96.7,-0.08536585365853655,-1.8599999999999999,-3.5,-1.2000000000000028,-2.3000000000000003,3.0999999999999943
2024-25,2025,2025-05-01,Denver Nuggets,105,Los Angeles Clippers,111,1,0.6097560975609756,4.84,115.1,110.3,4.8,97.5,0.6097560975609756,3.97,119.9,116.0,3.9,99.8,0.0,0.8699999999999997,-4.800000000000011,-5.700000000000003,0.8999999999999999,-2.299999999999997
2024-25,2025,2025-05-02,Houston Rockets,115,Golden State Warriors,107,0,0.5853658536585366,3.56,115.0,111.7,3.3,98.7,0.6341463414634146,4.97,115.3,110.8,4.5,98.6,-0.04878048780487809,-1.4099999999999997,-0.29999999999999716,0.9000000000000057,-1.2000000000000002,0.10000000000000853
2024-25,2025,2025-05-03,Los Angeles Clippers,101,Denver Nuggets,120,1,0.6097560975609756,3.97,119.9,116.0,3.9,99.8,0.6097560975609756,4.84,115.1,110.3,4.8,97.5,0.0,-0.8699999999999997,4.800000000000011,5.700000000000003,-0.8999999999999999,2.299999999999997
2024-25,2025,2025-05-04,Indiana Pacers,121,Cleveland Cavaliers,112,0,0.7804878048780488,8.81,121.7,112.2,9.5,99.8,0.6097560975609756,1.68,116.5,114.3,2.2,99.9,0.1707317073170732,7.130000000000001,5.200000000000003,-2.0999999999999943,7.3,-0.10000000000000853
2024-25,2025,2025-05-04,Golden State Warriors,103,Houston Rockets,89,0,0.6341463414634146,4.97,115.3,110.8,4.5,98.6,0.5853658536585366,3.56,115.0,111.7,3.3,98.7,0.04878048780487809,1.4099999999999997,0.29999999999999716,-0.9000000000000057,1.2000000000000002,-0.10000000000000853
2024-25,2025,2025-05-05,New York Knicks,108,Boston Celtics,105,0,0.7439024390243902,8.28,120.6,111.1,9.5,95.7,0.6219512195121951,3.59,118.5,114.3,4.2,96.7,0.12195121951219512,4.6899999999999995,2.0999999999999943,-3.200000000000003,5.3,-1.0
2024-25,2025,2025-05-05,Denver Nuggets,121,Oklahoma City Thunder,119,0,0.8292682926829268,12.7,120.3,107.5,12.8,100.0,0.6097560975609756,3.97,119.9,116.0,3.9,99.8,0.2195121951219512,8.729999999999999,0.3999999999999915,-8.5,8.9,0.20000000000000284
2024-25,2025,2025-05-06,Indiana Pacers,120,Cleveland Cavaliers,119,0,0.7804878048780488,8.81,121.7,112.2,9.5,99.8,0.6097560975609756,1.68,116.5,114.3,2.2,99.9,0.1707317073170732,7.130000000000001,5.200000000000003,-2.0999999999999943,7.3,-0.10000000000000853
2024-25,2025,2025-05-06,Golden State Warriors,99,Minnesota Timberwolves,88,0,0.5975609756097561,5.15,116.6,111.5,5.1,97.3,0.5853658536585366,3.56,115.0,111.7,3.3,98.7,0.012195121951219523,1.5900000000000003,1.5999999999999943,-0.20000000000000284,1.7999999999999998,-1.4000000000000057
2024-25,2025,2025-05-07,New York Knicks,91,Boston Celtics,90,0,0.7439024390243902,8.28,120.6,111.1,9.5,95.7,0.6219512195121951,3.59,118.5,114.3,4.2,96.7,0.12195121951219512,4.6899999999999995,2.0999999999999943,-3.200000000000003,5.3,-1.0
2024-25,2025,2025-05-07,Denver Nuggets,106,Oklahoma City Thunder,149,1,0.8292682926829268,12.7,120.3,107.5,12.8,100.0,0.6097560975609756,3.97,119.9,116.0,3.9,99.8,0.2195121951219512,8.729999999999999,0.3999999999999915,-8.5,8.9,0.20000000000000284
2024-25,2025,2025-05-08,Golden State Warriors,93,Minnesota Timberwolves,117,1,0.5975609756097561,5.15,116.6,111.5,5.1,97.3,0.5853658536585366,3.56,115.0,111.7,3.3,98.7,0.012195121951219523,1.5900000000000003,1.5999999999999943,-0.20000000000000284,1.7999999999999998,-1.4000000000000057
2024-25,2025,2025-05-09,Cleveland Cavaliers,126,Indiana Pacers,104,0,0.6097560975609756,1.68,116.5,114.3,2.2,99.9,0.7804878048780488,8.81,121.7,112.2,9.5,99.8,-0.1707317073170732,-7.130000000000001,-5.200000000000003,2.0999999999999943,-7.3,0.10000000000000853
2024-25,2025,2025-05-09,Oklahoma City Thunder,104,Denver Nuggets,113,1,0.6097560975609756,3.97,119.9,116.0,3.9,99.8,0.8292682926829268,12.7,120.3,107.5,12.8,100.0,-0.2195121951219512,-8.729999999999999,-0.3999999999999915,8.5,-8.9,-0.20000000000000284
2024-25,2025,2025-05-10,Boston Celtics,115,New York Knicks,93,0,0.6219512195121951,3.59,118.5,114.3,4.2,96.7,0.7439024390243902,8.28,120.6,111.1,9.5,95.7,-0.12195121951219512,-4.6899999999999995,-2.0999999999999943,3.200000000000003,-5.3,1.0
2024-25,2025,2025-05-10,Minnesota Timberwolves,102,Golden State Warriors,97,0,0.5853658536585366,3.56,115.0,111.7,3.3,98.7,0.5975609756097561,5.15,116.6,111.5,5.1,97.3,-0.012195121951219523,-1.5900000000000003,-1.5999999999999943,0.20000000000000284,-1.7999999999999998,1.4000000000000057
2024-25,2025,2025-05-11,Oklahoma City Thunder,92,Denver Nuggets,87,0,0.6097560975609756,3.97,119.9,116.0,3.9,99.8,0.8292682926829268,12.7,120.3,107.5,12.8,100.0,-0.2195121951219512,-8.729999999999999,-0.3999999999999915,8.5,-8.9,-0.20000000000000284
2024-25,2025,2025-05-11,Cleveland Cavaliers,109,Indiana Pacers,129,1,0.6097560975609756,1.68,116.5,114.3,2.2,99.9,0.7804878048780488,8.81,121.7,112.2,9.5,99.8,-0.1707317073170732,-7.130000000000001,-5.200000000000003,2.0999999999999943,-7.3,0.10000000000000853
2024-25,2025,2025-05-12,Boston Celtics,113,New York Knicks,121,1,0.6219512195121951,3.59,118.5,114.3,4.2,96.7,0.7439024390243902,8.28,120.6,111.1,9.5,95.7,-0.12195121951219512,-4.6899999999999995,-2.0999999999999943,3.200000000000003,-5.3,1.0
2024-25,2025,2025-05-12,Minnesota Timberwolves,117,Golden State Warriors,110,0,0.5853658536585366,3.56,115.0,111.7,3.3,98.7,0.5975609756097561,5.15,116.6,111.5,5.1,97.3,-0.012195121951219523,-1.5900000000000003,-1.5999999999999943,0.20000000000000284,-1.7999999999999998,1.4000000000000057
2024-25,2025,2025-05-13,Indiana Pacers,114,Cleveland Cavaliers,105,0,0.7804878048780488,8.81,121.7,112.2,9.5,99.8,0.6097560975609756,1.68,116.5,114.3,2.2,99.9,0.1707317073170732,7.130000000000001,5.200000000000003,-2.0999999999999943,7.3,-0.10000000000000853
2024-25,2025,2025-05-13,Denver Nuggets,105,Oklahoma City Thunder,112,1,0.8292682926829268,12.7,120.3,107.5,12.8,100.0,0.6097560975609756,3.97,119.9,116.0,3.9,99.8,0.2195121951219512,8.729999999999999,0.3999999999999915,-8.5,8.9,0.20000000000000284
2024-25,2025,2025-05-14,New York Knicks,102,Boston Celtics,127,1,0.7439024390243902,8.28,120.6,111.1,9.5,95.7,0.6219512195121951,3.59,118.5,114.3,4.2,96.7,0.12195121951219512,4.6899999999999995,2.0999999999999943,-3.200000000000003,5.3,-1.0
2024-25,2025,2025-05-14,Golden State Warriors,110,Minnesota Timberwolves,121,1,0.5975609756097561,5.15,116.6,111.5,5.1,97.3,0.5853658536585366,3.56,115.0,111.7,3.3,98.7,0.012195121951219523,1.5900000000000003,1.5999999999999943,-0.20000000000000284,1.7999999999999998,-1.4000000000000057
2024-25,2025,2025-05-15,Oklahoma City Thunder,107,Denver Nuggets,119,1,0.6097560975609756,3.97,119.9,116.0,3.9,99.8,0.8292682926829268,12.7,120.3,107.5,12.8,100.0,-0.2195121951219512,-8.729999999999999,-0.3999999999999915,8.5,-8.9,-0.20000000000000284
2024-25,2025,2025-05-16,Boston Celtics,81,New York Knicks,119,1,0.6219512195121951,3.59,118.5,114.3,4.2,96.7,0.7439024390243902,8.28,120.6,111.1,9.5,95.7,-0.12195121951219512,-4.6899999999999995,-2.0999999999999943,3.200000000000003,-5.3,1.0
2024-25,2025,2025-05-18,Denver Nuggets,93,Oklahoma City Thunder,125,1,0.8292682926829268,12.7,120.3,107.5,12.8,100.0,0.6097560975609756,3.97,119.9,116.0,3.9,99.8,0.2195121951219512,8.729999999999999,0.3999999999999915,-8.5,8.9,0.20000000000000284
2024-25,2025,2025-05-20,Minnesota Timberwolves,88,Oklahoma City Thunder,114,1,0.8292682926829268,12.7,120.3,107.5,12.8,100.0,0.5975609756097561,5.15,116.6,111.5,5.1,97.3,0.23170731707317072,7.549999999999999,3.700000000000003,-4.0,7.700000000000001,2.700000000000003
2024-25,2025,2025-05-21,Indiana Pacers,138,New York Knicks,135,0,0.6219512195121951,3.59,118.5,114.3,4.2,96.7,0.6097560975609756,1.68,116.5,114.3,2.2,99.9,0.012195121951219523,1.91,2.0,0.0,2.0,-3.200000000000003
2024-25,2025,2025-05-22,Minnesota Timberwolves,103,Oklahoma City Thunder,118,1,0.8292682926829268,12.7,120.3,107.5,12.8,100.0,0.5975609756097561,5.15,116.6,111.5,5.1,97.3,0.23170731707317072,7.549999999999999,3.700000000000003,-4.0,7.700000000000001,2.700000000000003
2024-25,2025,2025-05-23,Indiana Pacers,114,New York Knicks,109,0,0.6219512195121951,3.59,118.5,114.3,4.2,96.7,0.6097560975609756,1.68,116.5,114.3,2.2,99.9,0.012195121951219523,1.91,2.0,0.0,2.0,-3.200000000000003
2024-25,2025,2025-05-24,Oklahoma City Thunder,101,Minnesota Timberwolves,143,1,0.5975609756097561,5.15,116.6,111.5,5.1,97.3,0.8292682926829268,12.7,120.3,107.5,12.8,100.0,-0.23170731707317072,-7.549999999999999,-3.700000000000003,4.0,-7.700000000000001,-2.700000000000003
2024-25,2025,2025-05-25,New York Knicks,106,Indiana Pacers,100,0,0.6097560975609756,1.68,116.5,114.3,2.2,99.9,0.6219512195121951,3.59,118.5,114.3,4.2,96.7,-0.012195121951219523,-1.91,-2.0,0.0,-2.0,3.200000000000003
2024-25,2025,2025-05-26,Oklahoma City Thunder,128,Minnesota Timberwolves,126,0,0.5975609756097561,5.15,116.6,111.5,5.1,97.3,0.8292682926829268,12.7,120.3,107.5,12.8,100.0,-0.23170731707317072,-7.549999999999999,-3.700000000000003,4.0,-7.700000000000001,-2.700000000000003
2024-25,2025,2025-05-27,New York Knicks,121,Indiana Pacers,130,1,0.6097560975609756,1.68,116.5,114.3,2.2,99.9,0.6219512195121951,3.59,118.5,114.3,4.2,96.7,-0.012195121951219523,-1.91,-2.0,0.0,-2.0,3.200000000000003
2024-25,2025,2025-05-28,Minnesota Timberwolves,94,Oklahoma City Thunder,124,1,0.8292682926829268,12.7,120.3,107.5,12.8,100.0,0.5975609756097561,5.15,116.6,111.5,5.1,97.3,0.23170731707317072,7.549999999999999,3.700000000000003,-4.0,7.700000000000001,2.700000000000003
2024-25,2025,2025-05-29,Indiana Pacers,94,New York Knicks,111,1,0.6219512195121951,3.59,118.5,114.3,4.2,96.7,0.6097560975609756,1.68,116.5,114.3,2.2,99.9,0.012195121951219523,1.91,2.0,0.0,2.0,-3.200000000000003
2024-25,2025,2025-05-31,New York Knicks,108,Indiana Pacers,125,1,0.6097560975609756,1.68,116.5,114.3,2.2,99.9,0.6219512195121951,3.59,118.5,114.3,4.2,96.7,-0.012195121951219523,-1.91,-2.0,0.0,-2.0,3.200000000000003
2024-25,2025,2025-06-05,Indiana Pacers,111,Oklahoma City Thunder,110,0,0.8292682926829268,12.7,120.3,107.5,12.8,100.0,0.6097560975609756,1.68,116.5,114.3,2.2,99.9,0.2195121951219512,11.02,3.799999999999997,-6.799999999999997,10.600000000000001,0.09999999999999432
2024-25,2025,2025-06-08,Indiana Pacers,107,Oklahoma City Thunder,123,1,0.8292682926829268,12.7,120.3,107.5,12.8,100.0,0.6097560975609756,1.68,116.5,114.3,2.2,99.9,0.2195121951219512,11.02,3.799999999999997,-6.799999999999997,10.600000000000001,0.09999999999999432
2024-25,2025,2025-06-11,Oklahoma City Thunder,107,Indiana Pacers,116,1,0.6097560975609756,1.68,116.5,114.3,2.2,99.9,0.8292682926829268,12.7,120.3,107.5,12.8,100.0,-0.2195121951219512,-11.02,-3.799999999999997,6.799999999999997,-10.600000000000001,-0.09999999999999432
2024-25,2025,2025-06-13,Oklahoma City Thunder,111,Indiana Pacers,104,0,0.6097560975609756,1.68,116.5,114.3,2.2,99.9,0.8292682926829268,12.7,120.3,107.5,12.8,100.0,-0.2195121951219512,-11.02,-3.799999999999997,6.799999999999997,-10.600000000000001,-0.09999999999999432
2024-25,2025,2025-06-16,Indiana Pacers,109,Oklahoma City Thunder,120,1,0.8292682926829268,12.7,120.3,107.5,12.8,100.0,0.6097560975609756,1.68,116.5,114.3,2.2,99.9,0.2195121951219512,11.02,3.799999999999997,-6.799999999999997,10.600000000000001,0.09999999999999432
2024-25,2025,2025-06-19,Oklahoma City Thunder,91,Indiana Pacers,108,1,0.6097560975609756,1.68,116.5,114.3,2.2,99.9,0.8292682926829268,12.7,120.3,107.5,12.8,100.0,-0.2195121951219512,-11.02,-3.799999999999997,6.799999999999997,-10.600000000000001,-0.09999999999999432
2024-25,2025,2025-06-22,Indiana Pacers,91,Oklahoma City Thunder,103,1,0.8292682926829268,12.7,120.3,107.5,12.8,100.0,0.6097560975609756,1.68,116.5,114.3,2.2,99.9,0.2195121951219512,11.02,3.799999999999997,-6.799999999999997,10.600000000000001,0.09999999999999432
